cv_repeat,response,method,tissue,standardized_sse,raw_sse,test_samples,standardized_mse,raw_mse
0,JAM2,ARMUL,brain_amygdala,44.341489731073246,12.372557364921756,152,0.29172032717811347,0.0813984037165905
0,JAM2,ARMUL,brain_anterior_cingulate_cortex_ba24,73.38307413692522,12.59648885101382,176,0.41694928486889327,0.07157095938076034
0,JAM2,ARMUL,brain_caudate_basal_ganglia,56.026880310880586,13.385411335309572,246,0.22775154597918937,0.05441224120044541
0,JAM2,ARMUL,brain_cerebellar_hemisphere,32.805603311229866,9.598653263114315,215,0.15258420144758078,0.044644898898206116
0,JAM2,ARMUL,brain_cerebellum,49.17716100177931,10.868971600871824,241,0.20405460996588926,0.045099467223534535
0,JAM2,ARMUL,brain_cortex,108.51211012659918,20.74413033969168,255,0.4255376867709772,0.08134953074388894
0,JAM2,ARMUL,brain_frontal_cortex_ba9,94.6030571426962,14.510229053492731,209,0.45264620642438375,0.06942693327030015
0,JAM2,ARMUL,brain_hypothalamus,77.21005898160013,22.492129442756564,202,0.3822280147603967,0.11134717545919091
0,JAM2,ARMUL,brain_nucleus_accumbens_basal_ganglia,65.83893072615825,19.749804804010502,246,0.2676379297811311,0.08028375936589635
0,JAM2,ARMUL,brain_putamen_basal_ganglia,39.89236771592776,9.234398046255913,205,0.1945969156874525,0.045045844128077626
0,JAM2,ARMUL,brain_spinal_cord_cervical_c-1,27.722887064712804,15.206624604353973,159,0.1743577802812126,0.09563914845505643
0,JAM2,COVER,brain_amygdala,44.09368709935301,12.25179332849562,152,0.2900900467062698,0.08060390347694486
0,JAM2,COVER,brain_anterior_cingulate_cortex_ba24,67.87175065442592,11.591700876404822,176,0.38563494690014727,0.06586193679775466
0,JAM2,COVER,brain_caudate_basal_ganglia,56.435955467948645,13.507216014891187,246,0.22941445312174247,0.05490738217435442
0,JAM2,COVER,brain_cerebellar_hemisphere,31.478128475422803,9.20158193688373,215,0.14640989988568745,0.04279805552038944
0,JAM2,COVER,brain_cerebellum,50.11875055905793,11.20371483542099,241,0.20796162057700385,0.04648844330050204
0,JAM2,COVER,brain_cortex,107.32129810306681,20.50246710282595,255,0.4208678356983012,0.08040183177578804
0,JAM2,COVER,brain_frontal_cortex_ba9,90.87037828192331,13.927416512453563,209,0.43478649895657084,0.06663835651891657
0,JAM2,COVER,brain_hypothalamus,74.8532609917697,21.83869865350569,202,0.37056069797905794,0.10811236957181035
0,JAM2,COVER,brain_nucleus_accumbens_basal_ganglia,63.29794548024011,19.001371263495134,246,0.2573087214643907,0.07724134659957371
0,JAM2,COVER,brain_putamen_basal_ganglia,39.18635830719355,9.031853214587176,205,0.19115296735216367,0.04405782055896183
0,JAM2,COVER,brain_spinal_cord_cervical_c-1,28.72555890832176,15.659752837767371,159,0.1806638925051683,0.09848901155828535
0,JAM2,FLARCC,brain_amygdala,46.402583369675924,13.008778134743704,152,0.30528015374786793,0.08558406667594542
0,JAM2,FLARCC,brain_anterior_cingulate_cortex_ba24,72.73824940518038,12.496231399058319,176,0.41328550798397945,0.07100131476737681
0,JAM2,FLARCC,brain_caudate_basal_ganglia,56.24782253901314,13.458405155134063,246,0.2286496851179396,0.05470896404526042
0,JAM2,FLARCC,brain_cerebellar_hemisphere,30.998742426084988,9.076649765514029,215,0.14418019733062784,0.042216975653553625
0,JAM2,FLARCC,brain_cerebellum,51.19677609211525,11.263353610577708,241,0.21243475556894295,0.04673590709783281
0,JAM2,FLARCC,brain_cortex,108.77587271089621,20.776795274878317,255,0.4265720498466518,0.08147762852893457
0,JAM2,FLARCC,brain_frontal_cortex_ba9,95.9156227143251,14.760224400061968,209,0.458926424470455,0.07062308325388501
0,JAM2,FLARCC,brain_hypothalamus,78.16947134178808,22.810796299629917,202,0.386977580899941,0.11292473415658374
0,JAM2,FLARCC,brain_nucleus_accumbens_basal_ganglia,67.46041867783843,20.23106988996416,246,0.2742293442188554,0.08224012150391935
0,JAM2,FLARCC,brain_putamen_basal_ganglia,40.40605177887018,9.357814990133882,205,0.19710269160424476,0.045647878000653085
0,JAM2,FLARCC,brain_spinal_cord_cervical_c-1,27.517273444846513,15.191220365726682,159,0.1730646128606699,0.0955422664511112
0,JAM2,HPS,brain_amygdala,47.432405761839846,13.15284396886803,152,0.31205530106473583,0.08653186821623704
0,JAM2,HPS,brain_anterior_cingulate_cortex_ba24,75.54943571440772,12.99169385996729,176,0.4292581574682257,0.07381644238617778
0,JAM2,HPS,brain_caudate_basal_ganglia,55.627678003838,13.301268831955465,246,0.2261287723733252,0.054070198503884004
0,JAM2,HPS,brain_cerebellar_hemisphere,30.38140396555574,8.893499620772479,215,0.14130885565374762,0.04136511451522083
0,JAM2,HPS,brain_cerebellum,48.94570966658714,10.779547091736013,241,0.20309423098168938,0.0447284111690291
0,JAM2,HPS,brain_cortex,108.42335479781363,20.713162650626536,255,0.4251896266580927,0.08122808882598642
0,JAM2,HPS,brain_frontal_cortex_ba9,99.38366013121089,15.278778522164739,209,0.4755199049340234,0.07310420345533368
0,JAM2,HPS,brain_hypothalamus,77.57674657140652,22.63996818154739,202,0.3840432998584481,0.11207905040369995
0,JAM2,HPS,brain_nucleus_accumbens_basal_ganglia,65.48299705007781,19.642442122164855,246,0.2661910449190155,0.07984732569985714
0,JAM2,HPS,brain_putamen_basal_ganglia,39.94878236745941,9.235302525246645,205,0.1948721091095581,0.045050256220715346
0,JAM2,HPS,brain_spinal_cord_cervical_c-1,26.50724412402594,14.652014579715752,159,0.1667122271951317,0.0921510350925519
0,JAM2,MMoE,brain_amygdala,53.99717392346312,14.97615421707027,152,0.3552445652859416,0.09852733037546231
0,JAM2,MMoE,brain_anterior_cingulate_cortex_ba24,77.40402369339073,13.35501617213114,176,0.43979558916699274,0.07588077370529057
0,JAM2,MMoE,brain_caudate_basal_ganglia,58.950282882032454,14.125021248279793,246,0.2396352962684246,0.05741878556211298
0,JAM2,MMoE,brain_cerebellar_hemisphere,29.364142042843437,8.637256107295542,215,0.1365774048504346,0.04017328421997927
0,JAM2,MMoE,brain_cerebellum,70.17933253288058,15.391815449426447,241,0.29120054992896505,0.06386645414699771
0,JAM2,MMoE,brain_cortex,115.48876018604774,22.179127521527615,255,0.4528970987688147,0.08697697067265732
0,JAM2,MMoE,brain_frontal_cortex_ba9,97.90033295028753,15.059078517419527,209,0.4684226456951557,0.07205300726038051
0,JAM2,MMoE,brain_hypothalamus,76.82583212177505,22.15311293390469,202,0.38032590159294577,0.10966887591041927
0,JAM2,MMoE,brain_nucleus_accumbens_basal_ganglia,73.37662971561082,22.050862985501134,246,0.2982789825837838,0.08963765441260624
0,JAM2,MMoE,brain_putamen_basal_ganglia,44.216208079987375,10.264670309368682,205,0.21568881990237743,0.05007156248472528
0,JAM2,MMoE,brain_spinal_cord_cervical_c-1,24.045826880219455,13.374494986623608,159,0.1512316155988645,0.08411632067058873
0,JAM2,Pool,brain_amygdala,45.41514036902232,12.749160330844148,152,0.2987838182172521,0.08387605480818519
0,JAM2,Pool,brain_anterior_cingulate_cortex_ba24,76.48903517578395,13.023231528374497,176,0.43459679077149976,0.073995633683946
0,JAM2,Pool,brain_caudate_basal_ganglia,66.37326224492118,15.976910813051905,246,0.26981000912569586,0.06494679192297523
0,JAM2,Pool,brain_cerebellar_hemisphere,40.955914911656926,11.958375405903702,215,0.19049262749607873,0.0556203507251335
0,JAM2,Pool,brain_cerebellum,71.92386121661332,15.858732053396217,241,0.2984392581602212,0.06580386744147808
0,JAM2,Pool,brain_cortex,113.16014574640768,21.51564108181626,255,0.44376527743689287,0.08437506306594611
0,JAM2,Pool,brain_frontal_cortex_ba9,99.64129612824037,15.32508687357907,209,0.4767526130537817,0.07332577451473239
0,JAM2,Pool,brain_hypothalamus,71.29070424310736,20.870685278090242,202,0.35292427843122454,0.1033202241489616
0,JAM2,Pool,brain_nucleus_accumbens_basal_ganglia,71.02159859197843,21.38199202283097,246,0.28870568533324564,0.08691866675947549
0,JAM2,Pool,brain_putamen_basal_ganglia,46.70744183715246,10.751416651130743,205,0.22784117969342663,0.0524459348835646
0,JAM2,Pool,brain_spinal_cord_cervical_c-1,32.63931562082904,18.271559142665062,159,0.20527871459640903,0.11491546630606957
0,JAM2,STL,brain_amygdala,45.47503297933456,12.66326279242409,152,0.2991778485482537,0.0833109394238427
0,JAM2,STL,brain_anterior_cingulate_cortex_ba24,90.0273799121494,15.349705908415121,176,0.5115192040463034,0.087214238115995
0,JAM2,STL,brain_caudate_basal_ganglia,64.80332588931006,15.515173353096781,246,0.2634281540215856,0.0630698103784422
0,JAM2,STL,brain_cerebellar_hemisphere,31.59601041994953,9.291861744153152,215,0.14695818799976526,0.04321796160071233
0,JAM2,STL,brain_cerebellum,51.63507642794734,11.336702951453308,241,0.21425342916160722,0.04704026120934983
0,JAM2,STL,brain_cortex,109.71395846081228,21.01847424542088,255,0.4302508174933815,0.08242538919772895
0,JAM2,STL,brain_frontal_cortex_ba9,104.47603661790009,16.141729226017613,209,0.49988534266937845,0.07723315419147184
0,JAM2,STL,brain_hypothalamus,70.25398865433719,20.319623854298886,202,0.3477920230412732,0.10059219729850934
0,JAM2,STL,brain_nucleus_accumbens_basal_ganglia,82.69850713967296,24.797201171550917,246,0.3361727932507031,0.10080163077866226
0,JAM2,STL,brain_putamen_basal_ganglia,50.27414868146947,11.655840549850833,205,0.24523974966570472,0.05685775877976016
0,JAM2,STL,brain_spinal_cord_cervical_c-1,26.53701170896761,14.455023166463551,159,0.16689944471048812,0.09091209538656321
0,SH2D2A,ARMUL,brain_amygdala,192.11050023094305,14.11672347836244,152,1.2638848699404148,0.09287318077870026
0,SH2D2A,ARMUL,brain_anterior_cingulate_cortex_ba24,174.23834991730763,14.392380392471845,176,0.989990624530157,0.08177488859359003
0,SH2D2A,ARMUL,brain_caudate_basal_ganglia,145.70195534460456,12.896551537021852,246,0.5922843713195307,0.05242500624805631
0,SH2D2A,ARMUL,brain_cerebellar_hemisphere,135.25531967314365,3.9324991376394896,215,0.6290945101076448,0.018290693663439488
0,SH2D2A,ARMUL,brain_cerebellum,129.55181814847595,8.02924163209003,241,0.5375594114044645,0.033316355319875646
0,SH2D2A,ARMUL,brain_cortex,119.7564484181164,10.751980747431963,255,0.4696331310514369,0.04216463038208613
0,SH2D2A,ARMUL,brain_frontal_cortex_ba9,92.72444217685765,9.379804457797617,209,0.4436576180710892,0.04487944716649577
0,SH2D2A,ARMUL,brain_hypothalamus,151.0908118255323,15.797280421078174,202,0.7479743159679817,0.07820435852018898
0,SH2D2A,ARMUL,brain_nucleus_accumbens_basal_ganglia,146.03046491068827,10.890159728407879,246,0.5936197760597084,0.04426894198539788
0,SH2D2A,ARMUL,brain_putamen_basal_ganglia,106.1242875027836,9.584834578694398,205,0.5176794512330908,0.04675529062777755
0,SH2D2A,ARMUL,brain_spinal_cord_cervical_c-1,98.19205810347893,16.64180144470945,159,0.6175601138583581,0.1046654178912544
0,SH2D2A,COVER,brain_amygdala,191.83967863274435,14.095110255711067,152,1.262103148899634,0.09273098852441491
0,SH2D2A,COVER,brain_anterior_cingulate_cortex_ba24,154.69731946254072,13.125325785464955,176,0.8789620424007996,0.07457571469014179
0,SH2D2A,COVER,brain_caudate_basal_ganglia,149.16478213625976,13.236584101138131,246,0.6063609029929259,0.05380725244365094
0,SH2D2A,COVER,brain_cerebellar_hemisphere,139.2737612152674,4.0463368782711395,215,0.6477849358849647,0.01882017152684251
0,SH2D2A,COVER,brain_cerebellum,129.1970164669511,8.00929746949126,241,0.5360872052570586,0.03323359945846996
0,SH2D2A,COVER,brain_cortex,121.99997226968995,10.978363898656944,255,0.4784312638027057,0.04305240744571351
0,SH2D2A,COVER,brain_frontal_cortex_ba9,94.61302378547057,9.590529231804888,209,0.45269389371038554,0.0458876996737076
0,SH2D2A,COVER,brain_hypothalamus,142.32718063384138,14.837254623933562,202,0.7045900031378286,0.07345175556402754
0,SH2D2A,COVER,brain_nucleus_accumbens_basal_ganglia,150.5340555060724,11.115540344596994,246,0.6119270549027334,0.0451851233520203
0,SH2D2A,COVER,brain_putamen_basal_ganglia,99.66842327009732,9.003287165092337,205,0.4861874305858406,0.04391847397606018
0,SH2D2A,COVER,brain_spinal_cord_cervical_c-1,90.79473228527662,15.334734482725398,159,0.571036052108658,0.0964448709605371
0,SH2D2A,FLARCC,brain_amygdala,193.36686016678559,14.60669954118961,152,1.2721503958341156,0.09609670750782638
0,SH2D2A,FLARCC,brain_anterior_cingulate_cortex_ba24,174.15926463503052,14.364958916291792,176,0.9895412763354007,0.08161908475165791
0,SH2D2A,FLARCC,brain_caudate_basal_ganglia,147.33153390164244,13.111613941070775,246,0.5989086743969205,0.05329924366288933
0,SH2D2A,FLARCC,brain_cerebellar_hemisphere,136.29165343596128,3.966353247218452,215,0.6339146671440059,0.01844815463822536
0,SH2D2A,FLARCC,brain_cerebellum,134.34453838975165,8.327458149397673,241,0.5574462173848617,0.03455376825476213
0,SH2D2A,FLARCC,brain_cortex,121.77478336602299,10.995118296377127,255,0.47754817006283523,0.043118110966184814
0,SH2D2A,FLARCC,brain_frontal_cortex_ba9,92.13475108259613,9.321084997672,209,0.44083612958179963,0.04459849281182775
0,SH2D2A,FLARCC,brain_hypothalamus,150.71487181298113,15.59915162457093,202,0.7461132267969363,0.07722352289391549
0,SH2D2A,FLARCC,brain_nucleus_accumbens_basal_ganglia,148.14319482866247,11.08042368275851,246,0.6022081090596035,0.04504237269414029
0,SH2D2A,FLARCC,brain_putamen_basal_ganglia,105.88072919190256,9.636550075920825,205,0.5164913619117198,0.04700756134595525
0,SH2D2A,FLARCC,brain_spinal_cord_cervical_c-1,97.95280523280472,16.621455779588715,159,0.6160553788226713,0.10453745773326235
0,SH2D2A,HPS,brain_amygdala,187.38802759714338,13.663587103226746,152,1.232815971033838,0.08989202041596543
0,SH2D2A,HPS,brain_anterior_cingulate_cortex_ba24,183.05622883257394,15.231685357578696,176,1.0400922092759883,0.08654366680442441
0,SH2D2A,HPS,brain_caudate_basal_ganglia,147.34119453372264,13.029050198225953,246,0.5989479452590352,0.05296361869197542
0,SH2D2A,HPS,brain_cerebellar_hemisphere,135.70883441822835,3.955025779766863,215,0.6312038810150156,0.01839546874310169
0,SH2D2A,HPS,brain_cerebellum,131.0140712847795,8.112075721518801,241,0.5436268518040643,0.033660065234517846
0,SH2D2A,HPS,brain_cortex,121.95689483837799,10.95127970372005,255,0.4782623326995215,0.04294619491654922
0,SH2D2A,HPS,brain_frontal_cortex_ba9,92.91554372584588,9.39188541985735,209,0.44457197954950184,0.04493725081271459
0,SH2D2A,HPS,brain_hypothalamus,154.76770567317172,16.123454242749492,202,0.7661767607582758,0.07981908040965095
0,SH2D2A,HPS,brain_nucleus_accumbens_basal_ganglia,146.27232532257483,10.908941125586825,246,0.5946029484657513,0.04434528912840173
0,SH2D2A,HPS,brain_putamen_basal_ganglia,111.31203359661721,10.045543012687071,205,0.5429855297395961,0.049002648842375957
0,SH2D2A,HPS,brain_spinal_cord_cervical_c-1,100.69124566414337,17.064159748577026,159,0.6332782746172538,0.10732175942501275
0,SH2D2A,MMoE,brain_amygdala,197.4032967985377,14.381445484461413,152,1.2987058999903796,0.09461477292408824
0,SH2D2A,MMoE,brain_anterior_cingulate_cortex_ba24,209.10672077049423,17.2336035210126,176,1.1881063680141717,0.09791820182393524
0,SH2D2A,MMoE,brain_caudate_basal_ganglia,173.83566181660882,15.329401569467002,246,0.7066490317748326,0.06231464052628863
0,SH2D2A,MMoE,brain_cerebellar_hemisphere,151.40187928883188,4.387812559093504,215,0.7041947873899157,0.02040843050741165
0,SH2D2A,MMoE,brain_cerebellum,130.8522299824431,8.109243005622012,241,0.5429553111304694,0.033648311226647354
0,SH2D2A,MMoE,brain_cortex,127.67646968537301,11.500990548293105,255,0.5006920379818549,0.04510192371879649
0,SH2D2A,MMoE,brain_frontal_cortex_ba9,95.23099923172867,9.66790704751654,209,0.4556507140274099,0.046257928457016935
0,SH2D2A,MMoE,brain_hypothalamus,173.35075621529938,17.152652042682945,202,0.8581720604717791,0.0849141190231829
0,SH2D2A,MMoE,brain_nucleus_accumbens_basal_ganglia,167.68824667236393,12.39695524164949,246,0.6816595393185526,0.050394126998575164
0,SH2D2A,MMoE,brain_putamen_basal_ganglia,126.46302432346481,11.58076257321106,205,0.6168928015778771,0.05649152474737103
0,SH2D2A,MMoE,brain_spinal_cord_cervical_c-1,106.98065759017729,18.103457072342884,159,0.6728343244665238,0.11385822058077286
0,SH2D2A,Pool,brain_amygdala,195.41720020280002,14.813127224245664,152,1.2856394750184212,0.09745478437003725
0,SH2D2A,Pool,brain_anterior_cingulate_cortex_ba24,148.24862468994513,12.234475660219529,176,0.84232173119287,0.06951406625124733
0,SH2D2A,Pool,brain_caudate_basal_ganglia,149.40468689315526,13.232930684344502,246,0.607336125581932,0.053792401155871965
0,SH2D2A,Pool,brain_cerebellar_hemisphere,130.3191898862512,3.752821777343251,215,0.6061357669127962,0.017454985010898844
0,SH2D2A,Pool,brain_cerebellum,121.41907838844509,7.474256953679165,241,0.5038136032715563,0.031013514330618944
0,SH2D2A,Pool,brain_cortex,128.2883728436209,11.619292001382009,255,0.503091658210278,0.0455658509858118
0,SH2D2A,Pool,brain_frontal_cortex_ba9,89.15594215372653,9.021520210813414,209,0.4265834552809882,0.043165168472791456
0,SH2D2A,Pool,brain_hypothalamus,136.07558555176547,14.307596443636939,202,0.6736415126325024,0.0708296853645393
0,SH2D2A,Pool,brain_nucleus_accumbens_basal_ganglia,161.34664764854173,12.120736366189393,246,0.6558806814981372,0.049271286041420295
0,SH2D2A,Pool,brain_putamen_basal_ganglia,98.68656577233975,8.869692080301313,205,0.48139788181629145,0.04326679063561616
0,SH2D2A,Pool,brain_spinal_cord_cervical_c-1,95.61320725664987,16.206651199324288,159,0.601340926142452,0.1019286238951213
0,SH2D2A,STL,brain_amygdala,202.05160657084053,14.834653251780386,152,1.3292868853344773,0.09759640297223938
0,SH2D2A,STL,brain_anterior_cingulate_cortex_ba24,212.65092012282835,17.555273017048396,176,1.208243864334252,0.0997458694150477
0,SH2D2A,STL,brain_caudate_basal_ganglia,172.63933137843108,15.296194310454233,246,0.7017858999123214,0.06217965166851314
0,SH2D2A,STL,brain_cerebellar_hemisphere,159.4178853568572,4.61879979400258,215,0.7414785365435218,0.021482789739546884
0,SH2D2A,STL,brain_cerebellum,132.91381412042637,8.2096649870716,241,0.5515096021594456,0.03406499994635519
0,SH2D2A,STL,brain_cortex,129.76237438649554,11.684908214163848,255,0.5088720564176296,0.04582316946730921
0,SH2D2A,STL,brain_frontal_cortex_ba9,98.45451267793274,10.005263225528013,209,0.4710742233393911,0.04787207284941633
0,SH2D2A,STL,brain_hypothalamus,176.79566394907545,17.602778109361,202,0.8752260591538389,0.08714246588792575
0,SH2D2A,STL,brain_nucleus_accumbens_basal_ganglia,170.1893797037059,12.427560910841523,246,0.6918267467630321,0.05051854028797367
0,SH2D2A,STL,brain_putamen_basal_ganglia,139.44731133430432,12.594941252556124,205,0.6802307869966064,0.06143873781734695
0,SH2D2A,STL,brain_spinal_cord_cervical_c-1,102.58969066321508,17.46462671918285,159,0.645218180271793,0.1098404196175022
1,JAM2,ARMUL,brain_amygdala,37.58173982819193,10.787922823912345,152,0.24724828834336796,0.07097317647310752
1,JAM2,ARMUL,brain_anterior_cingulate_cortex_ba24,76.22744244323114,12.272074681066778,176,0.43311046842744966,0.06972769705151578
1,JAM2,ARMUL,brain_caudate_basal_ganglia,50.74389237533718,12.065338954633468,246,0.20627598526559832,0.049046093311518164
1,JAM2,ARMUL,brain_cerebellar_hemisphere,28.36256874888395,8.353669163748576,215,0.13191892441341374,0.03885427518022593
1,JAM2,ARMUL,brain_cerebellum,51.84889437629177,11.188828662727815,241,0.215140640565526,0.04642667494907807
1,JAM2,ARMUL,brain_cortex,106.59200658376116,19.516684385953273,255,0.4180078689559261,0.07653601719981676
1,JAM2,ARMUL,brain_frontal_cortex_ba9,92.58850416930706,14.369644796443566,209,0.44300719698233043,0.0687542813226965
1,JAM2,ARMUL,brain_hypothalamus,58.22944864465952,16.89859662327551,202,0.2882645972507897,0.08365641892710649
1,JAM2,ARMUL,brain_nucleus_accumbens_basal_ganglia,68.04056093925537,20.207934972807337,246,0.276587646094534,0.08214607712523307
1,JAM2,ARMUL,brain_putamen_basal_ganglia,40.21821729782568,9.604763062132225,205,0.1961864258430521,0.046852502742108414
1,JAM2,ARMUL,brain_spinal_cord_cervical_c-1,27.458213255510405,15.353225304406106,159,0.17269316512899627,0.09656116543651638
1,JAM2,COVER,brain_amygdala,38.961551251977525,11.173216023888727,152,0.2563259950787995,0.07350800015716268
1,JAM2,COVER,brain_anterior_cingulate_cortex_ba24,75.12949088523253,12.138335086183284,176,0.42687210730245756,0.06896781298967775
1,JAM2,COVER,brain_caudate_basal_ganglia,51.18831625217638,12.151917104815675,246,0.2080825863909609,0.049398037011445836
1,JAM2,COVER,brain_cerebellar_hemisphere,28.55791880295173,8.410885778242656,215,0.13282752931605454,0.039120398968570495
1,JAM2,COVER,brain_cerebellum,51.85743831105478,11.181723598805828,241,0.21517609257699077,0.046397193356040776
1,JAM2,COVER,brain_cortex,105.99470649628148,19.42014888419357,255,0.4156655156716921,0.07615744660468067
1,JAM2,COVER,brain_frontal_cortex_ba9,91.874953571854,14.19150230668954,209,0.4395930792911674,0.06790192491239014
1,JAM2,COVER,brain_hypothalamus,58.88846103807076,17.03806943119693,202,0.29152703484193443,0.08434687837226203
1,JAM2,COVER,brain_nucleus_accumbens_basal_ganglia,68.41944870558486,20.30639166164795,246,0.2781278402666051,0.0825463075676746
1,JAM2,COVER,brain_putamen_basal_ganglia,40.20651210132683,9.601955875287917,205,0.19612932732354552,0.046838809147745936
1,JAM2,COVER,brain_spinal_cord_cervical_c-1,27.137491309696003,15.202060899405918,159,0.17067604597293085,0.09561044590821333
1,JAM2,FLARCC,brain_amygdala,38.69068365235621,11.112459281028688,152,0.25454397139708035,0.0731082847436098
1,JAM2,FLARCC,brain_anterior_cingulate_cortex_ba24,76.2635314965183,12.42496233328688,176,0.43331551986658123,0.07059637689367546
1,JAM2,FLARCC,brain_caudate_basal_ganglia,53.145814706156614,12.665189915052387,246,0.21603989717949842,0.05148451184980645
1,JAM2,FLARCC,brain_cerebellar_hemisphere,28.35442541797824,8.35184158158307,215,0.13188104845571275,0.03884577479806079
1,JAM2,FLARCC,brain_cerebellum,51.483992655924716,11.093636423864933,241,0.2136265255432561,0.046031686406078555
1,JAM2,FLARCC,brain_cortex,108.4429554455386,19.899388303742963,255,0.42526649194328864,0.07803681687742338
1,JAM2,FLARCC,brain_frontal_cortex_ba9,93.4484371734937,14.472516083010063,209,0.4471217089640847,0.06924648843545485
1,JAM2,FLARCC,brain_hypothalamus,60.800705805087404,17.62523832303149,202,0.3009935930944921,0.08725365506451233
1,JAM2,FLARCC,brain_nucleus_accumbens_basal_ganglia,71.13864560977316,21.17282925225133,246,0.2891814862185901,0.0860684115945176
1,JAM2,FLARCC,brain_putamen_basal_ganglia,41.55843041610367,9.905651209384924,205,0.2027240508102618,0.04832024980187768
1,JAM2,FLARCC,brain_spinal_cord_cervical_c-1,28.193245214362605,15.788050190743977,159,0.17731600763750066,0.09929591314933318
1,JAM2,HPS,brain_amygdala,35.90848161232259,10.29427160263035,152,0.23624001060738545,0.06772547106993651
1,JAM2,HPS,brain_anterior_cingulate_cortex_ba24,76.75248026851777,12.419145205514857,176,0.4360936378893055,0.07056332503133442
1,JAM2,HPS,brain_caudate_basal_ganglia,50.9431078213426,12.119927619398045,246,0.2070858041517992,0.04926799845283758
1,JAM2,HPS,brain_cerebellar_hemisphere,28.010935849610064,8.246262918765481,215,0.13028342255632588,0.038354711250072004
1,JAM2,HPS,brain_cerebellum,51.658032547588626,11.195656682847066,241,0.2143486827700773,0.04645500698276791
1,JAM2,HPS,brain_cortex,107.77787089450206,19.734195009889476,255,0.4226583172333414,0.07738900003878225
1,JAM2,HPS,brain_frontal_cortex_ba9,91.79155022138508,14.239054842932452,209,0.43919402019801473,0.06812944900924618
1,JAM2,HPS,brain_hypothalamus,58.95931711204997,17.093550844165613,202,0.29187780748539593,0.08462153883250303
1,JAM2,HPS,brain_nucleus_accumbens_basal_ganglia,69.46533615243476,20.562934365032138,246,0.28237941525379984,0.08358916408549649
1,JAM2,HPS,brain_putamen_basal_ganglia,42.00588928129501,10.042439753439506,205,0.20490677698192689,0.04898751099238784
1,JAM2,HPS,brain_spinal_cord_cervical_c-1,26.492191529276372,14.839716086412603,159,0.16661755678790172,0.0933315477132868
1,JAM2,MMoE,brain_amygdala,50.8814891868901,14.59082381330691,152,0.3347466393874349,0.09599226192965073
1,JAM2,MMoE,brain_anterior_cingulate_cortex_ba24,75.1613589497449,12.14450451887043,176,0.42705317585082325,0.06900286658449108
1,JAM2,MMoE,brain_caudate_basal_ganglia,54.00973405789098,12.78669652670247,246,0.21955176446297148,0.05197844116545719
1,JAM2,MMoE,brain_cerebellar_hemisphere,25.801687353694085,7.608620326686879,215,0.12000784815671667,0.03538893175203199
1,JAM2,MMoE,brain_cerebellum,54.93484810760165,11.795139606457273,241,0.227945427832372,0.04894248799359864
1,JAM2,MMoE,brain_cortex,104.39733032430323,19.339745497287005,255,0.40940129538942444,0.07584213920504708
1,JAM2,MMoE,brain_frontal_cortex_ba9,99.0479360363791,15.431688744178675,209,0.4739135695520531,0.0738358313118597
1,JAM2,MMoE,brain_hypothalamus,66.84279379384778,19.36398166374807,202,0.33090491977152364,0.09586129536508946
1,JAM2,MMoE,brain_nucleus_accumbens_basal_ganglia,71.19405103926438,21.19790143968669,246,0.28940671154172515,0.08617033105563694
1,JAM2,MMoE,brain_putamen_basal_ganglia,35.55602696487429,8.48906463584595,205,0.17344403397499655,0.04141007139437048
1,JAM2,MMoE,brain_spinal_cord_cervical_c-1,34.549820973029796,19.290194894120223,159,0.21729447152848927,0.12132198046616492
1,JAM2,Pool,brain_amygdala,49.34981269764215,14.353485614706564,152,0.32466982037922465,0.09443082641254319
1,JAM2,Pool,brain_anterior_cingulate_cortex_ba24,84.60232759800171,13.790157397773031,176,0.48069504317046424,0.07835316703280132
1,JAM2,Pool,brain_caudate_basal_ganglia,63.601623459475846,15.046713839489506,246,0.25854318479461724,0.06116550341255897
1,JAM2,Pool,brain_cerebellar_hemisphere,35.67637936649379,10.533490673048659,215,0.16593664821625018,0.048992979874644925
1,JAM2,Pool,brain_cerebellum,75.06499298866437,16.114193213649088,241,0.3114729999529642,0.06686387225580534
1,JAM2,Pool,brain_cortex,116.74338008155647,21.537060788046084,255,0.4578171767904175,0.08445906191390622
1,JAM2,Pool,brain_frontal_cortex_ba9,95.13129992027113,14.607949766581523,209,0.4551736838290485,0.06989449649082069
1,JAM2,Pool,brain_hypothalamus,56.8059788674072,16.43255471684149,202,0.2812177171653822,0.08134928077644302
1,JAM2,Pool,brain_nucleus_accumbens_basal_ganglia,75.48908275317689,22.37507414195228,246,0.3068661900535646,0.09095558594289545
1,JAM2,Pool,brain_putamen_basal_ganglia,45.542251602573145,10.85962225679414,205,0.22215732489060072,0.05297376710631287
1,JAM2,Pool,brain_spinal_cord_cervical_c-1,30.10801671491941,16.8233872749054,159,0.18935859569131702,0.10580746713776981
1,JAM2,STL,brain_amygdala,55.790808064509065,15.775314820697492,152,0.367044789898086,0.10378496592564139
1,JAM2,STL,brain_anterior_cingulate_cortex_ba24,81.38519146080642,13.189376794038246,176,0.4624158605727638,0.0749396408752173
1,JAM2,STL,brain_caudate_basal_ganglia,53.39342374660663,12.725911923603826,246,0.2170464379943359,0.05173134928294238
1,JAM2,STL,brain_cerebellar_hemisphere,27.47278030130217,8.100483668592759,215,0.1277803734944287,0.03767666822601283
1,JAM2,STL,brain_cerebellum,57.20954100076654,12.126390251582684,241,0.2373839875550479,0.0503169719982684
1,JAM2,STL,brain_cortex,103.84841723599936,19.065486298162973,255,0.40724869504313477,0.07476661293397245
1,JAM2,STL,brain_frontal_cortex_ba9,105.67632095070142,16.469240110184728,209,0.5056283299076623,0.07880019191475947
1,JAM2,STL,brain_hypothalamus,72.737561445136,20.902552321163004,202,0.3600869378472079,0.10347798178793566
1,JAM2,STL,brain_nucleus_accumbens_basal_ganglia,77.98292760183162,22.94018680029373,246,0.3170037707391529,0.09325279187111273
1,JAM2,STL,brain_putamen_basal_ganglia,40.65957452527319,9.682111092603359,205,0.19833938792816191,0.047229810207821264
1,JAM2,STL,brain_spinal_cord_cervical_c-1,31.241829984935833,17.433909919916537,159,0.19648949676060273,0.10964723220073294
1,SH2D2A,ARMUL,brain_amygdala,164.11680579587974,13.253827591602683,152,1.079715827604472,0.08719623415528081
1,SH2D2A,ARMUL,brain_anterior_cingulate_cortex_ba24,155.68584301744073,12.32545743082463,176,0.884578653508186,0.0700310081296854
1,SH2D2A,ARMUL,brain_caudate_basal_ganglia,147.84450622999748,13.136510409603424,246,0.6009939277642173,0.05340044881952612
1,SH2D2A,ARMUL,brain_cerebellar_hemisphere,129.82660842584238,4.078887702001078,215,0.6038446903527552,0.018971570706981758
1,SH2D2A,ARMUL,brain_cerebellum,137.22804932486255,7.820164423169761,241,0.5694109930492222,0.032448815033899424
1,SH2D2A,ARMUL,brain_cortex,124.38096748232873,11.430013484758916,255,0.48776849993070087,0.04482358229317222
1,SH2D2A,ARMUL,brain_frontal_cortex_ba9,89.74447417615022,9.315131314551108,209,0.4293993979720106,0.04457000628971822
1,SH2D2A,ARMUL,brain_hypothalamus,140.43708066086185,15.465955389645892,202,0.6952330725785241,0.07656413559230639
1,SH2D2A,ARMUL,brain_nucleus_accumbens_basal_ganglia,148.8682182169167,11.007783729861137,246,0.6051553586053524,0.04474708833276885
1,SH2D2A,ARMUL,brain_putamen_basal_ganglia,101.6404597287912,8.659351334275971,205,0.4958071206282498,0.04224073821598035
1,SH2D2A,ARMUL,brain_spinal_cord_cervical_c-1,104.93591574470793,17.09795702271286,159,0.6599743128597982,0.10753432089756515
1,SH2D2A,COVER,brain_amygdala,162.7455589991267,13.132236324070545,152,1.0706944670995178,0.08639629160572727
1,SH2D2A,COVER,brain_anterior_cingulate_cortex_ba24,157.84568938314493,12.487672629849834,176,0.896850507858778,0.07095268539687406
1,SH2D2A,COVER,brain_caudate_basal_ganglia,148.84632844845848,13.229396455016243,246,0.6050663758067418,0.053778034369984726
1,SH2D2A,COVER,brain_cerebellar_hemisphere,124.18881393008004,3.899158083472201,215,0.5776223903724653,0.018135618992893957
1,SH2D2A,COVER,brain_cerebellum,137.605813945475,7.808305922182345,241,0.570978481101556,0.03239960963561139
1,SH2D2A,COVER,brain_cortex,122.34041768334475,11.216506581405621,255,0.47976634385625394,0.04398630031923773
1,SH2D2A,COVER,brain_frontal_cortex_ba9,89.17733615907467,9.247741015928549,209,0.426685818942941,0.044247564669514586
1,SH2D2A,COVER,brain_hypothalamus,138.03714167633996,15.432303299103165,202,0.6833521865165344,0.07639754108466913
1,SH2D2A,COVER,brain_nucleus_accumbens_basal_ganglia,152.7147426509938,11.31230622228761,246,0.6207916367926577,0.04598498464344557
1,SH2D2A,COVER,brain_putamen_basal_ganglia,97.93783011056097,8.3714799939732,205,0.47774551273444377,0.040836487775479026
1,SH2D2A,COVER,brain_spinal_cord_cervical_c-1,102.66938568727389,16.734554198468285,159,0.6457194068382005,0.10524876854382569
1,SH2D2A,FLARCC,brain_amygdala,154.04535803419628,12.498797140618251,152,1.0134563028565544,0.08222892855669901
1,SH2D2A,FLARCC,brain_anterior_cingulate_cortex_ba24,155.16670894727022,12.539648231152352,176,0.88162902810949,0.07124800131336563
1,SH2D2A,FLARCC,brain_caudate_basal_ganglia,148.17139810633182,13.16836678891515,246,0.6023227565298042,0.05352994629640305
1,SH2D2A,FLARCC,brain_cerebellar_hemisphere,126.53945228700861,3.9742747158393716,215,0.5885555920325982,0.018484998678322657
1,SH2D2A,FLARCC,brain_cerebellum,141.4092229170324,8.110098692873045,241,0.5867602610665245,0.03365186179615371
1,SH2D2A,FLARCC,brain_cortex,125.4442849029762,11.510397520180327,255,0.4919383721685341,0.04513881380462873
1,SH2D2A,FLARCC,brain_frontal_cortex_ba9,91.15640476454328,9.460192820507002,209,0.4361550467203028,0.045264080480894746
1,SH2D2A,FLARCC,brain_hypothalamus,141.98519468696267,15.73087060034619,202,0.7028970034008053,0.07787559703141678
1,SH2D2A,FLARCC,brain_nucleus_accumbens_basal_ganglia,155.73836348342496,11.585870909602495,246,0.6330827783879064,0.04709703621789632
1,SH2D2A,FLARCC,brain_putamen_basal_ganglia,101.25327480186213,8.763750864231705,205,0.4939184136676202,0.042750004215764414
1,SH2D2A,FLARCC,brain_spinal_cord_cervical_c-1,104.02827181087554,17.00514698272804,159,0.6542658604457581,0.10695060995426439
1,SH2D2A,HPS,brain_amygdala,159.42001816988017,12.607995865517653,152,1.0488159090123694,0.08294734122051088
1,SH2D2A,HPS,brain_anterior_cingulate_cortex_ba24,159.55275750195045,12.56455438322442,176,0.9065497585338094,0.07138951354104785
1,SH2D2A,HPS,brain_caudate_basal_ganglia,152.43397610292564,13.573749469483127,246,0.6196503093614864,0.05517784337188263
1,SH2D2A,HPS,brain_cerebellar_hemisphere,131.84011191247208,4.138857137330711,215,0.6132098228487074,0.0192504983131661
1,SH2D2A,HPS,brain_cerebellum,138.315935567016,7.867035201902589,241,0.5739250438465394,0.0326432995929568
1,SH2D2A,HPS,brain_cortex,125.87505298815489,11.613065105976997,255,0.493627658777078,0.045541431788145084
1,SH2D2A,HPS,brain_frontal_cortex_ba9,90.57426146442268,9.39947933585647,209,0.4333696720785774,0.04497358533902617
1,SH2D2A,HPS,brain_hypothalamus,143.04949936681578,15.742225328159895,202,0.708165838449583,0.077931808555247
1,SH2D2A,HPS,brain_nucleus_accumbens_basal_ganglia,148.70543454418996,11.120863646559421,246,0.6044936363584957,0.045206762790891954
1,SH2D2A,HPS,brain_putamen_basal_ganglia,103.19093243998547,8.836758284341574,205,0.5033704021462706,0.04310613797239792
1,SH2D2A,HPS,brain_spinal_cord_cervical_c-1,106.76639773427951,17.36529416619569,159,0.6714867782030157,0.1092156865798471
1,SH2D2A,MMoE,brain_amygdala,137.79730124009282,11.782295781442569,152,0.9065611923690318,0.07751510382528005
1,SH2D2A,MMoE,brain_anterior_cingulate_cortex_ba24,207.43712011903355,15.961855803595732,176,1.178620000676327,0.0906923625204303
1,SH2D2A,MMoE,brain_caudate_basal_ganglia,160.1336964207271,14.26065476139279,246,0.6509499854501102,0.05797014130647475
1,SH2D2A,MMoE,brain_cerebellar_hemisphere,136.57755482315767,4.267539807473003,215,0.6352444410379426,0.01984902236033955
1,SH2D2A,MMoE,brain_cerebellum,150.92572628832824,8.70567467096382,241,0.6262478269225238,0.03612313141478763
1,SH2D2A,MMoE,brain_cortex,140.40395329849883,12.89988092003717,255,0.5506037384254856,0.050587768313871254
1,SH2D2A,MMoE,brain_frontal_cortex_ba9,90.20325595076578,9.34739743329298,209,0.43159452608021903,0.04472438963298076
1,SH2D2A,MMoE,brain_hypothalamus,157.1394315492326,17.42194004197496,202,0.777917977966498,0.0862472279305691
1,SH2D2A,MMoE,brain_nucleus_accumbens_basal_ganglia,164.76693365511377,11.901333018889872,246,0.669784283150869,0.048379402515812485
1,SH2D2A,MMoE,brain_putamen_basal_ganglia,107.22613437196034,9.123972538726678,205,0.5230543140095626,0.04450718311573989
1,SH2D2A,MMoE,brain_spinal_cord_cervical_c-1,105.49163505399898,17.38051540465102,159,0.6634694028553395,0.1093114176393146
1,SH2D2A,Pool,brain_amygdala,178.33873727089923,14.559111067045244,152,1.173281166255916,0.09578362544108714
1,SH2D2A,Pool,brain_anterior_cingulate_cortex_ba24,171.20142681293584,13.068068240197432,176,0.9727353796189536,0.0742503877283945
1,SH2D2A,Pool,brain_caudate_basal_ganglia,138.42783562954378,12.286454604028176,246,0.5627147789818853,0.04994493741474868
1,SH2D2A,Pool,brain_cerebellar_hemisphere,116.39606191994937,3.669477036349009,215,0.541377032185811,0.017067335052786087
1,SH2D2A,Pool,brain_cerebellum,141.72949892620994,8.008432615842944,241,0.5880892071626969,0.0332300108541201
1,SH2D2A,Pool,brain_cortex,126.12733704615219,11.651175509458096,255,0.4946170080241262,0.04569088435081606
1,SH2D2A,Pool,brain_frontal_cortex_ba9,93.37285086465656,9.67347295025051,209,0.44676005198400265,0.0462845595705766
1,SH2D2A,Pool,brain_hypothalamus,146.48096611427295,15.972325973826502,202,0.7251532975954106,0.07907092066250744
1,SH2D2A,Pool,brain_nucleus_accumbens_basal_ganglia,159.75364772388346,11.543936165369816,246,0.6494050720483068,0.04692656977792608
1,SH2D2A,Pool,brain_putamen_basal_ganglia,104.78678337456303,8.929636544500006,205,0.511155040851527,0.04355920265609759
1,SH2D2A,Pool,brain_spinal_cord_cervical_c-1,110.54427739596139,18.262273876735772,159,0.6952470276475559,0.11485706840714323
1,SH2D2A,STL,brain_amygdala,154.11429450491667,13.028206293067297,152,1.0139098322691886,0.08571188350702169
1,SH2D2A,STL,brain_anterior_cingulate_cortex_ba24,214.02377087910463,16.576292688403683,176,1.2160441527221855,0.09418348118411184
1,SH2D2A,STL,brain_caudate_basal_ganglia,163.32831039717962,14.539865840288847,246,0.6639362211267464,0.05910514569223108
1,SH2D2A,STL,brain_cerebellar_hemisphere,132.7832394565092,4.141194440809977,215,0.6175964625884148,0.019261369492139427
1,SH2D2A,STL,brain_cerebellum,147.40896041746714,8.325279814070901,241,0.6116554374168761,0.034544729518966394
1,SH2D2A,STL,brain_cortex,146.02242163188993,13.46308165827792,255,0.5726369475760389,0.05279639865991341
1,SH2D2A,STL,brain_frontal_cortex_ba9,98.00483881040833,10.139788291759999,209,0.46892267373401114,0.048515733453397124
1,SH2D2A,STL,brain_hypothalamus,162.1780942868348,17.696220790149127,202,0.8028618529051228,0.08760505341657984
1,SH2D2A,STL,brain_nucleus_accumbens_basal_ganglia,176.28146849924087,12.67901095958972,246,0.7165913353627678,0.051540694957681786
1,SH2D2A,STL,brain_putamen_basal_ganglia,132.41923182437102,11.16081069716379,205,0.645947472314005,0.05444297901055507
1,SH2D2A,STL,brain_spinal_cord_cervical_c-1,110.89421495494034,18.057911892121094,159,0.6974478927983669,0.11357177290642198
2,JAM2,ARMUL,brain_amygdala,39.90564195507573,11.546363584764599,152,0.26253711812549824,0.07596291832081974
2,JAM2,ARMUL,brain_anterior_cingulate_cortex_ba24,74.58299467083276,12.07781719972422,176,0.42376701517518617,0.06862396136206944
2,JAM2,ARMUL,brain_caudate_basal_ganglia,53.95614316125526,12.923958543474589,246,0.21933391528965554,0.052536416843392636
2,JAM2,ARMUL,brain_cerebellar_hemisphere,32.38426819749089,9.427245141685432,215,0.15062450324414367,0.04384765182179271
2,JAM2,ARMUL,brain_cerebellum,53.83177298967726,12.124495858439419,241,0.2233683526542625,0.050309111445806715
2,JAM2,ARMUL,brain_cortex,108.52392359926061,20.525215023287657,255,0.4255840141147475,0.08049103930701042
2,JAM2,ARMUL,brain_frontal_cortex_ba9,96.02127191783654,14.956229157087183,209,0.4594319230518495,0.07156090505783341
2,JAM2,ARMUL,brain_hypothalamus,61.99446155768011,17.966578253923956,202,0.30690327503802034,0.08894345670259383
2,JAM2,ARMUL,brain_nucleus_accumbens_basal_ganglia,65.00257574165576,19.416562385982083,246,0.2642381127709584,0.07892911539017107
2,JAM2,ARMUL,brain_putamen_basal_ganglia,45.83083936483293,10.756838101491734,205,0.22356507007235576,0.05247238098288651
2,JAM2,ARMUL,brain_spinal_cord_cervical_c-1,24.24611385956635,13.734426630123401,159,0.15249128213563742,0.08638004169888931
2,JAM2,COVER,brain_amygdala,43.94760845022165,12.713924793238021,152,0.28912900296198457,0.08364424206077646
2,JAM2,COVER,brain_anterior_cingulate_cortex_ba24,75.65086687798096,12.230941212915038,176,0.4298344708976191,0.06949398416428999
2,JAM2,COVER,brain_caudate_basal_ganglia,53.91035994311669,12.901324116042336,246,0.2191478046468158,0.05244440697578185
2,JAM2,COVER,brain_cerebellar_hemisphere,32.65669080955861,9.534534607249467,215,0.15189158516073772,0.04434667259185799
2,JAM2,COVER,brain_cerebellum,53.69629124366834,12.091982142964795,241,0.22280618773306365,0.0501741997633394
2,JAM2,COVER,brain_cortex,104.56221607133426,19.737809131858327,255,0.41004790616209513,0.07740317306611108
2,JAM2,COVER,brain_frontal_cortex_ba9,97.34987775705858,15.172609562846876,209,0.46578888878975394,0.07259621800405204
2,JAM2,COVER,brain_hypothalamus,65.06623173942735,18.896412044166176,202,0.322110058115977,0.09354659427805037
2,JAM2,COVER,brain_nucleus_accumbens_basal_ganglia,64.91273798715034,19.383699532211562,246,0.2638729186469526,0.07879552655370553
2,JAM2,COVER,brain_putamen_basal_ganglia,45.284943920406945,10.587402519739317,205,0.22090216546539973,0.05164586594994789
2,JAM2,COVER,brain_spinal_cord_cervical_c-1,25.884472022582003,14.616641487576013,159,0.16279542152567297,0.09192856281494348
2,JAM2,FLARCC,brain_amygdala,41.50340079643141,12.018012439468936,152,0.2730486894502066,0.07906587131229563
2,JAM2,FLARCC,brain_anterior_cingulate_cortex_ba24,74.4983022775646,12.076003864610646,176,0.4232858083952534,0.0686136583216514
2,JAM2,FLARCC,brain_caudate_basal_ganglia,52.55908981054854,12.587723889147199,246,0.2136548366282461,0.05116960930547642
2,JAM2,FLARCC,brain_cerebellar_hemisphere,32.07559894641789,9.364895409092927,215,0.1491888323089204,0.0435576530655485
2,JAM2,FLARCC,brain_cerebellum,54.83330611598435,12.351685556525165,241,0.2275240917675699,0.05125180728848616
2,JAM2,FLARCC,brain_cortex,113.57836723608615,21.528964157088385,255,0.4454053617101418,0.08442731041995445
2,JAM2,FLARCC,brain_frontal_cortex_ba9,101.7013556222064,15.83490038001286,209,0.4866093570440498,0.07576507358857827
2,JAM2,FLARCC,brain_hypothalamus,64.0084533764057,18.52950006644361,202,0.31687353156636483,0.09173019834873074
2,JAM2,FLARCC,brain_nucleus_accumbens_basal_ganglia,68.39343914475747,20.467881172545532,246,0.27802211034454255,0.08320276899408753
2,JAM2,FLARCC,brain_putamen_basal_ganglia,46.68143720407871,11.02013742383485,205,0.22771432782477422,0.05375676792114561
2,JAM2,FLARCC,brain_spinal_cord_cervical_c-1,26.62211057476124,15.01276901335986,159,0.1674346577029009,0.09441993090163434
2,JAM2,HPS,brain_amygdala,39.054831892519815,11.288504687317833,152,0.25693968350341984,0.07426647820603838
2,JAM2,HPS,brain_anterior_cingulate_cortex_ba24,75.29126111836459,12.185761393884263,176,0.42779125635434423,0.06923728064706967
2,JAM2,HPS,brain_caudate_basal_ganglia,52.88968175094885,12.669948289840411,246,0.21499870630467013,0.05150385483674964
2,JAM2,HPS,brain_cerebellar_hemisphere,31.543858712643726,9.1927790800917,215,0.14671562191927315,0.04275711200042651
2,JAM2,HPS,brain_cerebellum,52.818274460875976,11.890180768794515,241,0.21916296456795012,0.04933684966304778
2,JAM2,HPS,brain_cortex,110.7694776797005,21.08688934398276,255,0.4343901085478451,0.08269368370189319
2,JAM2,HPS,brain_frontal_cortex_ba9,97.25393460303589,15.15088740256965,209,0.4653298306365353,0.0724922842228213
2,JAM2,HPS,brain_hypothalamus,65.56447802149279,18.941613319340657,202,0.32457662386877617,0.09377036296703296
2,JAM2,HPS,brain_nucleus_accumbens_basal_ganglia,67.16673984546843,20.065911825102045,246,0.27303552782710744,0.08156874725651238
2,JAM2,HPS,brain_putamen_basal_ganglia,44.7113315378508,10.487510626065534,205,0.21810405628219903,0.051158588419831875
2,JAM2,HPS,brain_spinal_cord_cervical_c-1,26.47883397299665,14.97111782132913,159,0.16653354699997894,0.09415797371905113
2,JAM2,MMoE,brain_amygdala,45.810027463931135,13.288225456002749,152,0.3013817596311259,0.08742253589475493
2,JAM2,MMoE,brain_anterior_cingulate_cortex_ba24,98.24383933252292,16.02753936864458,176,0.558203632571153,0.09106556459457148
2,JAM2,MMoE,brain_caudate_basal_ganglia,58.42955499017835,13.997892302764235,246,0.2375185162202372,0.05690200123074892
2,JAM2,MMoE,brain_cerebellar_hemisphere,32.7545923611016,9.514359969840783,215,0.15234694121442605,0.0442528370690269
2,JAM2,MMoE,brain_cerebellum,49.616415995441244,11.054121432829453,241,0.205877244794362,0.04586772378767408
2,JAM2,MMoE,brain_cortex,117.80477710072468,22.221815984599175,255,0.46197951804205756,0.08714437641019285
2,JAM2,MMoE,brain_frontal_cortex_ba9,109.02604773269307,16.745626232958173,209,0.5216557307784357,0.0801226135548238
2,JAM2,MMoE,brain_hypothalamus,70.64865356086193,20.46925693685213,202,0.3497458097072373,0.10133295513293133
2,JAM2,MMoE,brain_nucleus_accumbens_basal_ganglia,74.20344947365152,22.254607684215344,246,0.30164003851077853,0.09046588489518433
2,JAM2,MMoE,brain_putamen_basal_ganglia,57.683300649979,13.349294402121632,205,0.28138195439014146,0.06511850927864211
2,JAM2,MMoE,brain_spinal_cord_cervical_c-1,28.583437680802867,16.19150428723613,159,0.17977004830693627,0.10183336029708256
2,JAM2,Pool,brain_amygdala,52.20733415137607,15.16844877222756,152,0.34346930362747413,0.09979242613307605
2,JAM2,Pool,brain_anterior_cingulate_cortex_ba24,88.91263426482486,14.333620366646109,176,0.5051854219592321,0.08144102481048926
2,JAM2,Pool,brain_caudate_basal_ganglia,67.47262835833705,16.13130490353086,246,0.27427897706641075,0.06557441017695471
2,JAM2,Pool,brain_cerebellar_hemisphere,43.148818687686585,12.771860999388098,215,0.2006921799427283,0.05940400464831674
2,JAM2,Pool,brain_cerebellum,71.73057422957102,16.194844924642478,241,0.2976372374670997,0.06719852665826755
2,JAM2,Pool,brain_cortex,115.81980761382803,21.70623209796208,255,0.4541953239757962,0.08512247881553757
2,JAM2,Pool,brain_frontal_cortex_ba9,110.83913496301079,17.400763249532375,209,0.5303307892967024,0.08325724042838457
2,JAM2,Pool,brain_hypothalamus,66.61427089986826,19.399203080691034,202,0.3297736183161795,0.09603565881530216
2,JAM2,Pool,brain_nucleus_accumbens_basal_ganglia,75.00670649945774,22.46189025232904,246,0.30490531097340545,0.09130849696068716
2,JAM2,Pool,brain_putamen_basal_ganglia,50.672074171189045,11.825665169340464,205,0.2471808496155563,0.05768617155775836
2,JAM2,Pool,brain_spinal_cord_cervical_c-1,35.31158232905487,19.843629833465744,159,0.2220854234531753,0.12480270335513047
2,JAM2,STL,brain_amygdala,39.16799995998125,11.357177979532638,152,0.25768421026303456,0.07471827618113577
2,JAM2,STL,brain_anterior_cingulate_cortex_ba24,87.26056737202879,14.16684835805988,176,0.49579867825016355,0.08049345657988569
2,JAM2,STL,brain_caudate_basal_ganglia,66.26513158811665,15.912295043299226,246,0.26937045361023026,0.06468412619227328
2,JAM2,STL,brain_cerebellar_hemisphere,30.778251628327368,8.890958493258946,215,0.14315465873640637,0.04135329531748347
2,JAM2,STL,brain_cerebellum,54.654129508389445,12.05916682959001,241,0.2267806203667612,0.05003803663730295
2,JAM2,STL,brain_cortex,119.53614221770144,22.609843081809558,255,0.46876918516745664,0.08866605130121395
2,JAM2,STL,brain_frontal_cortex_ba9,107.34208588003722,16.394347805749074,209,0.5135984970336709,0.07844185552989988
2,JAM2,STL,brain_hypothalamus,71.17653674684749,20.705785856674638,202,0.35235909280617567,0.10250389037957741
2,JAM2,STL,brain_nucleus_accumbens_basal_ganglia,78.79714382502124,23.520307147557673,246,0.32031359278463917,0.09561100466486859
2,JAM2,STL,brain_putamen_basal_ganglia,53.94901944088756,12.69150806378835,205,0.2631659484921344,0.0619097954331139
2,JAM2,STL,brain_spinal_cord_cervical_c-1,30.886122060359508,17.56138413249006,159,0.19425234000226105,0.11044895680811358
2,SH2D2A,ARMUL,brain_amygdala,170.3018270997847,14.059472963041845,152,1.1204067572354257,0.09249653265159108
2,SH2D2A,ARMUL,brain_anterior_cingulate_cortex_ba24,200.64151287136414,13.221783189438563,176,1.1400085958600235,0.07512376812181001
2,SH2D2A,ARMUL,brain_caudate_basal_ganglia,147.30988671714306,12.380531055356062,246,0.5988206777119637,0.05032736201364253
2,SH2D2A,ARMUL,brain_cerebellar_hemisphere,140.747045644058,4.28134907489248,215,0.6546374216002698,0.019913251511127817
2,SH2D2A,ARMUL,brain_cerebellum,125.00668324962642,7.703794558851356,241,0.5186999304963752,0.031965952526354174
2,SH2D2A,ARMUL,brain_cortex,128.05920279848024,11.373927665691205,255,0.5021929521509029,0.044603637904671395
2,SH2D2A,ARMUL,brain_frontal_cortex_ba9,94.62674389039273,9.01803770455789,209,0.45275954014541975,0.04314850576343488
2,SH2D2A,ARMUL,brain_hypothalamus,140.35325080025817,15.8375007325183,202,0.6948180732686048,0.07840346897286288
2,SH2D2A,ARMUL,brain_nucleus_accumbens_basal_ganglia,164.44794874479928,11.817035326821134,246,0.6684875965235743,0.04803672897081762
2,SH2D2A,ARMUL,brain_putamen_basal_ganglia,100.31094419464833,9.087646135690203,205,0.48932167899828455,0.04432998114970831
2,SH2D2A,ARMUL,brain_spinal_cord_cervical_c-1,90.91557470172006,14.443450002723967,159,0.5717960673064155,0.09083930819323249
2,SH2D2A,COVER,brain_amygdala,174.37976493847907,14.285411283297996,152,1.1472352956478886,0.09398296896906577
2,SH2D2A,COVER,brain_anterior_cingulate_cortex_ba24,198.94158323716633,13.176075411613596,176,1.1303499047566268,0.0748640648387136
2,SH2D2A,COVER,brain_caudate_basal_ganglia,151.03173717611077,12.7119049605819,246,0.6139501511224015,0.05167441040886952
2,SH2D2A,COVER,brain_cerebellar_hemisphere,144.47816370531342,4.361621926822952,215,0.671991459094481,0.02028661361313001
2,SH2D2A,COVER,brain_cerebellum,125.54042343706237,7.714619874777641,241,0.5209146200707983,0.03201087084969976
2,SH2D2A,COVER,brain_cortex,129.6663762470988,11.47994188243775,255,0.5084955931258777,0.04501937993112843
2,SH2D2A,COVER,brain_frontal_cortex_ba9,94.52355631196903,9.064436016152923,209,0.452265819674493,0.043370507254320206
2,SH2D2A,COVER,brain_hypothalamus,146.4110782558242,16.533917775711622,202,0.7248073180981397,0.08185107809758228
2,SH2D2A,COVER,brain_nucleus_accumbens_basal_ganglia,164.53451465528983,11.817934707166941,246,0.6688394904686579,0.0480403849884835
2,SH2D2A,COVER,brain_putamen_basal_ganglia,104.57623024432755,9.44956831932909,205,0.5101279524113539,0.046095455216239464
2,SH2D2A,COVER,brain_spinal_cord_cervical_c-1,93.72912339598639,15.312753174727128,159,0.5894913421131219,0.09630662374042219
2,SH2D2A,FLARCC,brain_amygdala,177.1828686194126,14.436123167965487,152,1.1656767672329778,0.09497449452608873
2,SH2D2A,FLARCC,brain_anterior_cingulate_cortex_ba24,215.97245450947926,14.094906219879157,176,1.2271162188038593,0.08008469443113157
2,SH2D2A,FLARCC,brain_caudate_basal_ganglia,157.13255198994008,13.167913523274628,246,0.6387502113412199,0.05352810375314889
2,SH2D2A,FLARCC,brain_cerebellar_hemisphere,142.32950220124752,4.324279843000522,215,0.6619976846569652,0.020112929502328007
2,SH2D2A,FLARCC,brain_cerebellum,130.59269916445487,8.01428870885938,241,0.5418784197695223,0.03325430999526714
2,SH2D2A,FLARCC,brain_cortex,132.43924106765064,11.650617659885997,255,0.5193695728143163,0.04568869670543528
2,SH2D2A,FLARCC,brain_frontal_cortex_ba9,96.9143954471024,9.27042740556188,209,0.4637052413736957,0.044356111988334355
2,SH2D2A,FLARCC,brain_hypothalamus,141.0691573318191,16.056370641202978,202,0.6983621650090054,0.07948698337229197
2,SH2D2A,FLARCC,brain_nucleus_accumbens_basal_ganglia,176.20238964653942,12.612331905522256,246,0.7162698766119489,0.05126964189236689
2,SH2D2A,FLARCC,brain_putamen_basal_ganglia,107.57048730044814,9.647761121091605,205,0.52473408439243,0.04706224937117856
2,SH2D2A,FLARCC,brain_spinal_cord_cervical_c-1,93.42910367475076,15.172537805118267,159,0.5876044256273633,0.09542476606992621
2,SH2D2A,HPS,brain_amygdala,167.4832524060717,13.430933828930874,152,1.1018635026715244,0.08836140676928206
2,SH2D2A,HPS,brain_anterior_cingulate_cortex_ba24,196.75600561827932,13.06728570888428,176,1.1179318501038598,0.07424594152775159
2,SH2D2A,HPS,brain_caudate_basal_ganglia,150.1327903275415,12.703588620737436,246,0.6102958956404126,0.05164060414933917
2,SH2D2A,HPS,brain_cerebellar_hemisphere,137.52998258908104,4.1787285995988945,215,0.6396743376236328,0.01943594697487858
2,SH2D2A,HPS,brain_cerebellum,125.15376960340099,7.7037810410327765,241,0.5193102473170166,0.03196589643582065
2,SH2D2A,HPS,brain_cortex,132.31645589336225,11.720421276287482,255,0.5188880623269108,0.04596243637759797
2,SH2D2A,HPS,brain_frontal_cortex_ba9,102.96153700985668,9.825418992346911,209,0.49263893306151524,0.04701157412606178
2,SH2D2A,HPS,brain_hypothalamus,142.7130374294668,15.94678338838907,202,0.7065001852943901,0.07894447221974787
2,SH2D2A,HPS,brain_nucleus_accumbens_basal_ganglia,166.0976203813144,12.143528257723359,246,0.675193578785831,0.049363936007005525
2,SH2D2A,HPS,brain_putamen_basal_ganglia,106.47626007349764,9.616538614827432,205,0.5193963906024275,0.046909944462572836
2,SH2D2A,HPS,brain_spinal_cord_cervical_c-1,91.27115034058943,14.139732237410326,159,0.5740323920791788,0.08892913356861841
2,SH2D2A,MMoE,brain_amygdala,163.58579877017365,13.424155133651325,152,1.0762223603300898,0.08831681008981135
2,SH2D2A,MMoE,brain_anterior_cingulate_cortex_ba24,247.60984574554473,15.452163661271733,176,1.4068741235542315,0.08779638443904393
2,SH2D2A,MMoE,brain_caudate_basal_ganglia,156.37774112213617,13.412786993086698,246,0.6356818744802284,0.05452352436214105
2,SH2D2A,MMoE,brain_cerebellar_hemisphere,161.35959463814234,4.777856880603828,215,0.7505097425029876,0.022222590142343387
2,SH2D2A,MMoE,brain_cerebellum,127.46624377938933,7.963411405220539,241,0.5289055758480885,0.0330432008515375
2,SH2D2A,MMoE,brain_cortex,136.04267814053847,12.098145141631838,255,0.533500698590347,0.04744370643777191
2,SH2D2A,MMoE,brain_frontal_cortex_ba9,111.97259973466909,10.493114082777971,209,0.53575406571612,0.05020628747740656
2,SH2D2A,MMoE,brain_hypothalamus,163.66350091075904,18.157080301279642,202,0.8102153510433616,0.08988653614494872
2,SH2D2A,MMoE,brain_nucleus_accumbens_basal_ganglia,157.75461838646493,11.357240789635787,246,0.6412789365303452,0.046167645486324335
2,SH2D2A,MMoE,brain_putamen_basal_ganglia,105.05937461196694,9.674228083333592,205,0.5124847542047168,0.0471913565040663
2,SH2D2A,MMoE,brain_spinal_cord_cervical_c-1,102.57095831087844,15.799916530201719,159,0.6451003667350845,0.09937054421510515
2,SH2D2A,Pool,brain_amygdala,169.3005071962787,13.787039577369338,152,1.113819126291307,0.0907042077458509
2,SH2D2A,Pool,brain_anterior_cingulate_cortex_ba24,205.5090387211371,13.336533336767738,176,1.1676649927337335,0.07577575759527123
2,SH2D2A,Pool,brain_caudate_basal_ganglia,134.30435203291015,11.507475830097189,246,0.5459526505402852,0.0467783570329154
2,SH2D2A,Pool,brain_cerebellar_hemisphere,136.40596249826422,4.149213042896536,215,0.6344463372012289,0.01929866531579784
2,SH2D2A,Pool,brain_cerebellum,130.0954630515473,8.0850225992797,241,0.5398151993840138,0.033547811615268465
2,SH2D2A,Pool,brain_cortex,118.53370557966473,10.586865391023562,255,0.46483806109672443,0.041517119180484556
2,SH2D2A,Pool,brain_frontal_cortex_ba9,94.78286828043365,8.970839684853555,209,0.45350654679633323,0.0429226779179596
2,SH2D2A,Pool,brain_hypothalamus,137.57286945066812,15.489516951775151,202,0.6810538091617234,0.0766807769889859
2,SH2D2A,Pool,brain_nucleus_accumbens_basal_ganglia,156.45451800829522,11.370325834658928,246,0.6359939756434765,0.04622083672625581
2,SH2D2A,Pool,brain_putamen_basal_ganglia,100.09593987653894,9.092516667851255,205,0.4882728774465314,0.04435373984317685
2,SH2D2A,Pool,brain_spinal_cord_cervical_c-1,94.6624234185063,15.262215337700106,159,0.5953611535755112,0.0959887757088057
2,SH2D2A,STL,brain_amygdala,203.82816959818481,16.40687426159179,152,1.340974799988058,0.10793996224731439
2,SH2D2A,STL,brain_anterior_cingulate_cortex_ba24,299.2733806237823,19.206569110945825,176,1.7004169353623995,0.10912823358491947
2,SH2D2A,STL,brain_caudate_basal_ganglia,158.50323162848366,13.409512738603816,246,0.644322079790584,0.05451021438456836
2,SH2D2A,STL,brain_cerebellar_hemisphere,157.58095418025974,4.715576071250255,215,0.7329346706058593,0.02193291195930351
2,SH2D2A,STL,brain_cerebellum,129.7699309419781,8.045865872848127,241,0.5384644437426477,0.03338533557198393
2,SH2D2A,STL,brain_cortex,143.1277033906254,12.876638167333716,255,0.561285111335786,0.05049662026405379
2,SH2D2A,STL,brain_frontal_cortex_ba9,119.75994477562048,11.253032475224451,209,0.5730140898355047,0.053842260647006944
2,SH2D2A,STL,brain_hypothalamus,182.4814066573753,20.33075891286296,202,0.9033733002840361,0.10064732135080674
2,SH2D2A,STL,brain_nucleus_accumbens_basal_ganglia,186.12971264086625,13.582206022410922,246,0.7566248481336026,0.055212219603296434
2,SH2D2A,STL,brain_putamen_basal_ganglia,120.65849554641903,11.024393376706989,205,0.5885780270557026,0.05377752866686336
2,SH2D2A,STL,brain_spinal_cord_cervical_c-1,97.71176944651877,15.091343824967671,159,0.6145394304812501,0.09491411210671491
3,JAM2,ARMUL,brain_amygdala,40.88940132677796,11.83601531889614,152,0.2690092192551181,0.07786852183484302
3,JAM2,ARMUL,brain_anterior_cingulate_cortex_ba24,59.954684159072315,10.278953849516215,176,0.3406516145401836,0.058403146872251226
3,JAM2,ARMUL,brain_caudate_basal_ganglia,57.02827813402269,13.483027123622014,246,0.23182226883749063,0.05480905334805697
3,JAM2,ARMUL,brain_cerebellar_hemisphere,27.590870955566317,8.089479657806784,215,0.12832963235147124,0.03762548678049667
3,JAM2,ARMUL,brain_cerebellum,47.92265483928044,10.918400528770466,241,0.19884919020448316,0.04530456650942102
3,JAM2,ARMUL,brain_cortex,87.87851797775654,16.707398547237606,255,0.34462163912845706,0.06551920998916708
3,JAM2,ARMUL,brain_frontal_cortex_ba9,91.60475890919282,13.89749730521391,209,0.43830028186216663,0.06649520241729144
3,JAM2,ARMUL,brain_hypothalamus,61.109363636548096,17.604304897142345,202,0.30252160216112917,0.08715002424327893
3,JAM2,ARMUL,brain_nucleus_accumbens_basal_ganglia,65.39173670602194,19.56219583621681,246,0.2658200679106583,0.07952112128543418
3,JAM2,ARMUL,brain_putamen_basal_ganglia,38.915496203083066,9.23544699746391,205,0.18983168879552714,0.04505096096323859
3,JAM2,ARMUL,brain_spinal_cord_cervical_c-1,27.2260273113058,15.157972829422661,159,0.17123287617173458,0.09533316244919912
3,JAM2,COVER,brain_amygdala,41.98082751681296,12.086363032416072,152,0.2761896547158747,0.07951554626589522
3,JAM2,COVER,brain_anterior_cingulate_cortex_ba24,62.42158698854383,10.70425982809242,176,0.3546681078894536,0.06081965811416148
3,JAM2,COVER,brain_caudate_basal_ganglia,58.284747659329724,13.798059354422692,246,0.23692986853386067,0.05608967217244997
3,JAM2,COVER,brain_cerebellar_hemisphere,27.630977966113264,8.12064201806869,215,0.12851617658657333,0.03777042799101716
3,JAM2,COVER,brain_cerebellum,48.93725215972089,11.195796864148376,241,0.20305913759220287,0.04645558864791857
3,JAM2,COVER,brain_cortex,91.0211720337103,17.310083206099357,255,0.35694577268121686,0.06788267923960532
3,JAM2,COVER,brain_frontal_cortex_ba9,90.43389257819796,13.75475473828685,209,0.43269805061338734,0.06581222362816674
3,JAM2,COVER,brain_hypothalamus,61.92473320582559,17.838734818614505,202,0.3065580851773544,0.0883105684089827
3,JAM2,COVER,brain_nucleus_accumbens_basal_ganglia,65.04969039545766,19.468533998664235,246,0.26442963575389294,0.0791403821083912
3,JAM2,COVER,brain_putamen_basal_ganglia,38.58930889881364,9.133610662807246,205,0.18824053121372508,0.0445541983551573
3,JAM2,COVER,brain_spinal_cord_cervical_c-1,27.556473847116912,15.449617124976825,159,0.17331115627117555,0.09716740330174103
3,JAM2,FLARCC,brain_amygdala,40.922398395047914,11.822972524402779,152,0.2692263052305784,0.07778271397633407
3,JAM2,FLARCC,brain_anterior_cingulate_cortex_ba24,61.78870558712168,10.578150969414384,176,0.3510721908359187,0.06010313050803628
3,JAM2,FLARCC,brain_caudate_basal_ganglia,59.033948268396045,13.939724582512778,246,0.23997539946502458,0.056665547083385275
3,JAM2,FLARCC,brain_cerebellar_hemisphere,27.534542141660978,8.090284319902938,215,0.1280676378681906,0.037629229394897386
3,JAM2,FLARCC,brain_cerebellum,50.739866191504106,11.623337407319305,241,0.21053886386516227,0.048229615798005415
3,JAM2,FLARCC,brain_cortex,85.64986301940935,16.27685080554277,255,0.3358818157623896,0.06383078747271675
3,JAM2,FLARCC,brain_frontal_cortex_ba9,97.11140878232638,14.764615356669232,209,0.4646478889106525,0.07064409261564226
3,JAM2,FLARCC,brain_hypothalamus,64.1227351903125,18.499142129375883,202,0.3174392831203589,0.09157991153156378
3,JAM2,FLARCC,brain_nucleus_accumbens_basal_ganglia,66.08617891426222,19.799778654878278,246,0.26864300371651306,0.08048690510113121
3,JAM2,FLARCC,brain_putamen_basal_ganglia,39.71023499702565,9.407359974875387,205,0.19370846340012512,0.04588956085305067
3,JAM2,FLARCC,brain_spinal_cord_cervical_c-1,29.10280926725666,16.19471275083989,159,0.18303653627205446,0.10185353931345843
3,JAM2,HPS,brain_amygdala,45.12537669863732,13.01515300494217,152,0.29687747828050864,0.08562600661146165
3,JAM2,HPS,brain_anterior_cingulate_cortex_ba24,62.965889792521494,10.77436457054102,176,0.35776073745750847,0.06121798051443761
3,JAM2,HPS,brain_caudate_basal_ganglia,57.89519302745402,13.66525948249441,246,0.23534631311973178,0.05554983529469272
3,JAM2,HPS,brain_cerebellar_hemisphere,27.120956492868583,7.963095937837972,215,0.12614398368776086,0.037037655524827774
3,JAM2,HPS,brain_cerebellum,47.48275001768638,10.892289503264807,241,0.19702385899454927,0.045196222005248164
3,JAM2,HPS,brain_cortex,87.4502237175477,16.628231256880944,255,0.3429420537943047,0.06520875002698409
3,JAM2,HPS,brain_frontal_cortex_ba9,98.89068933842206,15.058451232091302,209,0.47316119300680415,0.0720500058951737
3,JAM2,HPS,brain_hypothalamus,63.84081425326127,18.394978048204656,202,0.316043634917135,0.0910642477633894
3,JAM2,HPS,brain_nucleus_accumbens_basal_ganglia,66.08187865918372,19.770139234744597,246,0.26862552300481185,0.08036641965343333
3,JAM2,HPS,brain_putamen_basal_ganglia,37.1182897587792,8.794654662199966,205,0.18106482809160585,0.042900754449755926
3,JAM2,HPS,brain_spinal_cord_cervical_c-1,28.499404047269113,15.947966281908078,159,0.179241534888485,0.10030167472898162
3,JAM2,MMoE,brain_amygdala,46.217575903886996,13.032691878790189,152,0.3040629993676776,0.08574139393940913
3,JAM2,MMoE,brain_anterior_cingulate_cortex_ba24,81.98823336530279,13.97108813172237,176,0.4658422350301295,0.07938118256660437
3,JAM2,MMoE,brain_caudate_basal_ganglia,54.05081047251317,12.724012382711537,246,0.21971874175818362,0.05172362757199812
3,JAM2,MMoE,brain_cerebellar_hemisphere,28.28679184275459,8.320610704897769,215,0.13156647368723065,0.03870051490650125
3,JAM2,MMoE,brain_cerebellum,50.86691103457133,11.435264184895795,241,0.21106602089033746,0.047449228982970104
3,JAM2,MMoE,brain_cortex,99.30033191070676,18.80782596249537,255,0.3894130663164971,0.07375618024507989
3,JAM2,MMoE,brain_frontal_cortex_ba9,101.09467844992086,15.451269646493497,209,0.48370659545416683,0.07392951983968181
3,JAM2,MMoE,brain_hypothalamus,67.81623315968862,19.716751387389678,202,0.335723926533112,0.09760768013559247
3,JAM2,MMoE,brain_nucleus_accumbens_basal_ganglia,75.0357440099573,22.24462784729425,246,0.30502334963397276,0.09042531645241565
3,JAM2,MMoE,brain_putamen_basal_ganglia,38.64014472834658,9.18381209187041,205,0.1884885108699833,0.04479908337497761
3,JAM2,MMoE,brain_spinal_cord_cervical_c-1,31.229989321428523,17.28586224884433,159,0.19641502717879575,0.10871611477260586
3,JAM2,Pool,brain_amygdala,50.06150330511799,14.220876584936441,152,0.3293519954284078,0.09355839858510817
3,JAM2,Pool,brain_anterior_cingulate_cortex_ba24,84.18822242462218,14.357502585989572,176,0.4783421728671715,0.08157671923857711
3,JAM2,Pool,brain_caudate_basal_ganglia,66.70713758467406,15.87824407401746,246,0.2711672259539596,0.06454570761795715
3,JAM2,Pool,brain_cerebellar_hemisphere,36.558605600790415,10.769930814250761,215,0.17004002605018798,0.05009270146163145
3,JAM2,Pool,brain_cerebellum,63.821148111203556,14.35117177826302,241,0.2648180419552015,0.05954843061519925
3,JAM2,Pool,brain_cortex,99.62092819823424,18.969065329870737,255,0.3906703066597421,0.07438849148968917
3,JAM2,Pool,brain_frontal_cortex_ba9,107.2097510888398,15.965060336423187,209,0.5129653162145444,0.07638784849963247
3,JAM2,Pool,brain_hypothalamus,65.04914772743936,18.760282500214082,202,0.32202548379920476,0.09287268564462417
3,JAM2,Pool,brain_nucleus_accumbens_basal_ganglia,75.470028747813,22.417696543436243,246,0.30678873474720736,0.0911288477375457
3,JAM2,Pool,brain_putamen_basal_ganglia,44.09743143371517,10.476041119545066,205,0.21510942162787888,0.05110263960753691
3,JAM2,Pool,brain_spinal_cord_cervical_c-1,32.04000711508602,17.5117073408388,159,0.20150947871123284,0.11013652415621887
3,JAM2,STL,brain_amygdala,44.56580236831731,12.76174822824286,152,0.29319606821261385,0.08395886992265039
3,JAM2,STL,brain_anterior_cingulate_cortex_ba24,91.05160096554687,15.614590682128496,176,0.5173386418496981,0.08871926523936645
3,JAM2,STL,brain_caudate_basal_ganglia,65.52991664151509,15.329626812158473,246,0.26638177496550847,0.06231555614698566
3,JAM2,STL,brain_cerebellar_hemisphere,28.32071669645954,8.375619308818298,215,0.131724263704463,0.03895636887822464
3,JAM2,STL,brain_cerebellum,51.53196407772942,11.821000438053,241,0.21382557708601418,0.049049794348767634
3,JAM2,STL,brain_cortex,99.63239047366523,18.857359717325043,255,0.3907152567594715,0.07395043026401978
3,JAM2,STL,brain_frontal_cortex_ba9,113.20130345654104,17.19352099023926,209,0.5416330308925409,0.08226565067100125
3,JAM2,STL,brain_hypothalamus,75.44976567277013,21.85400377145288,202,0.3735136914493571,0.10818813748244001
3,JAM2,STL,brain_nucleus_accumbens_basal_ganglia,81.30109884267388,24.194916852498874,246,0.3304922717181865,0.09835332053861331
3,JAM2,STL,brain_putamen_basal_ganglia,42.759996627460595,10.121947726406383,205,0.2085853494022468,0.049375354762957964
3,JAM2,STL,brain_spinal_cord_cervical_c-1,32.298205494938635,17.598153884755863,159,0.20313336789269582,0.1106802131116721
3,SH2D2A,ARMUL,brain_amygdala,297.8138446010077,16.669519916313043,152,1.959301609217156,0.10966789418627002
3,SH2D2A,ARMUL,brain_anterior_cingulate_cortex_ba24,288.0190228662543,16.125357911660043,176,1.6364717208309905,0.0916213517707957
3,SH2D2A,ARMUL,brain_caudate_basal_ganglia,140.04830229555006,12.253799215236857,246,0.5693020418518295,0.04981219193185714
3,SH2D2A,ARMUL,brain_cerebellar_hemisphere,140.05512224626438,4.141593406268755,215,0.651419173238439,0.019263225145436068
3,SH2D2A,ARMUL,brain_cerebellum,127.57485518685178,7.887849175692489,241,0.5293562455885966,0.03272966462942942
3,SH2D2A,ARMUL,brain_cortex,133.00634819182295,12.064902684669661,255,0.5215935223208743,0.047313343861449655
3,SH2D2A,ARMUL,brain_frontal_cortex_ba9,117.70443619237372,10.894118771764065,209,0.5631791205376733,0.05212497019982806
3,SH2D2A,ARMUL,brain_hypothalamus,152.17984381762454,15.679936917469004,202,0.7533655634535869,0.07762345008648022
3,SH2D2A,ARMUL,brain_nucleus_accumbens_basal_ganglia,174.14888798833468,11.383023708041444,246,0.7079223088956694,0.04627245409772945
3,SH2D2A,ARMUL,brain_putamen_basal_ganglia,118.18269990086486,10.089079691481196,205,0.57650097512617,0.04921502288527413
3,SH2D2A,ARMUL,brain_spinal_cord_cervical_c-1,100.93711402596577,17.607756740234716,159,0.634824616515508,0.11074060842914916
3,SH2D2A,COVER,brain_amygdala,284.79276397740074,16.15168744400666,152,1.8736366051144786,0.10626110160530698
3,SH2D2A,COVER,brain_anterior_cingulate_cortex_ba24,271.83252233865903,15.504423046648899,176,1.54450296783329,0.08809331276505056
3,SH2D2A,COVER,brain_caudate_basal_ganglia,143.71371045174956,12.6107645154469,246,0.5842020750071121,0.05126327038799553
3,SH2D2A,COVER,brain_cerebellar_hemisphere,146.57543851800494,4.311165644498671,215,0.6817462256651393,0.020051933230226377
3,SH2D2A,COVER,brain_cerebellum,135.57612621381438,8.407818586863971,241,0.5625565403062838,0.034887214053377476
3,SH2D2A,COVER,brain_cortex,140.2354468587954,12.799626707458401,255,0.5499429288580212,0.05019461453905255
3,SH2D2A,COVER,brain_frontal_cortex_ba9,126.10823804227068,11.668018308371066,209,0.6033886987668454,0.055827838796033806
3,SH2D2A,COVER,brain_hypothalamus,150.24609510719617,15.23915190486255,202,0.7437925500356246,0.07544134606367599
3,SH2D2A,COVER,brain_nucleus_accumbens_basal_ganglia,171.18576403078862,11.197500602311914,246,0.6958770895560513,0.045518295131349244
3,SH2D2A,COVER,brain_putamen_basal_ganglia,126.132453496616,10.933864810110624,205,0.6152802609591024,0.05333592590297865
3,SH2D2A,COVER,brain_spinal_cord_cervical_c-1,102.90149765121006,18.075211834530485,159,0.6471792305107551,0.11368057757566342
3,SH2D2A,FLARCC,brain_amygdala,299.40736728491765,16.794247020851635,152,1.9697853110849846,0.11048846724244497
3,SH2D2A,FLARCC,brain_anterior_cingulate_cortex_ba24,300.639891261611,16.705464437574886,176,1.7081812003500625,0.09491741157713003
3,SH2D2A,FLARCC,brain_caudate_basal_ganglia,149.42484265854915,12.914055577117985,246,0.6074180595875982,0.052496160882593436
3,SH2D2A,FLARCC,brain_cerebellar_hemisphere,145.73378980402953,4.2906580291414524,215,0.6778315804838583,0.019956548972750943
3,SH2D2A,FLARCC,brain_cerebellum,133.88889727498767,8.302006631601762,241,0.5555555903526459,0.034448160297102744
3,SH2D2A,FLARCC,brain_cortex,137.8283230091424,12.536482421331417,255,0.5405032274868329,0.04916267616208399
3,SH2D2A,FLARCC,brain_frontal_cortex_ba9,122.40015293393455,11.259162599647329,209,0.5856466647556677,0.053871591385872386
3,SH2D2A,FLARCC,brain_hypothalamus,160.25004084705543,16.308380022067528,202,0.793317033896314,0.08073455456469074
3,SH2D2A,FLARCC,brain_nucleus_accumbens_basal_ganglia,179.78659273666432,11.89545855314559,246,0.7308398078726192,0.048355522573762556
3,SH2D2A,FLARCC,brain_putamen_basal_ganglia,121.54985992844851,10.406156650161979,205,0.5929261459924318,0.0507617397568877
3,SH2D2A,FLARCC,brain_spinal_cord_cervical_c-1,95.50052806254544,16.64423150815187,159,0.6006322519656946,0.10468070130913125
3,SH2D2A,HPS,brain_amygdala,295.8201328868478,16.486269293988528,152,1.9461850847818933,0.10846229798676663
3,SH2D2A,HPS,brain_anterior_cingulate_cortex_ba24,306.2152327584112,16.97935912774885,176,1.7398592770364274,0.09647363140766392
3,SH2D2A,HPS,brain_caudate_basal_ganglia,148.29258929287624,12.836918781481998,246,0.6028154036295782,0.052182596672691046
3,SH2D2A,HPS,brain_cerebellar_hemisphere,149.7470661467267,4.423336647387119,215,0.6964979820777986,0.02057365882505637
3,SH2D2A,HPS,brain_cerebellum,129.86298105609265,8.048202693385521,241,0.5388505438012143,0.0333950319227615
3,SH2D2A,HPS,brain_cortex,141.43785809595525,12.836792593770008,255,0.5546582670429617,0.05034036311282356
3,SH2D2A,HPS,brain_frontal_cortex_ba9,125.17358780590564,11.47308542065223,209,0.5989166880665342,0.054895145553359954
3,SH2D2A,HPS,brain_hypothalamus,164.3149677224193,16.578522695130104,202,0.8134404342694025,0.08207189453034705
3,SH2D2A,HPS,brain_nucleus_accumbens_basal_ganglia,173.66431262519114,11.33804589240745,246,0.7059524903463055,0.04608961744881077
3,SH2D2A,HPS,brain_putamen_basal_ganglia,116.69142499362988,10.038833134028678,205,0.5692264633835604,0.04896991772696916
3,SH2D2A,HPS,brain_spinal_cord_cervical_c-1,92.81607967763213,16.16956739996946,159,0.5837489287901392,0.1016953924526381
3,SH2D2A,MMoE,brain_amygdala,276.553795702441,16.258974442741298,152,1.8194328664634276,0.10696693712329801
3,SH2D2A,MMoE,brain_anterior_cingulate_cortex_ba24,360.6115794673314,19.287687063106084,176,2.0489294287916557,0.10958913104037547
3,SH2D2A,MMoE,brain_caudate_basal_ganglia,178.75597870914442,15.348003577083114,246,0.7266503199558716,0.06239025844342729
3,SH2D2A,MMoE,brain_cerebellar_hemisphere,163.58096638541875,4.8408348995488035,215,0.7608417041182267,0.02251551116069211
3,SH2D2A,MMoE,brain_cerebellum,152.290437206406,9.396575469916192,241,0.6319105278274109,0.038989939709195814
3,SH2D2A,MMoE,brain_cortex,153.87884380181328,14.26328380826798,255,0.6034464462816207,0.055934446306933255
3,SH2D2A,MMoE,brain_frontal_cortex_ba9,153.32058121437638,14.270323999193925,209,0.7335912976764419,0.06827906219710012
3,SH2D2A,MMoE,brain_hypothalamus,178.68205938011906,17.89544062247401,202,0.884564650396629,0.08859129021026738
3,SH2D2A,MMoE,brain_nucleus_accumbens_basal_ganglia,193.01200709470544,12.684205679614976,246,0.7846016548565262,0.051561811705751935
3,SH2D2A,MMoE,brain_putamen_basal_ganglia,141.39488966344146,12.152218195988652,205,0.6897311690899584,0.05927911315116416
3,SH2D2A,MMoE,brain_spinal_cord_cervical_c-1,91.33688437293186,15.851729994531429,159,0.5744458136662381,0.09969641505994609
3,SH2D2A,Pool,brain_amygdala,270.1702271927457,15.366825496823619,152,1.7774357052154321,0.10109753616331328
3,SH2D2A,Pool,brain_anterior_cingulate_cortex_ba24,270.7991736728952,15.534286361168796,176,1.5386316685959955,0.08826299068845907
3,SH2D2A,Pool,brain_caudate_basal_ganglia,145.27998578386433,12.724520601711234,246,0.5905690479018876,0.0517256935028912
3,SH2D2A,Pool,brain_cerebellar_hemisphere,151.82215049281763,4.361228804020379,215,0.7061495371758959,0.020284785134978507
3,SH2D2A,Pool,brain_cerebellum,130.43552118763552,8.07681669931999,241,0.5412262289943383,0.03351376223784228
3,SH2D2A,Pool,brain_cortex,133.39167503722206,12.20061793965614,255,0.5231046079891061,0.04784556054767114
3,SH2D2A,Pool,brain_frontal_cortex_ba9,126.06696503583349,11.704516826974704,209,0.6031912202671459,0.056002472856338296
3,SH2D2A,Pool,brain_hypothalamus,166.88487146168274,17.222092540024075,202,0.8261627300083304,0.08525788386150532
3,SH2D2A,Pool,brain_nucleus_accumbens_basal_ganglia,188.54142618770376,12.268062399811003,246,0.7664285617386332,0.049870172356955296
3,SH2D2A,Pool,brain_putamen_basal_ganglia,128.55317182060418,11.182312382745447,205,0.6270886430273375,0.05454786528168511
3,SH2D2A,Pool,brain_spinal_cord_cervical_c-1,93.68500058866101,16.30033839701071,159,0.5892138401802579,0.10251785155352647
3,SH2D2A,STL,brain_amygdala,313.69323447322654,18.660872137825294,152,2.063771279429122,0.12276889564358746
3,SH2D2A,STL,brain_anterior_cingulate_cortex_ba24,310.80937020038925,17.243182673194283,176,1.7659623306840297,0.09797262882496752
3,SH2D2A,STL,brain_caudate_basal_ganglia,168.4421841456522,14.580772218734571,246,0.6847243257953342,0.05927143178347387
3,SH2D2A,STL,brain_cerebellar_hemisphere,156.74828943734937,4.6072529793449695,215,0.7290618113365087,0.021429083624860325
3,SH2D2A,STL,brain_cerebellum,141.48327440363983,8.777709725805925,241,0.5870675286458084,0.036422032057285995
3,SH2D2A,STL,brain_cortex,147.53653263791918,13.296591161278494,255,0.5785746377957615,0.05214349475011174
3,SH2D2A,STL,brain_frontal_cortex_ba9,129.24093582325725,11.794287470421652,209,0.6183776833648672,0.05643199746613231
3,SH2D2A,STL,brain_hypothalamus,166.12229607227735,16.87068787348845,202,0.8223876043182047,0.08351825679944777
3,SH2D2A,STL,brain_nucleus_accumbens_basal_ganglia,187.44653803687783,12.306223095436277,246,0.7619777968978774,0.05002529713591983
3,SH2D2A,STL,brain_putamen_basal_ganglia,146.79638128004427,12.300543903888018,205,0.7160799086831428,0.06000265318969765
3,SH2D2A,STL,brain_spinal_cord_cervical_c-1,101.39422848045817,17.639828090577637,159,0.6376995501915608,0.11094231503507948
4,JAM2,ARMUL,brain_amygdala,39.74202213760331,11.519296710382278,152,0.2614606719579165,0.07578484677883078
4,JAM2,ARMUL,brain_anterior_cingulate_cortex_ba24,81.53981022288184,13.322144506047271,176,0.4632943762663741,0.07569400287526859
4,JAM2,ARMUL,brain_caudate_basal_ganglia,54.48845753493778,12.649191131430078,246,0.22149779485747065,0.05141947614402471
4,JAM2,ARMUL,brain_cerebellar_hemisphere,30.051287107709545,8.87143448908107,215,0.13977342840795137,0.041262485995725906
4,JAM2,ARMUL,brain_cerebellum,56.41168368203872,12.362156262207527,241,0.23407337627401958,0.05129525420003123
4,JAM2,ARMUL,brain_cortex,102.02181339311973,19.184615225100746,255,0.4000855427181166,0.07523378519647352
4,JAM2,ARMUL,brain_frontal_cortex_ba9,90.65054368069235,14.28652912047741,209,0.43373465875929357,0.06835659866257134
4,JAM2,ARMUL,brain_hypothalamus,58.504407082909054,16.99322299183576,202,0.28962577763816366,0.08412486629621664
4,JAM2,ARMUL,brain_nucleus_accumbens_basal_ganglia,74.87422221928207,22.23045300462483,246,0.30436675698895155,0.09036769514075134
4,JAM2,ARMUL,brain_putamen_basal_ganglia,42.40868823056398,9.799562984356545,205,0.20687164990519016,0.04780274626515388
4,JAM2,ARMUL,brain_spinal_cord_cervical_c-1,29.962992893349213,15.25913707041607,159,0.18844649618458625,0.09596941553720799
4,JAM2,COVER,brain_amygdala,41.01091962893615,11.890767229556133,152,0.26980868176931677,0.07822873177339561
4,JAM2,COVER,brain_anterior_cingulate_cortex_ba24,82.47854352490162,13.227985373288131,176,0.46862808820966834,0.07515900780277347
4,JAM2,COVER,brain_caudate_basal_ganglia,53.25543766038808,12.443766383225666,246,0.216485518944667,0.050584416191974256
4,JAM2,COVER,brain_cerebellar_hemisphere,30.7630735750681,9.134558828833248,215,0.1430840631398516,0.04248632013410813
4,JAM2,COVER,brain_cerebellum,52.83404220087506,11.599594773248716,241,0.21922839087500026,0.04813109864418554
4,JAM2,COVER,brain_cortex,99.20447897103375,18.64276960451921,255,0.38903717243542646,0.07310890040987925
4,JAM2,COVER,brain_frontal_cortex_ba9,89.19136593776398,14.04889925365664,209,0.42675294707064104,0.06721961365385952
4,JAM2,COVER,brain_hypothalamus,59.65662296220253,17.328979571458024,202,0.295329816644567,0.08578702758147537
4,JAM2,COVER,brain_nucleus_accumbens_basal_ganglia,73.3038044346883,21.817481753173233,246,0.2979829448564565,0.08868895021615135
4,JAM2,COVER,brain_putamen_basal_ganglia,41.19002798240767,9.524417673532344,205,0.2009269657678423,0.04646057401723095
4,JAM2,COVER,brain_spinal_cord_cervical_c-1,31.206725510743578,15.989977416182334,159,0.19626871390404765,0.10056589569925997
4,JAM2,FLARCC,brain_amygdala,43.004894626496586,12.45276425081793,152,0.2829269383322144,0.08192608059748638
4,JAM2,FLARCC,brain_anterior_cingulate_cortex_ba24,86.81752401038014,14.052344748788334,176,0.49328138642261443,0.07984286789084281
4,JAM2,FLARCC,brain_caudate_basal_ganglia,55.62095611521081,12.907722129418291,246,0.22610144762280818,0.052470415160236955
4,JAM2,FLARCC,brain_cerebellar_hemisphere,31.704543185288472,9.380547249537157,215,0.14746299155948125,0.04363045232342864
4,JAM2,FLARCC,brain_cerebellum,57.33605361848892,12.53592117388828,241,0.23790893617630257,0.0520162704310717
4,JAM2,FLARCC,brain_cortex,97.75420973976792,18.47702905588163,255,0.38334984211673695,0.07245893747404561
4,JAM2,FLARCC,brain_frontal_cortex_ba9,92.5843102021193,14.556017740249132,209,0.44298713015368085,0.06964601789592886
4,JAM2,FLARCC,brain_hypothalamus,62.325565300868725,18.077607555012822,202,0.3085424024795481,0.08949310670798427
4,JAM2,FLARCC,brain_nucleus_accumbens_basal_ganglia,76.52938765549894,22.76897536366655,246,0.31109507177032086,0.09255681042140873
4,JAM2,FLARCC,brain_putamen_basal_ganglia,41.08671758469433,9.4724362672662,205,0.200423012608265,0.046207006181786345
4,JAM2,FLARCC,brain_spinal_cord_cervical_c-1,31.268186854259426,15.953089041361078,159,0.19665526323433602,0.10033389334189358
4,JAM2,HPS,brain_amygdala,38.51807563988933,11.128197554620144,152,0.25340839236769297,0.07321182601723779
4,JAM2,HPS,brain_anterior_cingulate_cortex_ba24,85.01052778586612,13.80423378872895,176,0.48301436241969387,0.07843314652686904
4,JAM2,HPS,brain_caudate_basal_ganglia,55.23076954915641,12.847159881636514,246,0.22451532337055452,0.05222422716112404
4,JAM2,HPS,brain_cerebellar_hemisphere,28.894384140983114,8.570610120704583,215,0.13439248437666565,0.03986330288699806
4,JAM2,HPS,brain_cerebellum,55.51337716624127,12.105456070181312,241,0.23034596334539947,0.05023010817502619
4,JAM2,HPS,brain_cortex,102.56233229551151,19.247668719162732,255,0.4022052246882804,0.07548105380063816
4,JAM2,HPS,brain_frontal_cortex_ba9,91.93975353510406,14.469100267899579,209,0.4399031269622204,0.06923014482248602
4,JAM2,HPS,brain_hypothalamus,62.125789895178876,18.02673375773389,202,0.3075534153226677,0.0892412562264054
4,JAM2,HPS,brain_nucleus_accumbens_basal_ganglia,78.52468762723441,23.18916456482747,246,0.31920604726518054,0.09426489660498971
4,JAM2,HPS,brain_putamen_basal_ganglia,43.039523625556924,9.916786633223614,205,0.20994889573442402,0.048374568942554215
4,JAM2,HPS,brain_spinal_cord_cervical_c-1,28.950631708088117,14.7209255863375,159,0.1820794447049567,0.09258443764992139
4,JAM2,MMoE,brain_amygdala,60.427782086680466,17.453205475511915,152,0.39755119793868726,0.11482372023363102
4,JAM2,MMoE,brain_anterior_cingulate_cortex_ba24,106.35385654656129,17.15721585945883,176,0.6042832758327346,0.09748418101965245
4,JAM2,MMoE,brain_caudate_basal_ganglia,69.28235074581751,15.915734620461944,246,0.28163557213746954,0.06469810821325993
4,JAM2,MMoE,brain_cerebellar_hemisphere,30.754009395367575,9.08495863731734,215,0.14304190416450036,0.042255621568917864
4,JAM2,MMoE,brain_cerebellum,55.41641165117029,11.982071431279655,241,0.22994361680983524,0.04971813871900272
4,JAM2,MMoE,brain_cortex,102.85031530475628,19.604090668791983,255,0.40333456982257365,0.07687878693643915
4,JAM2,MMoE,brain_frontal_cortex_ba9,108.86325280692458,17.00247463507586,209,0.5208768076886343,0.08135155327787492
4,JAM2,MMoE,brain_hypothalamus,70.73037470140326,20.508612272391495,202,0.35015036980892705,0.10152778352669058
4,JAM2,MMoE,brain_nucleus_accumbens_basal_ganglia,90.82603294932034,26.538922355523034,246,0.3692115160541477,0.10788179819318307
4,JAM2,MMoE,brain_putamen_basal_ganglia,45.36175992774811,10.623814478851903,205,0.22127687769633225,0.05182348526269221
4,JAM2,MMoE,brain_spinal_cord_cervical_c-1,35.405560598028444,17.58179563792566,159,0.22267648174860658,0.11057733105613622
4,JAM2,Pool,brain_amygdala,44.03469397931923,12.78771063210862,152,0.2897019340744686,0.08412967521124093
4,JAM2,Pool,brain_anterior_cingulate_cortex_ba24,82.34528830747875,13.149232036563731,176,0.4678709562924929,0.07471154566229393
4,JAM2,Pool,brain_caudate_basal_ganglia,67.78308482064618,15.4256985723604,246,0.27554099520587877,0.0627060917575626
4,JAM2,Pool,brain_cerebellar_hemisphere,36.12034033414633,10.67703810014562,215,0.1680015829495178,0.04966064232625869
4,JAM2,Pool,brain_cerebellum,58.316835823441075,12.88292501268096,241,0.24197857188149824,0.053456120384568304
4,JAM2,Pool,brain_cortex,108.10069117182968,20.424007351600455,255,0.4239242791052144,0.08009414647686453
4,JAM2,Pool,brain_frontal_cortex_ba9,102.85677172722092,16.122649515269906,209,0.4921376637666073,0.07714186370942538
4,JAM2,Pool,brain_hypothalamus,62.137212494619725,18.064658903333186,202,0.3076099628446521,0.08942900447194646
4,JAM2,Pool,brain_nucleus_accumbens_basal_ganglia,69.6655332726412,20.840917310902967,246,0.2831932246855333,0.08471917606058116
4,JAM2,Pool,brain_putamen_basal_ganglia,50.60190942513794,11.743695278556132,205,0.24683858256164848,0.05728631843198113
4,JAM2,Pool,brain_spinal_cord_cervical_c-1,31.171013277105487,16.320251417749233,159,0.1960441086610408,0.10264309067766814
4,JAM2,STL,brain_amygdala,45.83057646311174,13.280386696321656,152,0.3015169504152088,0.08737096510737932
4,JAM2,STL,brain_anterior_cingulate_cortex_ba24,118.89799880050991,19.44956530421816,176,0.6755568113665336,0.11050889377396683
4,JAM2,STL,brain_caudate_basal_ganglia,67.39580771516884,15.641188533215995,246,0.27396669802914164,0.0635820672081951
4,JAM2,STL,brain_cerebellar_hemisphere,34.43820239325828,10.20339261764164,215,0.1601776855500385,0.04745764008205414
4,JAM2,STL,brain_cerebellum,63.17664680952466,13.720624579452295,241,0.2621437626951231,0.05693205219689749
4,JAM2,STL,brain_cortex,104.56104112061509,19.678620883642903,255,0.41004329851221605,0.0771710622887957
4,JAM2,STL,brain_frontal_cortex_ba9,112.73478375106797,17.67447026269903,209,0.5394008791917128,0.08456684336219633
4,JAM2,STL,brain_hypothalamus,70.14490254359009,20.349568951374643,202,0.34725199279005,0.10074044035333982
4,JAM2,STL,brain_nucleus_accumbens_basal_ganglia,85.1490528586906,24.894033100139573,246,0.3461343612141894,0.10119525650463242
4,JAM2,STL,brain_putamen_basal_ganglia,50.14996135388694,11.754675365752092,205,0.2446339578238387,0.057339879832937035
4,JAM2,STL,brain_spinal_cord_cervical_c-1,35.00357971155411,17.87444615622104,159,0.22014830007266736,0.11241790035359145
4,SH2D2A,ARMUL,brain_amygdala,164.12294686824,14.18675838947346,152,1.0797562293963159,0.09333393677285172
4,SH2D2A,ARMUL,brain_anterior_cingulate_cortex_ba24,146.89589548078575,12.419970513623616,176,0.8346357697771918,0.07056801428195236
4,SH2D2A,ARMUL,brain_caudate_basal_ganglia,142.66809717113063,12.447056966133243,246,0.5799516145167911,0.050597792545257085
4,SH2D2A,ARMUL,brain_cerebellar_hemisphere,157.62025040568244,4.557565616460408,215,0.7331174437473602,0.02119797961144376
4,SH2D2A,ARMUL,brain_cerebellum,120.88588048271875,7.461171792291254,241,0.5016011638287085,0.030959219055150432
4,SH2D2A,ARMUL,brain_cortex,141.40063768165632,12.8347401006497,255,0.5545123046339464,0.050332314120194906
4,SH2D2A,ARMUL,brain_frontal_cortex_ba9,99.99392986463967,10.152019440230742,209,0.47843985581167303,0.04857425569488393
4,SH2D2A,ARMUL,brain_hypothalamus,110.562360230555,13.699532949263313,202,0.5473384169829455,0.06781947004585799
4,SH2D2A,ARMUL,brain_nucleus_accumbens_basal_ganglia,152.71096558072412,11.499120792383668,246,0.6207762828484721,0.046744393464974256
4,SH2D2A,ARMUL,brain_putamen_basal_ganglia,105.43591498608505,9.703842359283692,205,0.514321536517488,0.04733581638674972
4,SH2D2A,ARMUL,brain_spinal_cord_cervical_c-1,98.77535459281049,16.525790837158777,159,0.6212286452378019,0.10393579142867156
4,SH2D2A,COVER,brain_amygdala,155.52806769159488,13.608695383798329,152,1.0232109716552296,0.08953089068288374
4,SH2D2A,COVER,brain_anterior_cingulate_cortex_ba24,138.97587451734864,11.878638714255606,176,0.7896356506667537,0.06749226542190685
4,SH2D2A,COVER,brain_caudate_basal_ganglia,140.11789669156093,12.201154198167742,246,0.5695849459006542,0.049598187797429846
4,SH2D2A,COVER,brain_cerebellar_hemisphere,148.91521910257083,4.304982058209951,215,0.6926289260584689,0.020023172363767217
4,SH2D2A,COVER,brain_cerebellum,117.68305226598716,7.285895048875823,241,0.4883114201908181,0.03023192966338516
4,SH2D2A,COVER,brain_cortex,133.2891028403983,11.979978528961315,255,0.5227023640799934,0.046980307956711036
4,SH2D2A,COVER,brain_frontal_cortex_ba9,99.39513866801781,10.067009336475433,209,0.47557482616276464,0.0481675087869638
4,SH2D2A,COVER,brain_hypothalamus,117.65265372727093,14.445231712038254,202,0.5824388798379749,0.0715110480793973
4,SH2D2A,COVER,brain_nucleus_accumbens_basal_ganglia,146.18360235512478,11.071502484210612,246,0.5942422859964421,0.04500610765939273
4,SH2D2A,COVER,brain_putamen_basal_ganglia,104.71071517524132,9.637655016001766,205,0.5107839764645918,0.04701295129756959
4,SH2D2A,COVER,brain_spinal_cord_cervical_c-1,97.81791771321997,16.354337945942383,159,0.6152070296428929,0.1028574713581282
4,SH2D2A,FLARCC,brain_amygdala,170.29174211484184,14.640186501367173,152,1.1203404086502753,0.09631701645636298
4,SH2D2A,FLARCC,brain_anterior_cingulate_cortex_ba24,149.50546530746783,12.677615515573827,176,0.8494628710651582,0.07203190633848765
4,SH2D2A,FLARCC,brain_caudate_basal_ganglia,146.28853449568186,12.798013898794498,246,0.5946688394133409,0.05202444674306706
4,SH2D2A,FLARCC,brain_cerebellar_hemisphere,156.890667696805,4.504759160622976,215,0.729724035799093,0.020952368188944075
4,SH2D2A,FLARCC,brain_cerebellum,125.97367361490232,7.775741479458403,241,0.5227123386510469,0.03226448746663238
4,SH2D2A,FLARCC,brain_cortex,139.17955911286882,12.562420568420356,255,0.5458021925994856,0.04926439438596218
4,SH2D2A,FLARCC,brain_frontal_cortex_ba9,94.86629204653158,9.697543650869136,209,0.45390570357192145,0.046399730386933666
4,SH2D2A,FLARCC,brain_hypothalamus,108.52643380776534,13.519180082419474,202,0.537259573305769,0.06692663407138354
4,SH2D2A,FLARCC,brain_nucleus_accumbens_basal_ganglia,152.07940456883105,11.464973217264292,246,0.6182089616619149,0.04660558218400119
4,SH2D2A,FLARCC,brain_putamen_basal_ganglia,111.41133001999627,10.232660738828944,205,0.5434699025365671,0.04991541823818997
4,SH2D2A,FLARCC,brain_spinal_cord_cervical_c-1,103.22356951449873,17.231270358192592,159,0.6492048397138285,0.10837276954838108
4,SH2D2A,HPS,brain_amygdala,168.2079238451125,14.411476896162542,152,1.1066310779283717,0.09481234800106936
4,SH2D2A,HPS,brain_anterior_cingulate_cortex_ba24,153.73402617138314,12.978765324724126,176,0.8734887850646769,0.0737429847995689
4,SH2D2A,HPS,brain_caudate_basal_ganglia,144.0469417537673,12.53842587712361,246,0.585556673795802,0.0509692108826163
4,SH2D2A,HPS,brain_cerebellar_hemisphere,157.1058208332135,4.496588132710254,215,0.7307247480614582,0.020914363407954672
4,SH2D2A,HPS,brain_cerebellum,125.52278610883333,7.7008016849722445,241,0.5208414361362379,0.031953533962540435
4,SH2D2A,HPS,brain_cortex,139.715149443841,12.592911659129696,255,0.5479025468385922,0.04938396729070469
4,SH2D2A,HPS,brain_frontal_cortex_ba9,95.36377161032789,9.6987148149331,209,0.45628598856616215,0.0464053340427421
4,SH2D2A,HPS,brain_hypothalamus,110.76344100162076,13.683193505896504,202,0.5483338663446572,0.06773858171235893
4,SH2D2A,HPS,brain_nucleus_accumbens_basal_ganglia,147.08399842879817,11.104634797460848,246,0.597902432637391,0.04514079185959694
4,SH2D2A,HPS,brain_putamen_basal_ganglia,112.54722111210701,10.347775040324025,205,0.5490108346932049,0.050476951416214756
4,SH2D2A,HPS,brain_spinal_cord_cervical_c-1,97.44773101874955,16.24699128698041,159,0.6128788114386764,0.10218233513824157
4,SH2D2A,MMoE,brain_amygdala,223.94128076106801,18.416630186558155,152,1.4732978997438686,0.12116204070104049
4,SH2D2A,MMoE,brain_anterior_cingulate_cortex_ba24,193.9322953755972,15.246229716760995,176,1.1018880419068022,0.08662630520886928
4,SH2D2A,MMoE,brain_caudate_basal_ganglia,163.68029648533516,14.284649755136549,246,0.6653670588834762,0.058067681931449386
4,SH2D2A,MMoE,brain_cerebellar_hemisphere,156.98482522848195,4.480808219956929,215,0.7301619778068928,0.020840968464915947
4,SH2D2A,MMoE,brain_cerebellum,122.61423471326226,7.600966155010902,241,0.5087727581463164,0.03153927865149752
4,SH2D2A,MMoE,brain_cortex,136.3221812569057,12.274662972639625,255,0.5345967892427674,0.04813593322603774
4,SH2D2A,MMoE,brain_frontal_cortex_ba9,103.19480877819149,10.5875390032774,209,0.4937550659243612,0.050658081355394256
4,SH2D2A,MMoE,brain_hypothalamus,151.96786893862532,18.406775878148608,202,0.7523161828644818,0.09112265286212182
4,SH2D2A,MMoE,brain_nucleus_accumbens_basal_ganglia,161.30198654047882,11.922332319128705,246,0.6556991322783692,0.04846476552491343
4,SH2D2A,MMoE,brain_putamen_basal_ganglia,101.53067335629103,9.158036424272776,205,0.4952715773477611,0.044673348411086715
4,SH2D2A,MMoE,brain_spinal_cord_cervical_c-1,98.70985726974241,16.48775967540093,159,0.620816712388317,0.10369660173208133
4,SH2D2A,Pool,brain_amygdala,165.74698158612986,14.465799195037727,152,1.0904406683298018,0.09516973154630083
4,SH2D2A,Pool,brain_anterior_cingulate_cortex_ba24,161.08461826507707,13.810789568454116,176,0.9152535128697561,0.07847039527530747
4,SH2D2A,Pool,brain_caudate_basal_ganglia,151.74274063386972,13.384115720638349,246,0.6168404090807712,0.05440697447413963
4,SH2D2A,Pool,brain_cerebellar_hemisphere,154.58283007531563,4.458856202290071,215,0.7189899073270495,0.02073886605716312
4,SH2D2A,Pool,brain_cerebellum,120.49827392323492,7.430966628792844,241,0.49999283785574655,0.030833886426526326
4,SH2D2A,Pool,brain_cortex,136.46924183274,12.372751292122693,255,0.5351734973832941,0.04852059330244193
4,SH2D2A,Pool,brain_frontal_cortex_ba9,98.27141942465772,10.054014728020178,209,0.47019817906534794,0.0481053336268908
4,SH2D2A,Pool,brain_hypothalamus,125.93217788734822,15.589047404233149,202,0.6234266232046941,0.0771735020011542
4,SH2D2A,Pool,brain_nucleus_accumbens_basal_ganglia,157.384101417646,11.793502177243363,246,0.639772769990431,0.04794106576115188
4,SH2D2A,Pool,brain_putamen_basal_ganglia,107.9545533666428,9.821457786748752,205,0.5266075773982576,0.047909550179262204
4,SH2D2A,Pool,brain_spinal_cord_cervical_c-1,98.42504309735017,16.259709361918468,159,0.6190254282852212,0.10226232303093376
4,SH2D2A,STL,brain_amygdala,203.59312556513478,17.32638546539054,152,1.3394284576653603,0.11398937806177988
4,SH2D2A,STL,brain_anterior_cingulate_cortex_ba24,224.5339633603078,17.951256133852876,176,1.2757611554562944,0.10199577348780044
4,SH2D2A,STL,brain_caudate_basal_ganglia,172.75594567480474,15.133383008161868,246,0.702259941767499,0.06151781710634906
4,SH2D2A,STL,brain_cerebellar_hemisphere,178.92899619964135,5.073238594532438,215,0.8322278893006574,0.023596458579220644
4,SH2D2A,STL,brain_cerebellum,146.31014515175625,8.993135853539588,241,0.6070960379740923,0.03731591640472858
4,SH2D2A,STL,brain_cortex,136.68778413924449,12.376460911227,255,0.5360305260362529,0.04853514082834117
4,SH2D2A,STL,brain_frontal_cortex_ba9,119.02288794185245,11.938862996914732,209,0.5694875021141266,0.05712374639672121
4,SH2D2A,STL,brain_hypothalamus,160.556912243566,19.941400779289022,202,0.7948361992255742,0.09871980583806447
4,SH2D2A,STL,brain_nucleus_accumbens_basal_ganglia,151.9496898842205,11.382873595925336,246,0.6176816661960183,0.046271843885875345
4,SH2D2A,STL,brain_putamen_basal_ganglia,116.00571301054116,10.551925814638093,205,0.5658815268806886,0.051472808851893134
4,SH2D2A,STL,brain_spinal_cord_cervical_c-1,92.25425729548354,15.312973820588475,159,0.5802154546885757,0.09630801145024198
5,JAM2,ARMUL,brain_amygdala,44.767947519553594,12.375488365762397,152,0.2945259705233789,0.08141768661685787
5,JAM2,ARMUL,brain_anterior_cingulate_cortex_ba24,72.7837923608327,12.379421373887203,176,0.41354427477745853,0.07033762144254092
5,JAM2,ARMUL,brain_caudate_basal_ganglia,53.56228771235749,12.390735816669023,246,0.217732876879502,0.05036884478320741
5,JAM2,ARMUL,brain_cerebellar_hemisphere,29.547139223619098,8.643775870893364,215,0.13742855452846092,0.0402036087018296
5,JAM2,ARMUL,brain_cerebellum,58.40606737977207,12.942042835628914,241,0.24234882730195878,0.053701422554476824
5,JAM2,ARMUL,brain_cortex,105.00425811902497,18.88706153353293,255,0.4117814043883332,0.07406690797463894
5,JAM2,ARMUL,brain_frontal_cortex_ba9,86.04894985412713,13.434814482657728,209,0.4117174634168762,0.06428140900793171
5,JAM2,ARMUL,brain_hypothalamus,64.00995945875644,18.450246876078598,202,0.31688098741958637,0.09133785582217127
5,JAM2,ARMUL,brain_nucleus_accumbens_basal_ganglia,70.12830084071194,20.64587372746785,246,0.28507439366143067,0.08392631596531647
5,JAM2,ARMUL,brain_putamen_basal_ganglia,47.65503789209387,11.344229357251592,205,0.23246359947362866,0.05533770418171508
5,JAM2,ARMUL,brain_spinal_cord_cervical_c-1,27.740803003116504,15.45371004323868,159,0.1744704591390975,0.09719314492602943
5,JAM2,COVER,brain_amygdala,40.28957391472839,11.37737701674199,152,0.26506298628110786,0.07485116458382889
5,JAM2,COVER,brain_anterior_cingulate_cortex_ba24,76.33017000784639,12.98499916765958,176,0.4336941477718545,0.07377840436170216
5,JAM2,COVER,brain_caudate_basal_ganglia,52.716939040492605,12.168556770397235,246,0.21429650016460408,0.04946567792844404
5,JAM2,COVER,brain_cerebellar_hemisphere,28.36307397517642,8.28878407740999,215,0.13192127430314612,0.038552484080976696
5,JAM2,COVER,brain_cerebellum,52.60933755336773,11.780919197645416,241,0.21829600644550926,0.04888348214790629
5,JAM2,COVER,brain_cortex,106.74402539473905,19.077935307408104,255,0.41860402115583945,0.074815432578071
5,JAM2,COVER,brain_frontal_cortex_ba9,89.93459984928501,14.046283873098822,209,0.43030909018796654,0.06720709987128623
5,JAM2,COVER,brain_hypothalamus,65.01293099409293,18.777028857628473,202,0.321846193040064,0.09295558840410136
5,JAM2,COVER,brain_nucleus_accumbens_basal_ganglia,70.39166098803136,20.70829071073252,246,0.28614496336598116,0.08418004353956308
5,JAM2,COVER,brain_putamen_basal_ganglia,46.74204350782233,11.134236877968974,205,0.22800996833084064,0.05431335062423889
5,JAM2,COVER,brain_spinal_cord_cervical_c-1,26.757206972043495,14.902450135347765,159,0.1682843205788899,0.09372610148017463
5,JAM2,FLARCC,brain_amygdala,46.71390055996966,12.94038255590097,152,0.3073282931576951,0.08513409576250637
5,JAM2,FLARCC,brain_anterior_cingulate_cortex_ba24,74.38136424133646,12.628145591538386,176,0.42262138773486624,0.07175082722464993
5,JAM2,FLARCC,brain_caudate_basal_ganglia,52.841057677603274,12.247160874926664,246,0.214801047469932,0.049785206808644976
5,JAM2,FLARCC,brain_cerebellar_hemisphere,28.725232076160555,8.407116206989167,215,0.1336057305867933,0.03910286607901938
5,JAM2,FLARCC,brain_cerebellum,56.45853588899479,12.566139892466271,241,0.2342677837717626,0.0521416593048393
5,JAM2,FLARCC,brain_cortex,108.83858918349145,19.60302651816576,255,0.4268179967980057,0.07687461379672847
5,JAM2,FLARCC,brain_frontal_cortex_ba9,92.08655050402194,14.375513119371014,209,0.44060550480393273,0.06878235942282782
5,JAM2,FLARCC,brain_hypothalamus,67.05258764762485,19.350370662984464,202,0.3319435032060636,0.09579391417319041
5,JAM2,FLARCC,brain_nucleus_accumbens_basal_ganglia,74.72155416750415,22.001337572575665,246,0.3037461551524559,0.08943633159583604
5,JAM2,FLARCC,brain_putamen_basal_ganglia,47.43378973966381,11.291084287915206,205,0.231384340193482,0.05507845994104978
5,JAM2,FLARCC,brain_spinal_cord_cervical_c-1,28.024033100850623,15.610084948469142,159,0.1762517805084945,0.09817663489603234
5,JAM2,HPS,brain_amygdala,47.58511480445064,13.057691523181791,152,0.3130599658187542,0.08590586528409073
5,JAM2,HPS,brain_anterior_cingulate_cortex_ba24,75.68392399901593,12.926471429013997,176,0.43002229544895415,0.07344586039212499
5,JAM2,HPS,brain_caudate_basal_ganglia,52.984828011696095,12.284874574468695,246,0.21538547972234184,0.04993851453036055
5,JAM2,HPS,brain_cerebellar_hemisphere,29.50283235684069,8.627259214253348,215,0.13722247607832877,0.04012678704303883
5,JAM2,HPS,brain_cerebellum,59.48492218236463,13.133899602838225,241,0.24682540324632626,0.054497508725469816
5,JAM2,HPS,brain_cortex,108.10013263215745,19.406498754623197,255,0.42392208875355863,0.07610391668479685
5,JAM2,HPS,brain_frontal_cortex_ba9,87.53989401187125,13.65673857635809,209,0.4188511675209151,0.06534324677683297
5,JAM2,HPS,brain_hypothalamus,68.37762025610851,19.694245457476086,202,0.3385030705747946,0.09749626464097072
5,JAM2,HPS,brain_nucleus_accumbens_basal_ganglia,71.11880145095449,20.9696873565667,246,0.28910081890631906,0.08524263153075894
5,JAM2,HPS,brain_putamen_basal_ganglia,46.902534044594105,11.167583186532163,205,0.22879284899802002,0.05447601554405933
5,JAM2,HPS,brain_spinal_cord_cervical_c-1,26.717084259447763,14.844774545495946,159,0.16803197647451423,0.09336336192135815
5,JAM2,MMoE,brain_amygdala,49.310486937395034,13.484931522893035,152,0.3244110982723358,0.08871665475587523
5,JAM2,MMoE,brain_anterior_cingulate_cortex_ba24,79.63932354165286,13.642001467551184,176,0.45249615648666397,0.07751137197472263
5,JAM2,MMoE,brain_caudate_basal_ganglia,59.89228682195463,13.750879734743627,246,0.24346458057705134,0.05589788510058385
5,JAM2,MMoE,brain_cerebellar_hemisphere,27.317104986842132,8.023007511887878,215,0.127056302264382,0.037316314008780826
5,JAM2,MMoE,brain_cerebellum,54.107284751115714,12.098184423065828,241,0.22451155498388262,0.05019993536541837
5,JAM2,MMoE,brain_cortex,124.07401136320607,22.05433070833203,255,0.48656475044394537,0.08648757140522366
5,JAM2,MMoE,brain_frontal_cortex_ba9,95.17382508751044,14.828798151877038,209,0.45537715352875807,0.0709511873295552
5,JAM2,MMoE,brain_hypothalamus,76.89764538211583,21.89964035346279,202,0.38068141278275164,0.10841406115575639
5,JAM2,MMoE,brain_nucleus_accumbens_basal_ganglia,78.56549900510733,23.15923889592611,246,0.31937194717523304,0.09414324754441508
5,JAM2,MMoE,brain_putamen_basal_ganglia,44.2781082300911,10.531639127685835,205,0.21599077185410293,0.05137384940334554
5,JAM2,MMoE,brain_spinal_cord_cervical_c-1,30.66545858604038,17.12794094135862,159,0.192864519409059,0.10772289900225547
5,JAM2,Pool,brain_amygdala,44.93348977065607,12.267579010936386,152,0.295615064280632,0.08070775665089727
5,JAM2,Pool,brain_anterior_cingulate_cortex_ba24,82.84828445693076,14.123064192037724,176,0.47072888895983384,0.08024468290930525
5,JAM2,Pool,brain_caudate_basal_ganglia,70.20631305576632,16.028298973148623,246,0.28539151648685496,0.06515568688271797
5,JAM2,Pool,brain_cerebellar_hemisphere,39.95667732821539,11.70336158046748,215,0.1858450108289088,0.05443423990915107
5,JAM2,Pool,brain_cerebellum,69.7851123975407,15.709236330882693,241,0.289564781732534,0.06518355324017715
5,JAM2,Pool,brain_cortex,114.63185441444533,20.461851570890392,255,0.449536683978217,0.08024255517996232
5,JAM2,Pool,brain_frontal_cortex_ba9,99.43633773023726,15.522693378793536,209,0.4757719508623792,0.074271260185615
5,JAM2,Pool,brain_hypothalamus,70.38594822169134,20.290956320970203,202,0.34844528822619475,0.10045027881668417
5,JAM2,Pool,brain_nucleus_accumbens_basal_ganglia,75.57878288394392,22.088446845789893,246,0.30723082473147934,0.08979043433247924
5,JAM2,Pool,brain_putamen_basal_ganglia,50.49345799441146,12.118367866943187,205,0.246309551192251,0.05911398959484481
5,JAM2,Pool,brain_spinal_cord_cervical_c-1,30.03615935382262,16.802400345249158,159,0.18890666260265798,0.10567547386949155
5,JAM2,STL,brain_amygdala,55.34720048611711,14.59744296025358,152,0.36412631898761255,0.09603580894903671
5,JAM2,STL,brain_anterior_cingulate_cortex_ba24,77.90539436258898,13.242332814523193,176,0.44264428615107376,0.07524052735524542
5,JAM2,STL,brain_caudate_basal_ganglia,58.120525107047925,13.515433266857475,246,0.23626229718312164,0.05494078563763201
5,JAM2,STL,brain_cerebellar_hemisphere,28.3326856901962,8.284814318696952,215,0.13177993344277303,0.03853402008696257
5,JAM2,STL,brain_cerebellum,61.12468161454141,13.52631967939624,241,0.25362938429270293,0.05612580779832465
5,JAM2,STL,brain_cortex,117.63641972437168,21.18425983262708,255,0.4613192930367517,0.08307552875540032
5,JAM2,STL,brain_frontal_cortex_ba9,103.60530185163395,16.16423369152516,209,0.4957191476154735,0.07734083105992899
5,JAM2,STL,brain_hypothalamus,78.80360787568574,22.444790302838864,202,0.3901168706717116,0.11111282328138052
5,JAM2,STL,brain_nucleus_accumbens_basal_ganglia,89.51237092224139,26.410969751359293,246,0.3638714265131764,0.10736166565593208
5,JAM2,STL,brain_putamen_basal_ganglia,44.2006026529333,10.492477659846708,205,0.2156126958679673,0.05118281785291077
5,JAM2,STL,brain_spinal_cord_cervical_c-1,31.688362375773647,17.67265517570612,159,0.19929787657719275,0.1111487746899756
5,SH2D2A,ARMUL,brain_amygdala,178.47151497194272,14.597529556690695,152,1.174154703762781,0.09603637866243879
5,SH2D2A,ARMUL,brain_anterior_cingulate_cortex_ba24,165.50633211040795,13.222274839951387,176,0.9403768869909542,0.07512656159063288
5,SH2D2A,ARMUL,brain_caudate_basal_ganglia,145.64514707826095,13.065753942309245,246,0.5920534434075648,0.053112820903696116
5,SH2D2A,ARMUL,brain_cerebellar_hemisphere,135.35190800021763,4.227328720830453,215,0.6295437581405471,0.0196619940503742
5,SH2D2A,ARMUL,brain_cerebellum,135.16231291882832,8.257560874015681,241,0.5608394726922337,0.03426373806645511
5,SH2D2A,ARMUL,brain_cortex,124.99678057838271,11.660118454825687,255,0.49018345324855966,0.04572595472480662
5,SH2D2A,ARMUL,brain_frontal_cortex_ba9,98.51225742295142,10.200243243000754,209,0.4713505139854135,0.04880499159330504
5,SH2D2A,ARMUL,brain_hypothalamus,135.37772903479407,15.954236871879086,202,0.6701867773999707,0.07898137065286677
5,SH2D2A,ARMUL,brain_nucleus_accumbens_basal_ganglia,170.81732989761855,11.30311268161311,246,0.6943793898277176,0.04594761252688256
5,SH2D2A,ARMUL,brain_putamen_basal_ganglia,104.71017158288744,9.447847875702008,205,0.5107813247945728,0.04608706280830248
5,SH2D2A,ARMUL,brain_spinal_cord_cervical_c-1,94.3925783957732,16.14611795322961,159,0.593664015067756,0.10154791165553213
5,SH2D2A,COVER,brain_amygdala,172.0627509722104,13.964886542012897,152,1.1319917827119106,0.09187425356587432
5,SH2D2A,COVER,brain_anterior_cingulate_cortex_ba24,158.44677910181818,12.705545198442154,176,0.9002657903512397,0.07219059771842133
5,SH2D2A,COVER,brain_caudate_basal_ganglia,145.31737763135436,13.039255462536719,246,0.5907210472819283,0.05300510350624683
5,SH2D2A,COVER,brain_cerebellar_hemisphere,132.76995761246292,4.145903241775427,215,0.617534686569595,0.01928327089197873
5,SH2D2A,COVER,brain_cerebellum,137.43047399477297,8.386963296249043,241,0.570250929438892,0.03480067757779686
5,SH2D2A,COVER,brain_cortex,122.07916799737744,11.39117463776384,255,0.4787418352838331,0.04467127308926996
5,SH2D2A,COVER,brain_frontal_cortex_ba9,96.3268904835712,9.935446471307271,209,0.4608942128400536,0.047538021393814696
5,SH2D2A,COVER,brain_hypothalamus,132.68824640655868,15.704697119009905,202,0.6568725069631618,0.07774602534163319
5,SH2D2A,COVER,brain_nucleus_accumbens_basal_ganglia,174.7751455378625,11.545081481575078,246,0.710468071292124,0.04693122553485804
5,SH2D2A,COVER,brain_putamen_basal_ganglia,100.68463592471876,9.06096630466002,205,0.491144565486433,0.0441998356324879
5,SH2D2A,COVER,brain_spinal_cord_cervical_c-1,93.22070585515165,15.936421014969662,159,0.5862937475166771,0.10022906298723058
5,SH2D2A,FLARCC,brain_amygdala,174.82122173500167,14.206636685745304,152,1.1501396166776425,0.09346471503779805
5,SH2D2A,FLARCC,brain_anterior_cingulate_cortex_ba24,161.13029946015303,12.890502179098783,176,0.9155130651145058,0.07324148965397036
5,SH2D2A,FLARCC,brain_caudate_basal_ganglia,147.52265351871637,13.26213959489601,246,0.5996855834094161,0.05391113656461793
5,SH2D2A,FLARCC,brain_cerebellar_hemisphere,137.75503203824766,4.303638187375931,215,0.6407210792476635,0.02001692180174852
5,SH2D2A,FLARCC,brain_cerebellum,136.52411558867146,8.369955764712408,241,0.56649010617706,0.03473010690752037
5,SH2D2A,FLARCC,brain_cortex,124.32529283869474,11.60420228363632,255,0.4875501679948813,0.04550667562210322
5,SH2D2A,FLARCC,brain_frontal_cortex_ba9,100.8354564103719,10.454698822549531,209,0.48246629861421964,0.05002248240454321
5,SH2D2A,FLARCC,brain_hypothalamus,137.45053813391013,16.2026890500471,202,0.6804482085837135,0.08021133193092624
5,SH2D2A,FLARCC,brain_nucleus_accumbens_basal_ganglia,172.96489571245226,11.481139969201461,246,0.70310933216444,0.046671300687810814
5,SH2D2A,FLARCC,brain_putamen_basal_ganglia,105.46172236610403,9.520920702900689,205,0.5144474261761172,0.0464435156239058
5,SH2D2A,FLARCC,brain_spinal_cord_cervical_c-1,95.90434217729043,16.38637450923361,159,0.6031719633791851,0.10305895917756988
5,SH2D2A,HPS,brain_amygdala,178.26844101642666,14.420193797417173,152,1.1728186908975438,0.0948696960356393
5,SH2D2A,HPS,brain_anterior_cingulate_cortex_ba24,179.12502564512553,14.340827704595227,176,1.0177558275291223,0.08148197559429106
5,SH2D2A,HPS,brain_caudate_basal_ganglia,147.52208679619542,13.229076035384246,246,0.599683279659331,0.053776731851155474
5,SH2D2A,HPS,brain_cerebellar_hemisphere,135.4883675331197,4.230808912344146,215,0.6301784536424173,0.01967818098764719
5,SH2D2A,HPS,brain_cerebellum,138.5349733946534,8.459367129357492,241,0.5748339145006366,0.03510110842057051
5,SH2D2A,HPS,brain_cortex,128.4566663768871,11.958422985984821,255,0.5037516328505377,0.04689577641562675
5,SH2D2A,HPS,brain_frontal_cortex_ba9,96.20133225067713,9.926178376853596,209,0.46029345574486663,0.04749367644427558
5,SH2D2A,HPS,brain_hypothalamus,141.31462217942874,16.65249914677216,202,0.6995773375219244,0.08243811458798099
5,SH2D2A,HPS,brain_nucleus_accumbens_basal_ganglia,176.91776788366835,11.681214716332018,246,0.7191779182262941,0.04748461266801633
5,SH2D2A,HPS,brain_putamen_basal_ganglia,103.3068025993355,9.344065907996065,205,0.5039356224357829,0.045580809307297875
5,SH2D2A,HPS,brain_spinal_cord_cervical_c-1,92.93416157120443,15.937265252384915,159,0.5844915822088329,0.10023437265650889
5,SH2D2A,MMoE,brain_amygdala,201.87847340634704,15.829045165794078,152,1.3281478513575464,0.10413845503811893
5,SH2D2A,MMoE,brain_anterior_cingulate_cortex_ba24,239.24670683338906,18.633012428328527,176,1.3593562888260742,0.10586938879732118
5,SH2D2A,MMoE,brain_caudate_basal_ganglia,152.50561434643862,13.690215819484429,246,0.6199415217334904,0.05565128381904239
5,SH2D2A,MMoE,brain_cerebellar_hemisphere,136.74020191877,4.266948211967125,215,0.6360009391570698,0.019846270753335466
5,SH2D2A,MMoE,brain_cerebellum,134.72611482259407,8.172150364085203,241,0.5590295220854525,0.03390933761031205
5,SH2D2A,MMoE,brain_cortex,139.6030638049771,13.127318599259624,255,0.5474629953136356,0.05147968078141029
5,SH2D2A,MMoE,brain_frontal_cortex_ba9,112.89566906901561,11.529453587423902,209,0.5401706654019885,0.05516484970059283
5,SH2D2A,MMoE,brain_hypothalamus,120.202991706462,14.373916203781018,202,0.5950643153785248,0.07115800100881692
5,SH2D2A,MMoE,brain_nucleus_accumbens_basal_ganglia,183.8090719416005,11.971178849699832,246,0.7471913493560997,0.048663328657316395
5,SH2D2A,MMoE,brain_putamen_basal_ganglia,100.43986291865563,9.003525528604136,205,0.48995055082271044,0.04391963672489822
5,SH2D2A,MMoE,brain_spinal_cord_cervical_c-1,119.55197634702265,20.113824403714723,159,0.7518992223083185,0.12650204027493536
5,SH2D2A,Pool,brain_amygdala,185.80292671995372,15.610759150430233,152,1.2223876757891692,0.10270236283177785
5,SH2D2A,Pool,brain_anterior_cingulate_cortex_ba24,157.06445219829075,13.023028986493426,176,0.8924116602175611,0.07399448287780355
5,SH2D2A,Pool,brain_caudate_basal_ganglia,151.98002994934998,13.606542219944679,246,0.6178049997941056,0.055311147235547475
5,SH2D2A,Pool,brain_cerebellar_hemisphere,132.60917784249858,4.143919400666459,215,0.6167868736860399,0.01927404372403004
5,SH2D2A,Pool,brain_cerebellum,134.32727313181238,8.151409086327291,241,0.5573745773104248,0.03382327421712569
5,SH2D2A,Pool,brain_cortex,130.49496584651695,12.2114320109853,255,0.5117449641039881,0.047887968670530585
5,SH2D2A,Pool,brain_frontal_cortex_ba9,103.33703747460876,10.745026729596528,209,0.49443558600291276,0.05141161114639487
5,SH2D2A,Pool,brain_hypothalamus,121.34432557035097,14.556858418827915,202,0.6007144830215395,0.07206365553875205
5,SH2D2A,Pool,brain_nucleus_accumbens_basal_ganglia,177.85079704778522,11.696053741430767,246,0.722970719706444,0.04754493390825515
5,SH2D2A,Pool,brain_putamen_basal_ganglia,110.08180681785052,9.796880414800086,205,0.5369844235017098,0.04778966056000042
5,SH2D2A,Pool,brain_spinal_cord_cervical_c-1,100.65739023310962,17.234252530083943,159,0.633065347378048,0.1083915253464399
5,SH2D2A,STL,brain_amygdala,207.3480910626241,16.241863702566235,152,1.3641321780435796,0.10685436646425155
5,SH2D2A,STL,brain_anterior_cingulate_cortex_ba24,224.50455488721735,17.873921831608758,176,1.2755940618591894,0.10155637404323158
5,SH2D2A,STL,brain_caudate_basal_ganglia,158.67600105652738,14.174894093135128,246,0.6450243945387292,0.05762152070380133
5,SH2D2A,STL,brain_cerebellar_hemisphere,142.30987507023252,4.44015705722735,215,0.6619063956755001,0.020651893289429537
5,SH2D2A,STL,brain_cerebellum,141.2948619551205,8.440135464141823,241,0.586285734253612,0.03502130897984159
5,SH2D2A,STL,brain_cortex,152.7135465856742,14.25293376709721,255,0.5988766532771538,0.055893857910185134
5,SH2D2A,STL,brain_frontal_cortex_ba9,108.57621654475327,11.14342645843908,209,0.5195034284437955,0.05331782994468459
5,SH2D2A,STL,brain_hypothalamus,151.76492446873596,17.73262222939724,202,0.7513115072709701,0.08778525856137248
5,SH2D2A,STL,brain_nucleus_accumbens_basal_ganglia,191.1541362432304,12.616233550752924,246,0.7770493343220748,0.05128550223883302
5,SH2D2A,STL,brain_putamen_basal_ganglia,108.16103664632138,9.769435524717949,205,0.5276148129088848,0.04765578304740463
5,SH2D2A,STL,brain_spinal_cord_cervical_c-1,104.25237904767425,17.96863935311753,159,0.6556753399224796,0.1130103103969656
6,JAM2,ARMUL,brain_amygdala,38.58422426891665,10.57912414383392,152,0.2538435807165569,0.06959950094627579
6,JAM2,ARMUL,brain_anterior_cingulate_cortex_ba24,62.62063239546768,10.525321621635527,176,0.35579904770152093,0.05980296375929277
6,JAM2,ARMUL,brain_caudate_basal_ganglia,62.59350883891851,14.831879924544022,246,0.25444515788178257,0.0602921948152196
6,JAM2,ARMUL,brain_cerebellar_hemisphere,29.884644763758228,8.787972335002515,215,0.13899834773841035,0.04087428993024425
6,JAM2,ARMUL,brain_cerebellum,47.38815797048006,10.913812758520118,241,0.19663136087336125,0.04528553011834074
6,JAM2,ARMUL,brain_cortex,105.27182042951942,19.697130624848906,255,0.4128306683510566,0.07724364950921139
6,JAM2,ARMUL,brain_frontal_cortex_ba9,84.31072208674969,13.025099361324544,209,0.4034005841471277,0.06232104957571553
6,JAM2,ARMUL,brain_hypothalamus,59.7637344259532,16.647558493054333,202,0.29586007141560994,0.08241365590620957
6,JAM2,ARMUL,brain_nucleus_accumbens_basal_ganglia,58.99308579515423,17.61307106629467,246,0.23980929185022046,0.07159784986298647
6,JAM2,ARMUL,brain_putamen_basal_ganglia,41.06857814226346,9.671348487113223,205,0.2003345275232364,0.047177309693235234
6,JAM2,ARMUL,brain_spinal_cord_cervical_c-1,28.460700806715604,14.92731855155214,159,0.17899811828123022,0.09388250661353548
6,JAM2,COVER,brain_amygdala,38.44327359227848,10.619294795489886,152,0.25291627363341107,0.06986378154927557
6,JAM2,COVER,brain_anterior_cingulate_cortex_ba24,62.90907805809425,10.577963995501566,176,0.35743794351189917,0.060102068156258896
6,JAM2,COVER,brain_caudate_basal_ganglia,67.62576828577555,16.034396767158707,246,0.2749014970966486,0.06518047466324678
6,JAM2,COVER,brain_cerebellar_hemisphere,29.979796662489036,8.810539786779778,215,0.13944091470925132,0.040979254822231526
6,JAM2,COVER,brain_cerebellum,49.415568998667304,11.376720421065123,241,0.20504385476625436,0.0472063088011001
6,JAM2,COVER,brain_cortex,104.96182396563768,19.67313218317278,255,0.4116149959436772,0.07714953797322659
6,JAM2,COVER,brain_frontal_cortex_ba9,88.27780013376146,13.59916470234278,209,0.4223818188218252,0.06506777369542
6,JAM2,COVER,brain_hypothalamus,59.89513800158504,16.597582012486363,202,0.2965105841662626,0.08216624758656615
6,JAM2,COVER,brain_nucleus_accumbens_basal_ganglia,57.714406937414445,17.21991145927298,246,0.23461141031469288,0.06999964007834544
6,JAM2,COVER,brain_putamen_basal_ganglia,40.71636675512249,9.593536055149077,205,0.19861642319571948,0.04679773685438574
6,JAM2,COVER,brain_spinal_cord_cervical_c-1,28.127932086682833,14.789930772456556,159,0.17690523324957758,0.09301843253117331
6,JAM2,FLARCC,brain_amygdala,36.679964122426554,10.191208422945195,152,0.2413155534370168,0.06704742383516575
6,JAM2,FLARCC,brain_anterior_cingulate_cortex_ba24,59.62556601674023,10.039681260012134,176,0.33878162509511495,0.05704364352279622
6,JAM2,FLARCC,brain_caudate_basal_ganglia,65.9983736648075,15.640935679021064,246,0.26828607180816055,0.06358103934561408
6,JAM2,FLARCC,brain_cerebellar_hemisphere,28.70663969680649,8.425804783417773,215,0.13351925440375112,0.039189789690315224
6,JAM2,FLARCC,brain_cerebellum,49.287569352178224,11.373041525420879,241,0.20451273590115446,0.047191043673945554
6,JAM2,FLARCC,brain_cortex,109.43490824285531,20.42911909601929,255,0.4291565029131581,0.08011419253340897
6,JAM2,FLARCC,brain_frontal_cortex_ba9,82.66773212070343,12.735182342994149,209,0.395539388137337,0.06093388680858444
6,JAM2,FLARCC,brain_hypothalamus,58.13971604755138,16.156658224656848,202,0.28782037647302666,0.07998345655770717
6,JAM2,FLARCC,brain_nucleus_accumbens_basal_ganglia,58.879716688818206,17.604534440439682,246,0.23934844182446424,0.07156314813186862
6,JAM2,FLARCC,brain_putamen_basal_ganglia,39.83017817434647,9.3816271906492,205,0.19429355206998278,0.045764035076337556
6,JAM2,FLARCC,brain_spinal_cord_cervical_c-1,27.97373107657087,14.597514403643993,159,0.17593541557591744,0.09180826668958486
6,JAM2,HPS,brain_amygdala,41.556627341082326,11.329595890744592,152,0.27339886408606795,0.0745368150706881
6,JAM2,HPS,brain_anterior_cingulate_cortex_ba24,64.64859782065199,10.860041118919387,176,0.3673215785264317,0.06170477908476924
6,JAM2,HPS,brain_caudate_basal_ganglia,61.41225749517262,14.576797211633515,246,0.2496433231511082,0.05925527321802242
6,JAM2,HPS,brain_cerebellar_hemisphere,27.94330801899597,8.220507881420284,215,0.12996887450695802,0.038234920378698994
6,JAM2,HPS,brain_cerebellum,47.82712489954785,11.018895749914327,241,0.1984528004130616,0.04572155912827521
6,JAM2,HPS,brain_cortex,115.00005843276932,21.40226912009788,255,0.45098062130497774,0.08393046713763874
6,JAM2,HPS,brain_frontal_cortex_ba9,84.9808246706891,13.0970400684032,209,0.40660681660616793,0.06266526348518277
6,JAM2,HPS,brain_hypothalamus,59.46135103035874,16.471638439834702,202,0.29436312391266706,0.08154276455363714
6,JAM2,HPS,brain_nucleus_accumbens_basal_ganglia,58.130877641125565,17.386186942645466,246,0.23630438065498197,0.07067555667742059
6,JAM2,HPS,brain_putamen_basal_ganglia,40.56466772538435,9.58500794219525,205,0.19787642792870416,0.04675613630339147
6,JAM2,HPS,brain_spinal_cord_cervical_c-1,28.217044678303097,14.730428439261669,159,0.17746568980064842,0.09264420402051364
6,JAM2,MMoE,brain_amygdala,46.01126898161212,12.614384132132713,152,0.3027057169842903,0.0829893692903468
6,JAM2,MMoE,brain_anterior_cingulate_cortex_ba24,88.89044397726107,14.96782460416412,176,0.5050593407798925,0.08504445797820523
6,JAM2,MMoE,brain_caudate_basal_ganglia,58.358252746642805,13.871524770568598,246,0.2372286697018,0.05638831207548211
6,JAM2,MMoE,brain_cerebellar_hemisphere,28.253565096004124,8.312532581533109,215,0.13141193067908893,0.03866294223968888
6,JAM2,MMoE,brain_cerebellum,47.17261753899422,10.892000275893702,241,0.19573700223649051,0.04519502189167511
6,JAM2,MMoE,brain_cortex,109.1240581052266,20.76281993849242,255,0.4279374827655945,0.08142282328820558
6,JAM2,MMoE,brain_frontal_cortex_ba9,98.6594617340289,15.23187476540745,209,0.4720548408326741,0.07287978356654283
6,JAM2,MMoE,brain_hypothalamus,63.94201430338211,17.863274294399336,202,0.31654462526426785,0.08843205096237294
6,JAM2,MMoE,brain_nucleus_accumbens_basal_ganglia,71.68907910292576,21.371245728680552,246,0.29141902074360065,0.08687498263691282
6,JAM2,MMoE,brain_putamen_basal_ganglia,42.8924546406827,10.221993027794989,205,0.20923148605211073,0.04986338062339019
6,JAM2,MMoE,brain_spinal_cord_cervical_c-1,27.094534736139373,14.175922871412304,159,0.17040587884364386,0.0891567476189453
6,JAM2,Pool,brain_amygdala,49.05647922525419,13.544196839660184,152,0.3227399949029881,0.08910655815565911
6,JAM2,Pool,brain_anterior_cingulate_cortex_ba24,81.2862347818778,13.529622727414711,176,0.46185360671521475,0.07687285640576541
6,JAM2,Pool,brain_caudate_basal_ganglia,60.78101083089554,14.274630817579594,246,0.24707727980038838,0.05802695454300648
6,JAM2,Pool,brain_cerebellar_hemisphere,42.67436246710518,12.451545301339872,215,0.19848540682374505,0.057914164192278475
6,JAM2,Pool,brain_cerebellum,64.86157305464438,14.894026551595315,241,0.26913515790308873,0.061800940048113345
6,JAM2,Pool,brain_cortex,110.61086659108933,20.984232367646605,255,0.4337681042787817,0.08229110732410433
6,JAM2,Pool,brain_frontal_cortex_ba9,95.18837866713936,14.83577034506396,209,0.4554467878810496,0.07098454710556919
6,JAM2,Pool,brain_hypothalamus,64.45317650324058,18.353011278043105,202,0.3190751312041613,0.09085649147546092
6,JAM2,Pool,brain_nucleus_accumbens_basal_ganglia,66.7067297965326,19.73967579454255,246,0.2711655682785878,0.08024258453066077
6,JAM2,Pool,brain_putamen_basal_ganglia,47.89668670591076,11.277264921621473,205,0.23364237417517444,0.055011048398153524
6,JAM2,Pool,brain_spinal_cord_cervical_c-1,31.641107729645988,16.489257775708772,159,0.19900067754494333,0.10370602374659606
6,JAM2,STL,brain_amygdala,47.528020295160104,13.136026626365084,152,0.31268434404710593,0.08642122780503345
6,JAM2,STL,brain_anterior_cingulate_cortex_ba24,83.480306199064,13.97019177497754,176,0.47431992158559094,0.0793760896305542
6,JAM2,STL,brain_caudate_basal_ganglia,65.33115207385083,15.47086118083601,246,0.2655737889180928,0.06288967959689436
6,JAM2,STL,brain_cerebellar_hemisphere,29.833318032095995,8.740593040565566,215,0.13875961875393486,0.04065392111890961
6,JAM2,STL,brain_cerebellum,52.471442438234604,12.020940033474531,241,0.21772382754454192,0.0498794192260354
6,JAM2,STL,brain_cortex,114.63277895324421,21.82898334849449,255,0.4495403096205655,0.08560385626860584
6,JAM2,STL,brain_frontal_cortex_ba9,107.48427162220315,16.509858417448832,209,0.5142788115894887,0.0789945378825303
6,JAM2,STL,brain_hypothalamus,80.06661473493561,22.475867669127837,202,0.39636937987591886,0.11126667162934573
6,JAM2,STL,brain_nucleus_accumbens_basal_ganglia,73.05324681091213,21.60290561211268,246,0.29696441793053713,0.08781668948013284
6,JAM2,STL,brain_putamen_basal_ganglia,50.36859168781059,11.996561141291151,205,0.24570044725761264,0.05851981044532269
6,JAM2,STL,brain_spinal_cord_cervical_c-1,27.353145855852013,14.326213352809068,159,0.1720323638732831,0.09010197077238408
6,SH2D2A,ARMUL,brain_amygdala,180.755907560401,15.633339569256481,152,1.1891836023710591,0.10285091821879264
6,SH2D2A,ARMUL,brain_anterior_cingulate_cortex_ba24,196.64593206335593,15.155196838735254,176,1.1173064321781587,0.0861090729473594
6,SH2D2A,ARMUL,brain_caudate_basal_ganglia,162.5658017499368,14.436670602503032,246,0.660836592479418,0.05868565285570338
6,SH2D2A,ARMUL,brain_cerebellar_hemisphere,131.06262334276002,3.858114081251328,215,0.6095935969430698,0.01794471665698292
6,SH2D2A,ARMUL,brain_cerebellum,132.3109774135158,8.193757990619869,241,0.5490082050353352,0.0339989958117007
6,SH2D2A,ARMUL,brain_cortex,151.745713700035,13.686229180668661,255,0.5950812301962157,0.053671486983014355
6,SH2D2A,ARMUL,brain_frontal_cortex_ba9,101.43408415468542,10.382481974330613,209,0.4853305461946671,0.04967694724560102
6,SH2D2A,ARMUL,brain_hypothalamus,124.60905339276084,15.662368611473251,202,0.6168765019443606,0.07753647827462005
6,SH2D2A,ARMUL,brain_nucleus_accumbens_basal_ganglia,171.03342969314036,12.745206284123078,246,0.6952578442810584,0.05180978164277674
6,SH2D2A,ARMUL,brain_putamen_basal_ganglia,101.24358271731262,9.105280455407327,205,0.493871135206403,0.044416002221499155
6,SH2D2A,ARMUL,brain_spinal_cord_cervical_c-1,119.50385919414745,18.796704450413785,159,0.7515965987053299,0.1182182669837345
6,SH2D2A,COVER,brain_amygdala,170.3582773953679,14.869599087691572,152,1.1207781407589994,0.09782630978744455
6,SH2D2A,COVER,brain_anterior_cingulate_cortex_ba24,193.42140692700198,15.068341502778267,176,1.0989852666306932,0.08561557672033106
6,SH2D2A,COVER,brain_caudate_basal_ganglia,148.01538966401944,13.10101292644346,246,0.6016885758699977,0.05325615010749374
6,SH2D2A,COVER,brain_cerebellar_hemisphere,133.03955390242245,3.9118750858451117,215,0.6187886228019649,0.018194767841140054
6,SH2D2A,COVER,brain_cerebellum,130.25486259866037,8.056979633799049,241,0.5404766082931965,0.03343145076265166
6,SH2D2A,COVER,brain_cortex,146.4454851530615,13.255424957195538,255,0.5742960202080843,0.05198205865566878
6,SH2D2A,COVER,brain_frontal_cortex_ba9,97.49372427142295,9.988431510180074,209,0.46647714962403325,0.047791538326220455
6,SH2D2A,COVER,brain_hypothalamus,118.11250599011314,15.009323578194907,202,0.5847153761886789,0.07430358207027182
6,SH2D2A,COVER,brain_nucleus_accumbens_basal_ganglia,166.4728474933776,12.501281054575747,246,0.6767188922495024,0.0508182156690071
6,SH2D2A,COVER,brain_putamen_basal_ganglia,99.93426996190107,9.003473477104263,205,0.48748424371659055,0.043919382815142745
6,SH2D2A,COVER,brain_spinal_cord_cervical_c-1,107.17035600292851,16.72676946008795,159,0.6740273962448334,0.10519980792508145
6,SH2D2A,FLARCC,brain_amygdala,165.61209388567133,14.671013072106833,152,1.0895532492478377,0.0965198228428081
6,SH2D2A,FLARCC,brain_anterior_cingulate_cortex_ba24,202.71713400523686,15.682770698773842,176,1.1518018977570277,0.08910665169757864
6,SH2D2A,FLARCC,brain_caudate_basal_ganglia,148.8547967901331,13.183439256403144,246,0.6051007999598906,0.05359121648944368
6,SH2D2A,FLARCC,brain_cerebellar_hemisphere,129.84291938773183,3.8156385910024975,215,0.6039205552917759,0.01774715623722092
6,SH2D2A,FLARCC,brain_cerebellum,131.23404453333768,8.109325956211352,241,0.5445396038727705,0.03364865541996412
6,SH2D2A,FLARCC,brain_cortex,148.59359082001242,13.501207654265603,255,0.5827199640000488,0.05294591236966903
6,SH2D2A,FLARCC,brain_frontal_cortex_ba9,100.34318748233795,10.314509375059975,209,0.48011094489156914,0.04935171949789462
6,SH2D2A,FLARCC,brain_hypothalamus,120.85900827632271,15.288236613867891,202,0.5983119221600134,0.07568433967261332
6,SH2D2A,FLARCC,brain_nucleus_accumbens_basal_ganglia,167.0911045767831,12.538225318829882,246,0.6792321324259475,0.05096839560499952
6,SH2D2A,FLARCC,brain_putamen_basal_ganglia,101.80971745550877,9.178223666907256,205,0.49663276807565254,0.044771822765401245
6,SH2D2A,FLARCC,brain_spinal_cord_cervical_c-1,103.86015630032367,16.362778095757786,159,0.6532085301907149,0.10291055406136973
6,SH2D2A,HPS,brain_amygdala,178.56242353037672,15.666734194125022,152,1.1747527863840574,0.10307061969819094
6,SH2D2A,HPS,brain_anterior_cingulate_cortex_ba24,206.50318213960418,15.861515871848946,176,1.1733135348841146,0.09012224927186901
6,SH2D2A,HPS,brain_caudate_basal_ganglia,157.0956768078036,13.88942755934538,246,0.638600312226844,0.05646108763961537
6,SH2D2A,HPS,brain_cerebellar_hemisphere,134.55076847254418,3.9610770879556534,215,0.6258175277792752,0.018423614362584436
6,SH2D2A,HPS,brain_cerebellum,130.66886210801363,8.06973730815354,241,0.5421944485809694,0.033484387170761576
6,SH2D2A,HPS,brain_cortex,150.2032862407456,13.60111666769125,255,0.5890324950617475,0.05333771242231863
6,SH2D2A,HPS,brain_frontal_cortex_ba9,101.4573195941653,10.404015104346175,209,0.48544172054624546,0.04977997657581902
6,SH2D2A,HPS,brain_hypothalamus,124.59627484687327,15.950046687853078,202,0.6168132418162043,0.07896062716758949
6,SH2D2A,HPS,brain_nucleus_accumbens_basal_ganglia,165.93481210172106,12.457386383744032,246,0.6745317565110612,0.050639782047739966
6,SH2D2A,HPS,brain_putamen_basal_ganglia,105.83000565242014,9.535895974251815,205,0.5162439300118056,0.04651656572805764
6,SH2D2A,HPS,brain_spinal_cord_cervical_c-1,106.72269551480777,16.653130207407756,159,0.6712119214767784,0.10473666797111796
6,SH2D2A,MMoE,brain_amygdala,193.22580423221268,17.160992742067002,152,1.271222396264557,0.11290126803991449
6,SH2D2A,MMoE,brain_anterior_cingulate_cortex_ba24,215.86429159636134,16.309679444618897,176,1.2265016567975076,0.09266863320806192
6,SH2D2A,MMoE,brain_caudate_basal_ganglia,149.47740699735328,13.215784869262148,246,0.6076317357615987,0.05372270272057784
6,SH2D2A,MMoE,brain_cerebellar_hemisphere,136.03917212237718,4.02176227393126,215,0.6327403354529171,0.018705871041540742
6,SH2D2A,MMoE,brain_cerebellum,130.3631156098499,8.075922340536977,241,0.5409257909122402,0.03351005120554762
6,SH2D2A,MMoE,brain_cortex,150.9728635322884,13.904576819909028,255,0.5920504452246603,0.05452775223493737
6,SH2D2A,MMoE,brain_frontal_cortex_ba9,102.43982088085858,10.521178083799088,209,0.49014268364047164,0.05034056499425401
6,SH2D2A,MMoE,brain_hypothalamus,138.9412374849446,18.062073109618257,202,0.6878279083413099,0.08941620351296167
6,SH2D2A,MMoE,brain_nucleus_accumbens_basal_ganglia,161.75355398905788,12.152181486549186,246,0.6575347723132434,0.04939911173393978
6,SH2D2A,MMoE,brain_putamen_basal_ganglia,108.37222571387609,9.79792804740341,205,0.5286450034823224,0.04779477096294346
6,SH2D2A,MMoE,brain_spinal_cord_cervical_c-1,104.06757339354571,16.41174981839398,159,0.6545130402109793,0.10321855231694327
6,SH2D2A,Pool,brain_amygdala,163.51082978495413,14.60573992502094,152,1.0757291433220666,0.09609039424355881
6,SH2D2A,Pool,brain_anterior_cingulate_cortex_ba24,179.39930267736946,13.665259207489864,176,1.0193142197577811,0.07764351822437422
6,SH2D2A,Pool,brain_caudate_basal_ganglia,156.40114082275403,13.836028454630458,246,0.6357769952144473,0.0562440181082539
6,SH2D2A,Pool,brain_cerebellar_hemisphere,138.49281652885662,4.066614279030814,215,0.6441526350179377,0.018914485018747974
6,SH2D2A,Pool,brain_cerebellum,130.76089522501988,8.118060098790158,241,0.5425763287345223,0.03368489667547783
6,SH2D2A,Pool,brain_cortex,142.68324962541664,12.897799926562275,255,0.5595421553937907,0.05057960755514618
6,SH2D2A,Pool,brain_frontal_cortex_ba9,103.858027524854,10.627690758389932,209,0.4969283613629378,0.05085019501621977
6,SH2D2A,Pool,brain_hypothalamus,117.26773837895874,14.88567752670371,202,0.580533358311677,0.07369147290447381
6,SH2D2A,Pool,brain_nucleus_accumbens_basal_ganglia,158.82266037759518,11.95979084982153,246,0.6456205706406308,0.048617035974884266
6,SH2D2A,Pool,brain_putamen_basal_ganglia,100.82702454436021,9.081312510627258,205,0.4918391441188303,0.044299085417693944
6,SH2D2A,Pool,brain_spinal_cord_cervical_c-1,114.62359323993218,18.134242099690344,159,0.7209031021379382,0.11405183710497072
6,SH2D2A,STL,brain_amygdala,210.51755918119161,18.106239581597983,152,1.3849839419815237,0.11911999724735516
6,SH2D2A,STL,brain_anterior_cingulate_cortex_ba24,249.26786492921383,18.772518492856364,176,1.416294687097806,0.10666203689122934
6,SH2D2A,STL,brain_caudate_basal_ganglia,173.5830136053273,15.346396225037001,246,0.7056220065257207,0.06238372449202033
6,SH2D2A,STL,brain_cerebellar_hemisphere,142.16232349309956,4.208074043097028,215,0.6612201092702306,0.019572437409753618
6,SH2D2A,STL,brain_cerebellum,127.96586288665995,7.936883986280474,241,0.5309786841770122,0.0329331285737779
6,SH2D2A,STL,brain_cortex,155.9324185049066,14.18177616100245,255,0.6114996804113983,0.05561480847451941
6,SH2D2A,STL,brain_frontal_cortex_ba9,108.79057289927141,11.125537144924461,209,0.520529056934313,0.05323223514317924
6,SH2D2A,STL,brain_hypothalamus,152.5629055037044,19.717736830440117,202,0.7552619084341802,0.09761255856653524
6,SH2D2A,STL,brain_nucleus_accumbens_basal_ganglia,175.1425574908303,13.139544883796178,246,0.7119616158163834,0.05341278408047227
6,SH2D2A,STL,brain_putamen_basal_ganglia,111.86953589756769,10.130940620591428,205,0.5457050531588667,0.04941922253947038
6,SH2D2A,STL,brain_spinal_cord_cervical_c-1,113.93197849980707,17.892009408479467,159,0.7165533238981577,0.11252836105961929
7,JAM2,ARMUL,brain_amygdala,34.75221530574681,10.089165993703855,152,0.22863299543254478,0.06637609206384115
7,JAM2,ARMUL,brain_anterior_cingulate_cortex_ba24,71.8384551641922,12.218883499179578,176,0.4081730407056375,0.06942547442715669
7,JAM2,ARMUL,brain_caudate_basal_ganglia,54.25089710929264,12.85009449586862,246,0.22053210207029528,0.05223615648727081
7,JAM2,ARMUL,brain_cerebellar_hemisphere,30.23443133261204,8.837359292559071,215,0.14062526201214903,0.041103996709577074
7,JAM2,ARMUL,brain_cerebellum,60.845318239661296,12.702683400860169,241,0.25247020016456967,0.05270822987908784
7,JAM2,ARMUL,brain_cortex,116.8376681622761,20.98675067290149,255,0.4581869339697102,0.08230098303098624
7,JAM2,ARMUL,brain_frontal_cortex_ba9,94.27734669618707,14.712566562621769,209,0.4510877832353448,0.07039505532354913
7,JAM2,ARMUL,brain_hypothalamus,61.22461810175096,17.8115605727503,202,0.30309216882054935,0.08817604243935792
7,JAM2,ARMUL,brain_nucleus_accumbens_basal_ganglia,64.29707696857982,18.927804139408163,246,0.26137023157959277,0.07694229324962668
7,JAM2,ARMUL,brain_putamen_basal_ganglia,45.30209378585117,10.673941011286797,205,0.22098582334561545,0.05206800493310632
7,JAM2,ARMUL,brain_spinal_cord_cervical_c-1,23.899516180586406,13.579217579534474,159,0.15031142251941138,0.08540388414801556
7,JAM2,COVER,brain_amygdala,32.33640941988935,9.455950384089306,152,0.21273953565716677,0.06221019989532438
7,JAM2,COVER,brain_anterior_cingulate_cortex_ba24,68.66693350847909,11.665939491008027,176,0.39015303129817663,0.06628374710800015
7,JAM2,COVER,brain_caudate_basal_ganglia,53.26912064094515,12.651600607461042,246,0.2165411408168502,0.05142927076203675
7,JAM2,COVER,brain_cerebellar_hemisphere,31.938313528923608,9.283461985586307,215,0.14855029548336562,0.04317889295621538
7,JAM2,COVER,brain_cerebellum,60.063743367715276,12.519808047853745,241,0.24922715090338288,0.051949410986945
7,JAM2,COVER,brain_cortex,120.58602803807163,21.636628104992113,255,0.472886384463026,0.08484952198036122
7,JAM2,COVER,brain_frontal_cortex_ba9,88.585999910521,13.837930664536078,209,0.42385645890201434,0.06621019456715826
7,JAM2,COVER,brain_hypothalamus,67.07034472703438,19.508366821107014,202,0.33203140953977417,0.0965760733718169
7,JAM2,COVER,brain_nucleus_accumbens_basal_ganglia,65.24250659439089,19.296763316212875,246,0.2652134414406134,0.07844212730167835
7,JAM2,COVER,brain_putamen_basal_ganglia,45.27306808146968,10.665433334629661,205,0.22084423454375454,0.0520265040713642
7,JAM2,COVER,brain_spinal_cord_cervical_c-1,25.024053588995066,14.329118908706516,159,0.15738398483644697,0.09012024470884601
7,JAM2,FLARCC,brain_amygdala,36.39728381248906,10.613921412424409,152,0.23945581455584905,0.06982843034489743
7,JAM2,FLARCC,brain_anterior_cingulate_cortex_ba24,71.8732290659038,12.219247188106028,176,0.4083706196926352,0.06942754084151152
7,JAM2,FLARCC,brain_caudate_basal_ganglia,55.43852386406235,13.147532085816636,246,0.2253598531059445,0.053445252381368435
7,JAM2,FLARCC,brain_cerebellar_hemisphere,30.769171701897744,8.98738594052592,215,0.1431124265204546,0.04180179507221358
7,JAM2,FLARCC,brain_cerebellum,58.702962307738716,12.231585276545482,241,0.24358075646364613,0.05075346587778209
7,JAM2,FLARCC,brain_cortex,119.40245951323084,21.41051119291976,255,0.46824493926757194,0.0839627889918422
7,JAM2,FLARCC,brain_frontal_cortex_ba9,92.15135931365865,14.364629082474174,209,0.4409155948021945,0.068730282691264
7,JAM2,FLARCC,brain_hypothalamus,66.24205739372414,19.318935283607107,202,0.32793097719665415,0.0956382934832035
7,JAM2,FLARCC,brain_nucleus_accumbens_basal_ganglia,67.82065363833058,19.959798448878196,246,0.2756937139769536,0.08113739206861055
7,JAM2,FLARCC,brain_putamen_basal_ganglia,45.06273218994405,10.629200930207215,205,0.21981820580460512,0.05184976063515715
7,JAM2,FLARCC,brain_spinal_cord_cervical_c-1,23.15800699679406,13.09521803407341,159,0.14564784274713247,0.0823598618495183
7,JAM2,HPS,brain_amygdala,36.89133067227899,10.761743101978062,152,0.24270612284394072,0.07080094146038199
7,JAM2,HPS,brain_anterior_cingulate_cortex_ba24,72.60318457484685,12.35629280214732,176,0.4125180941752662,0.07020620910310978
7,JAM2,HPS,brain_caudate_basal_ganglia,54.02643697704687,12.775076885515634,246,0.2196196625083206,0.051931206851689574
7,JAM2,HPS,brain_cerebellar_hemisphere,29.28403116000811,8.563588859886941,215,0.13620479609306096,0.039830645859939263
7,JAM2,HPS,brain_cerebellum,60.38889085899828,12.505421955339322,241,0.25057631061825014,0.051889717657009636
7,JAM2,HPS,brain_cortex,119.04874350842965,21.33498017087156,255,0.4668578176801163,0.08366658890537866
7,JAM2,HPS,brain_frontal_cortex_ba9,93.23524009232733,14.542039003051137,209,0.44610162723601593,0.0695791339858906
7,JAM2,HPS,brain_hypothalamus,65.07032520286565,18.930289677654486,202,0.3221303227864636,0.0937143053349232
7,JAM2,HPS,brain_nucleus_accumbens_basal_ganglia,67.3473443421978,19.85005515951714,246,0.2737696924479585,0.08069128113624854
7,JAM2,HPS,brain_putamen_basal_ganglia,44.22967910651403,10.414433589746345,205,0.2157545322268977,0.05080211507193339
7,JAM2,HPS,brain_spinal_cord_cervical_c-1,23.512395777059275,13.251909690687361,159,0.1478767030003728,0.08334534396658717
7,JAM2,MMoE,brain_amygdala,56.343326498056655,16.153833629042527,152,0.370679779592478,0.10627522124370084
7,JAM2,MMoE,brain_anterior_cingulate_cortex_ba24,75.11072579381563,12.783232230756068,176,0.42676548746486154,0.07263200131111403
7,JAM2,MMoE,brain_caudate_basal_ganglia,57.15284472432135,13.609319501609713,246,0.23232863709073717,0.055322436998413466
7,JAM2,MMoE,brain_cerebellar_hemisphere,29.3932380240994,8.6081252347917,215,0.13671273499581116,0.04003779178972884
7,JAM2,MMoE,brain_cerebellum,62.147283182575755,12.811916376296798,241,0.25787254432604045,0.05316147873982074
7,JAM2,MMoE,brain_cortex,128.54566256729115,23.119414124464996,255,0.5041006375187888,0.090664369115549
7,JAM2,MMoE,brain_frontal_cortex_ba9,99.5074380544434,15.506173131439368,209,0.47611214380116457,0.07419221593990129
7,JAM2,MMoE,brain_hypothalamus,87.94282170159505,24.85628942490277,202,0.43536050347324284,0.12305093774704341
7,JAM2,MMoE,brain_nucleus_accumbens_basal_ganglia,79.56828050057399,23.475975938156626,246,0.32344829471778047,0.09543079649657166
7,JAM2,MMoE,brain_putamen_basal_ganglia,46.70814092452232,10.977414427134082,205,0.22784458987571862,0.05354836305919065
7,JAM2,MMoE,brain_spinal_cord_cervical_c-1,26.25515969595668,14.423329834467937,159,0.16512679054060805,0.09071276625451533
7,JAM2,Pool,brain_amygdala,44.917259746870535,13.111105549873574,152,0.2955082878083588,0.08625727335443141
7,JAM2,Pool,brain_anterior_cingulate_cortex_ba24,79.31072677082814,13.512277290040979,176,0.45062912937970534,0.07677430278432375
7,JAM2,Pool,brain_caudate_basal_ganglia,59.11114443339982,13.970862082431347,246,0.24028920501382042,0.05679212228630629
7,JAM2,Pool,brain_cerebellar_hemisphere,42.32958778823058,12.378226405517616,215,0.19688180366618876,0.05757314607217496
7,JAM2,Pool,brain_cerebellum,69.1051441867479,14.736304065042468,241,0.2867433368744726,0.06114648989644177
7,JAM2,Pool,brain_cortex,119.58687446684466,21.16598280285912,255,0.4689681351640967,0.08300385412885929
7,JAM2,Pool,brain_frontal_cortex_ba9,99.16082103473889,15.2944746807546,209,0.4744536891614301,0.07317930469260574
7,JAM2,Pool,brain_hypothalamus,69.5318465956259,20.21600072756133,202,0.3442170623545836,0.10007921152258084
7,JAM2,Pool,brain_nucleus_accumbens_basal_ganglia,68.64834972834805,20.192262618435674,246,0.2790583322290571,0.08208236836762468
7,JAM2,Pool,brain_putamen_basal_ganglia,51.55964146504973,12.190843944003815,205,0.2515104461709743,0.05946753143416495
7,JAM2,Pool,brain_spinal_cord_cervical_c-1,29.941562158509804,16.77729930435663,159,0.1883117116887409,0.10551760568777756
7,JAM2,STL,brain_amygdala,50.14302355670863,14.496128481930423,152,0.32988831287308307,0.09536926632848963
7,JAM2,STL,brain_anterior_cingulate_cortex_ba24,90.25318927172651,15.339399169539238,176,0.5128022117711734,0.08715567709965476
7,JAM2,STL,brain_caudate_basal_ganglia,60.33826630647401,14.356757302303564,246,0.24527750531086998,0.0583608020418844
7,JAM2,STL,brain_cerebellar_hemisphere,28.923594402773546,8.426657466637451,215,0.13452834605941183,0.03919375565877884
7,JAM2,STL,brain_cerebellum,64.29413555739099,13.38609517471405,241,0.26678064546635266,0.05554396338055623
7,JAM2,STL,brain_cortex,120.69263085014192,21.81826726100144,255,0.4733044347064389,0.08556183239608409
7,JAM2,STL,brain_frontal_cortex_ba9,103.19160491050481,16.014756989605605,209,0.4937397364138986,0.07662563152921342
7,JAM2,STL,brain_hypothalamus,80.1390717408963,23.110999239435497,202,0.3967280779252292,0.1144108873239381
7,JAM2,STL,brain_nucleus_accumbens_basal_ganglia,75.1858879242505,22.15884278201846,246,0.3056336907489858,0.09007659667487179
7,JAM2,STL,brain_putamen_basal_ganglia,51.01133053284455,11.946390229054245,205,0.2488357586968027,0.05827507428806949
7,JAM2,STL,brain_spinal_cord_cervical_c-1,26.75767540556774,14.617755202416172,159,0.1682872667016839,0.09193556731079353
7,SH2D2A,ARMUL,brain_amygdala,167.21103273555974,13.624490927128857,152,1.1000725837865772,0.0896348087311109
7,SH2D2A,ARMUL,brain_anterior_cingulate_cortex_ba24,174.60257546322524,13.643854577632874,176,0.9920600878592343,0.0775219010092777
7,SH2D2A,ARMUL,brain_caudate_basal_ganglia,131.73886016127977,11.651485399662667,246,0.5355238217938202,0.04736376178724661
7,SH2D2A,ARMUL,brain_cerebellar_hemisphere,124.50493116031684,3.8263023444185813,215,0.5790927030712412,0.017796755090318982
7,SH2D2A,ARMUL,brain_cerebellum,125.26113708576854,7.899688922045129,241,0.519755755542608,0.032778792207656136
7,SH2D2A,ARMUL,brain_cortex,140.4351706541756,12.727774099769386,255,0.5507261594281396,0.04991283960693877
7,SH2D2A,ARMUL,brain_frontal_cortex_ba9,98.86431222323114,10.146469051155925,209,0.4730349867140246,0.0485476988093585
7,SH2D2A,ARMUL,brain_hypothalamus,117.43989116748219,14.996698429554302,202,0.5813855998390207,0.07424108133442724
7,SH2D2A,ARMUL,brain_nucleus_accumbens_basal_ganglia,154.46761810565084,11.020257522612386,246,0.6279171467709384,0.044797794807367425
7,SH2D2A,ARMUL,brain_putamen_basal_ganglia,104.79528464785378,9.182120303300914,205,0.5111965104773355,0.04479083074780934
7,SH2D2A,ARMUL,brain_spinal_cord_cervical_c-1,103.57934792959098,16.623405368622826,159,0.6514424398087483,0.10454971929951463
7,SH2D2A,COVER,brain_amygdala,163.81095117216324,13.349270400269106,152,1.077703626132653,0.08782414737019148
7,SH2D2A,COVER,brain_anterior_cingulate_cortex_ba24,178.7840071572636,13.574778798528452,176,1.0158182224844523,0.07712942499163894
7,SH2D2A,COVER,brain_caudate_basal_ganglia,134.81805701190441,11.920300722076695,246,0.548040882162213,0.04845650700031177
7,SH2D2A,COVER,brain_cerebellar_hemisphere,125.72957684504733,3.8721215682576293,215,0.584788729511848,0.01800986775933781
7,SH2D2A,COVER,brain_cerebellum,130.75193195798485,8.250561717974955,241,0.5425391367551239,0.03423469592520728
7,SH2D2A,COVER,brain_cortex,143.28340472811323,12.98560521564876,255,0.5618957048161303,0.050923942022152
7,SH2D2A,COVER,brain_frontal_cortex_ba9,100.36728600280036,10.310986650529491,209,0.4802262488172266,0.049334864356600436
7,SH2D2A,COVER,brain_hypothalamus,121.34490678845853,15.122167087143694,202,0.6007173603389037,0.07486221330269155
7,SH2D2A,COVER,brain_nucleus_accumbens_basal_ganglia,154.54305014301576,10.929583521828363,246,0.6282237810691698,0.044429201308245375
7,SH2D2A,COVER,brain_putamen_basal_ganglia,108.55661074626107,9.509302861821954,205,0.5295444426646881,0.046386843228399775
7,SH2D2A,COVER,brain_spinal_cord_cervical_c-1,95.92135436084476,15.468819312103497,159,0.6032789582443067,0.09728817177423583
7,SH2D2A,FLARCC,brain_amygdala,164.2816346946693,13.25015312085702,152,1.0808002282544031,0.08717206000563829
7,SH2D2A,FLARCC,brain_anterior_cingulate_cortex_ba24,183.48321510983976,13.809232391724375,176,1.0425182676695441,0.07846154768025214
7,SH2D2A,FLARCC,brain_caudate_basal_ganglia,136.8399601856434,12.112408855003391,246,0.556260000754648,0.049237434369932484
7,SH2D2A,FLARCC,brain_cerebellar_hemisphere,123.93356507932243,3.8110981937707975,215,0.5764351864154532,0.017726038110561847
7,SH2D2A,FLARCC,brain_cerebellum,128.58640470884123,8.098643536788956,241,0.5335535465097146,0.03360433002816994
7,SH2D2A,FLARCC,brain_cortex,139.3476351875527,12.563721593707156,255,0.546461314460991,0.049269496445910416
7,SH2D2A,FLARCC,brain_frontal_cortex_ba9,94.26545067245178,9.662931053050812,209,0.45103086446149177,0.046234119871056516
7,SH2D2A,FLARCC,brain_hypothalamus,118.54524555049665,14.989370497542218,202,0.5868576512400824,0.0742048044432783
7,SH2D2A,FLARCC,brain_nucleus_accumbens_basal_ganglia,158.07808188868674,11.269725193683882,246,0.6425938288157997,0.04581189103123529
7,SH2D2A,FLARCC,brain_putamen_basal_ganglia,113.9459978019346,9.957177599759069,205,0.5558341356191931,0.04857159804760521
7,SH2D2A,FLARCC,brain_spinal_cord_cervical_c-1,103.5527103892153,16.695006900716745,159,0.6512749081082724,0.10500004340073424
7,SH2D2A,HPS,brain_amygdala,172.34423242838486,13.850394562956797,152,1.1338436343972689,0.09112101686155788
7,SH2D2A,HPS,brain_anterior_cingulate_cortex_ba24,176.12230531172952,13.388516317792934,176,1.0006949165439176,0.0760711154420053
7,SH2D2A,HPS,brain_caudate_basal_ganglia,138.88521371910383,12.261812360894872,246,0.5645740395085521,0.0498447656946946
7,SH2D2A,HPS,brain_cerebellar_hemisphere,126.49524294387454,3.8994219768530094,215,0.5883499671808118,0.018136846403967486
7,SH2D2A,HPS,brain_cerebellum,121.42990388847558,7.645379581104756,241,0.5038585223588198,0.03172356672657575
7,SH2D2A,HPS,brain_cortex,137.61042679853696,12.424731963481184,255,0.5396487325432822,0.04872443907247523
7,SH2D2A,HPS,brain_frontal_cortex_ba9,96.23168420143331,9.87186059886604,209,0.46043868038963304,0.04723378276969397
7,SH2D2A,HPS,brain_hypothalamus,118.54803459606218,14.95826069222823,202,0.5868714583963475,0.07405079550608035
7,SH2D2A,HPS,brain_nucleus_accumbens_basal_ganglia,161.13954353892842,11.332479807223892,246,0.6550387948736928,0.04606699108627599
7,SH2D2A,HPS,brain_putamen_basal_ganglia,107.8204089478719,9.511221996318467,205,0.5259532143798629,0.04639620486009008
7,SH2D2A,HPS,brain_spinal_cord_cervical_c-1,104.91561963950187,16.94317685749548,159,0.6598466643993828,0.10656086073896529
7,SH2D2A,MMoE,brain_amygdala,234.18898180357954,18.41474375892569,152,1.5407169855498655,0.12114962999293218
7,SH2D2A,MMoE,brain_anterior_cingulate_cortex_ba24,235.05462837364345,16.695671078429378,176,1.3355376612138832,0.09486176749107601
7,SH2D2A,MMoE,brain_caudate_basal_ganglia,146.07890244523006,12.903940310409572,246,0.5938166766066263,0.05245504191223403
7,SH2D2A,MMoE,brain_cerebellar_hemisphere,146.84085528736867,4.506772378063968,215,0.682980722266831,0.020961731990995203
7,SH2D2A,MMoE,brain_cerebellum,129.99559777819653,8.188211910070367,241,0.5394008206564171,0.033975983029337624
7,SH2D2A,MMoE,brain_cortex,134.97293358068302,12.219166956428504,255,0.5293056218850315,0.0479183017899157
7,SH2D2A,MMoE,brain_frontal_cortex_ba9,105.1452704319774,10.766928611453023,209,0.5030874183348201,0.05151640483948815
7,SH2D2A,MMoE,brain_hypothalamus,130.9176514245244,16.62427708483442,202,0.6481071852699227,0.08229840141007139
7,SH2D2A,MMoE,brain_nucleus_accumbens_basal_ganglia,175.33072734422265,12.282598700154018,246,0.7127265339196043,0.04992926300875617
7,SH2D2A,MMoE,brain_putamen_basal_ganglia,109.74338243318624,9.64454357060939,205,0.535333572844811,0.04704655400297263
7,SH2D2A,MMoE,brain_spinal_cord_cervical_c-1,96.7745476660263,15.541160170281252,159,0.6086449538743792,0.09774314572503932
7,SH2D2A,Pool,brain_amygdala,170.07179124435083,13.65447622175564,152,1.1188933634496765,0.08983208040628711
7,SH2D2A,Pool,brain_anterior_cingulate_cortex_ba24,185.55983535831928,13.951360905365743,176,1.0543172463540869,0.07926909605321444
7,SH2D2A,Pool,brain_caudate_basal_ganglia,137.65601228652358,12.147131758952536,246,0.5595772857175755,0.04937858438598592
7,SH2D2A,Pool,brain_cerebellar_hemisphere,137.67221619407786,4.227464628834301,215,0.6403358892747808,0.019662626180624657
7,SH2D2A,Pool,brain_cerebellum,133.63863056146943,8.4158970042686,241,0.5545171392592092,0.03492073445754606
7,SH2D2A,Pool,brain_cortex,142.01746459697517,12.848266707887696,255,0.5569312337136282,0.05038535963877528
7,SH2D2A,Pool,brain_frontal_cortex_ba9,97.54068613084067,10.034229092856776,209,0.46670184751598404,0.04801066551606113
7,SH2D2A,Pool,brain_hypothalamus,116.72760809885543,14.741742997806817,202,0.5778594460339378,0.07297892573171691
7,SH2D2A,Pool,brain_nucleus_accumbens_basal_ganglia,180.1095611019856,12.811990529155679,246,0.7321526874064456,0.05208126231364097
7,SH2D2A,Pool,brain_putamen_basal_ganglia,111.47755023834716,9.706038347627034,205,0.5437929279919373,0.04734652852500992
7,SH2D2A,Pool,brain_spinal_cord_cervical_c-1,116.79157444940444,18.52144051046932,159,0.7345382040843046,0.11648704723565609
7,SH2D2A,STL,brain_amygdala,196.2638737939385,16.38283190285654,152,1.2912096960127533,0.1077817888345825
7,SH2D2A,STL,brain_anterior_cingulate_cortex_ba24,259.8791198960727,18.7520184109756,176,1.4765859085004132,0.10654555915327046
7,SH2D2A,STL,brain_caudate_basal_ganglia,162.88816091800186,14.401333969727649,246,0.6621469956016336,0.058542008007022965
7,SH2D2A,STL,brain_cerebellar_hemisphere,149.04046122018013,4.573958822771861,215,0.6932114475357215,0.021274227082659816
7,SH2D2A,STL,brain_cerebellum,135.46056228134552,8.516854893477015,241,0.5620770219142968,0.03533964686090048
7,SH2D2A,STL,brain_cortex,150.5331272339984,13.63325259104091,255,0.590325989152935,0.05346373565114082
7,SH2D2A,STL,brain_frontal_cortex_ba9,115.23276915538798,11.792361966471194,209,0.5513529624659712,0.05642278452857031
7,SH2D2A,STL,brain_hypothalamus,137.22355009883404,17.00962673320572,202,0.6793245054397725,0.08420607293666199
7,SH2D2A,STL,brain_nucleus_accumbens_basal_ganglia,174.39399898489256,12.151318848273174,246,0.7089186950605388,0.049395605074281194
7,SH2D2A,STL,brain_putamen_basal_ganglia,116.74841250156398,10.397315555749755,205,0.5695044512271413,0.050718612467071975
7,SH2D2A,STL,brain_spinal_cord_cervical_c-1,99.75857938460216,16.136682131398683,159,0.627412448959762,0.10148856686414266
8,JAM2,ARMUL,brain_amygdala,38.78565358814024,11.068009983295926,152,0.2551687736061858,0.07281585515326268
8,JAM2,ARMUL,brain_anterior_cingulate_cortex_ba24,67.22258764337136,11.341794104093259,176,0.3819465207009736,0.06444201195507533
8,JAM2,ARMUL,brain_caudate_basal_ganglia,53.16131787524917,12.742922339590535,246,0.21610291819206978,0.05180049731540868
8,JAM2,ARMUL,brain_cerebellar_hemisphere,27.22638239979644,7.992459994096086,215,0.12663433674323926,0.03717423253067947
8,JAM2,ARMUL,brain_cerebellum,60.19145154282383,13.732238543245199,241,0.24975706034366735,0.05698024291802987
8,JAM2,ARMUL,brain_cortex,95.00601905876792,18.332440816524862,255,0.3725726237598742,0.07189192477068573
8,JAM2,ARMUL,brain_frontal_cortex_ba9,90.43754991138397,13.958590486752275,209,0.4327155498152343,0.06678751429068074
8,JAM2,ARMUL,brain_hypothalamus,59.58161119894258,17.605291699505266,202,0.29495847128189395,0.08715490940349141
8,JAM2,ARMUL,brain_nucleus_accumbens_basal_ganglia,68.87113370047975,20.606971535112066,246,0.2799639581320315,0.08376817697200027
8,JAM2,ARMUL,brain_putamen_basal_ganglia,43.602897384779524,10.246820783053503,205,0.21269706041355865,0.04998449162465123
8,JAM2,ARMUL,brain_spinal_cord_cervical_c-1,24.619557520043582,13.800183218247792,159,0.15483998440278982,0.08679360514621252
8,JAM2,COVER,brain_amygdala,35.482405902028596,10.083672710271824,152,0.23343688093439866,0.066339952041262
8,JAM2,COVER,brain_anterior_cingulate_cortex_ba24,64.40677376505478,10.87236547361856,176,0.3659475782105385,0.06177480382737818
8,JAM2,COVER,brain_caudate_basal_ganglia,53.1638971446235,12.706552185095621,246,0.21611340302692478,0.05165265115892529
8,JAM2,COVER,brain_cerebellar_hemisphere,27.15413575281488,7.963515076788057,215,0.12629830582704596,0.037039605008316545
8,JAM2,COVER,brain_cerebellum,54.10912351327158,12.250803123936114,241,0.2245191847023717,0.0508332079831374
8,JAM2,COVER,brain_cortex,94.81731167913244,18.217805898775428,255,0.37183259482012726,0.07144237607362913
8,JAM2,COVER,brain_frontal_cortex_ba9,90.7564919904136,14.0146609442349,209,0.43424158847087846,0.06705579399155454
8,JAM2,COVER,brain_hypothalamus,59.45098032029398,17.52066187453727,202,0.2943117837638316,0.0867359498739469
8,JAM2,COVER,brain_nucleus_accumbens_basal_ganglia,67.63842698299149,20.249282680968378,246,0.2749529552154126,0.08231415723970885
8,JAM2,COVER,brain_putamen_basal_ganglia,44.073316094917786,10.35565001822306,205,0.21499178582886724,0.05051536594255151
8,JAM2,COVER,brain_spinal_cord_cervical_c-1,25.352993061219294,14.199233887607225,159,0.15945278654854902,0.08930335778369324
8,JAM2,FLARCC,brain_amygdala,37.71775821350094,10.750132909498408,152,0.24814314614145358,0.0707245586151211
8,JAM2,FLARCC,brain_anterior_cingulate_cortex_ba24,65.55636607921491,11.10282950989918,176,0.372479352722812,0.06308425857897261
8,JAM2,FLARCC,brain_caudate_basal_ganglia,52.129553878689855,12.522806355905931,246,0.21190875560443032,0.05090571689392655
8,JAM2,FLARCC,brain_cerebellar_hemisphere,27.40708165951523,8.03195997795246,215,0.12747479841634993,0.0373579533858254
8,JAM2,FLARCC,brain_cerebellum,56.295555765067,12.860325842563261,241,0.23359151769737344,0.05336234789445337
8,JAM2,FLARCC,brain_cortex,101.00021639999822,19.441892220842085,255,0.39607927999999304,0.07624271459153759
8,JAM2,FLARCC,brain_frontal_cortex_ba9,90.36189317944687,13.999462279331762,209,0.4323535558825209,0.06698307310685053
8,JAM2,FLARCC,brain_hypothalamus,57.961515440606384,17.105699178901386,202,0.28693819525052666,0.08468167910347221
8,JAM2,FLARCC,brain_nucleus_accumbens_basal_ganglia,71.17962764139811,21.294428301401876,246,0.28934807984308175,0.08656271667236536
8,JAM2,FLARCC,brain_putamen_basal_ganglia,45.195746075339095,10.61113325534588,205,0.22046705402604436,0.051761625635833565
8,JAM2,FLARCC,brain_spinal_cord_cervical_c-1,25.389706733109577,14.2045754993794,159,0.15968369014534325,0.08933695282628554
8,JAM2,HPS,brain_amygdala,36.7538202147673,10.438609884209871,152,0.24180144878136384,0.06867506502769652
8,JAM2,HPS,brain_anterior_cingulate_cortex_ba24,66.45988932891419,11.21424231052383,176,0.3776130075506488,0.06371728585524904
8,JAM2,HPS,brain_caudate_basal_ganglia,51.23716839636008,12.29319840281995,246,0.20828117234292717,0.049972351230975404
8,JAM2,HPS,brain_cerebellar_hemisphere,25.523136379565862,7.526704366191705,215,0.11871226223053889,0.035007927284612585
8,JAM2,HPS,brain_cerebellum,56.71320187097992,12.858721037942592,241,0.235324489091203,0.05335568895411864
8,JAM2,HPS,brain_cortex,97.72300938989996,18.766688408720828,255,0.3832274878035292,0.07359485650478756
8,JAM2,HPS,brain_frontal_cortex_ba9,90.33668977542827,13.96414291788297,209,0.43223296543267115,0.06681408094680848
8,JAM2,HPS,brain_hypothalamus,57.35833434172934,16.936324787568132,202,0.2839521502065809,0.08384319201766402
8,JAM2,HPS,brain_nucleus_accumbens_basal_ganglia,65.30313433769045,19.5127910024791,246,0.2654598956816685,0.07932028862796382
8,JAM2,HPS,brain_putamen_basal_ganglia,41.277150152977576,9.710391490100683,205,0.20135195196574426,0.047367763366344795
8,JAM2,HPS,brain_spinal_cord_cervical_c-1,25.56551868679886,14.308139658759453,159,0.16078942570313748,0.08998829974062549
8,JAM2,MMoE,brain_amygdala,46.224119698546644,13.046160652595749,152,0.3041060506483332,0.08583000429339309
8,JAM2,MMoE,brain_anterior_cingulate_cortex_ba24,90.47397401421523,15.363867893884132,176,0.5140566705353138,0.08729470394252348
8,JAM2,MMoE,brain_caudate_basal_ganglia,55.78313837457783,13.445833441868814,246,0.22676072509990988,0.05465785951979193
8,JAM2,MMoE,brain_cerebellar_hemisphere,26.822859844787487,7.855148327916504,215,0.12475748765017436,0.0365355736182163
8,JAM2,MMoE,brain_cerebellum,45.213844757428156,10.358556313919784,241,0.18760931434617492,0.04298156146854682
8,JAM2,MMoE,brain_cortex,95.41372694922353,18.27870459144007,255,0.37417147823224917,0.07168119447623557
8,JAM2,MMoE,brain_frontal_cortex_ba9,110.54301805567684,17.153948005502027,209,0.5289139619888844,0.08207630624642118
8,JAM2,MMoE,brain_hypothalamus,63.31657252663257,18.56909569521375,202,0.3134483788447157,0.09192621631293936
8,JAM2,MMoE,brain_nucleus_accumbens_basal_ganglia,78.46002910138984,23.574267748919667,246,0.31894320772922696,0.09583035670292547
8,JAM2,MMoE,brain_putamen_basal_ganglia,43.115197481473324,10.186931887885532,205,0.2103180364949918,0.04969235067261235
8,JAM2,MMoE,brain_spinal_cord_cervical_c-1,31.477359739426333,17.58467884732541,159,0.1979708159712348,0.11059546444858749
8,JAM2,Pool,brain_amygdala,47.541254079815324,13.510534800321675,152,0.31277140841983764,0.08888509737053733
8,JAM2,Pool,brain_anterior_cingulate_cortex_ba24,82.8425765966432,13.866708638131518,176,0.4706964579354727,0.0787881172621109
8,JAM2,Pool,brain_caudate_basal_ganglia,59.783433906954215,14.407896453599465,246,0.2430220890526594,0.05856868477072953
8,JAM2,Pool,brain_cerebellar_hemisphere,39.453743718536714,11.605289578454476,215,0.18350578473738005,0.05397809106257896
8,JAM2,Pool,brain_cerebellum,62.570020114449804,14.24462028318256,241,0.25962663947904485,0.059106308228973274
8,JAM2,Pool,brain_cortex,98.58497025455327,18.970648233000023,255,0.3866077264884442,0.07439469895294126
8,JAM2,Pool,brain_frontal_cortex_ba9,108.59258581546082,16.36090924737798,209,0.5195817503132096,0.07828186242764583
8,JAM2,Pool,brain_hypothalamus,53.73344135865918,15.76835979640185,202,0.2660071354389068,0.07806118711090025
8,JAM2,Pool,brain_nucleus_accumbens_basal_ganglia,74.71844769244963,22.525764584358175,246,0.3037335272050798,0.09156814871690315
8,JAM2,Pool,brain_putamen_basal_ganglia,50.349513960859234,11.821929907611002,205,0.2456073851749231,0.05766795076883416
8,JAM2,Pool,brain_spinal_cord_cervical_c-1,28.24275466436844,15.799913397669117,159,0.17762738782621662,0.09937052451364224
8,JAM2,STL,brain_amygdala,48.22612034455469,13.62424269573335,152,0.317277107529965,0.08963317562982467
8,JAM2,STL,brain_anterior_cingulate_cortex_ba24,89.25585299596983,14.914378231740692,176,0.5071355283861922,0.08474078540761756
8,JAM2,STL,brain_caudate_basal_ganglia,58.43654791189772,13.960314963285855,246,0.23754694273129154,0.056749247818235184
8,JAM2,STL,brain_cerebellar_hemisphere,28.943606024810194,8.42100767719846,215,0.1346214233712102,0.03916747756836493
8,JAM2,STL,brain_cerebellum,53.03172361869324,11.97931626446773,241,0.22004864572071883,0.049706706491567346
8,JAM2,STL,brain_cortex,113.35191002833926,21.687071720277075,255,0.44451729422878145,0.08504734007951795
8,JAM2,STL,brain_frontal_cortex_ba9,120.37544892804092,18.426330745998335,209,0.5759590857801001,0.08816426194257576
8,JAM2,STL,brain_hypothalamus,68.8740337881648,20.3658447187098,202,0.3409605633077465,0.1008210134589594
8,JAM2,STL,brain_nucleus_accumbens_basal_ganglia,81.81466300518498,24.598715596563192,246,0.3325799309153861,0.09999477884781785
8,JAM2,STL,brain_putamen_basal_ganglia,51.36749842190522,12.082608487923839,205,0.250573163033684,0.058939553599628484
8,JAM2,STL,brain_spinal_cord_cervical_c-1,28.222795783737492,15.873222750741329,159,0.17750186027507855,0.09983158962730396
8,SH2D2A,ARMUL,brain_amygdala,216.43014992620078,15.263897583113291,152,1.4238825653039526,0.10042037883627165
8,SH2D2A,ARMUL,brain_anterior_cingulate_cortex_ba24,149.59290221059564,12.839359408642778,176,0.8499596716511116,0.07295090573092487
8,SH2D2A,ARMUL,brain_caudate_basal_ganglia,147.9534724330674,12.978139333913967,246,0.601436879809217,0.05275666395899987
8,SH2D2A,ARMUL,brain_cerebellar_hemisphere,138.70323115363925,4.23847723813166,215,0.6451313076913453,0.01971384761921702
8,SH2D2A,ARMUL,brain_cerebellum,132.57196433181917,8.00936604694494,241,0.5500911383063036,0.03323388401221967
8,SH2D2A,ARMUL,brain_cortex,131.93935841176724,11.72621449546305,255,0.517409248673597,0.04598515488416883
8,SH2D2A,ARMUL,brain_frontal_cortex_ba9,102.72596184599072,10.14664879482724,209,0.4915117791674197,0.04854855882692459
8,SH2D2A,ARMUL,brain_hypothalamus,109.88810541814573,13.301955762490365,202,0.5440005218720085,0.0658512661509424
8,SH2D2A,ARMUL,brain_nucleus_accumbens_basal_ganglia,160.48416815884428,11.323129233066537,246,0.6523746673123751,0.046028980622221695
8,SH2D2A,ARMUL,brain_putamen_basal_ganglia,102.9770549052443,9.275315436469112,205,0.5023270970987527,0.045245441153507863
8,SH2D2A,ARMUL,brain_spinal_cord_cervical_c-1,120.14102441701542,19.912008273095175,159,0.7556039271510403,0.12523275643456086
8,SH2D2A,COVER,brain_amygdala,211.91216612579709,14.892765403941517,152,1.3941589876697176,0.09797871976277314
8,SH2D2A,COVER,brain_anterior_cingulate_cortex_ba24,148.9836449907302,12.974332180668046,176,0.8464979829018762,0.07371779648106845
8,SH2D2A,COVER,brain_caudate_basal_ganglia,143.9300997618394,12.644069078544987,246,0.5850817063489406,0.05139865479083328
8,SH2D2A,COVER,brain_cerebellar_hemisphere,137.25311826745514,4.179382984315692,215,0.6383865965928146,0.01943899062472415
8,SH2D2A,COVER,brain_cerebellum,127.2795611153575,7.729935405640427,241,0.5281309589848858,0.03207442077029223
8,SH2D2A,COVER,brain_cortex,135.30752536848644,11.97736220985466,255,0.530617746543084,0.04697004788178298
8,SH2D2A,COVER,brain_frontal_cortex_ba9,102.15417429970256,10.16900299121623,209,0.4887759535870936,0.048655516704383873
8,SH2D2A,COVER,brain_hypothalamus,109.37714866434513,13.400491860859011,202,0.5414710329918075,0.06633906861811392
8,SH2D2A,COVER,brain_nucleus_accumbens_basal_ganglia,161.20145231494132,11.430426520724435,246,0.6552904565648021,0.04646514845822941
8,SH2D2A,COVER,brain_putamen_basal_ganglia,102.16644540103471,9.211797409245888,205,0.49837290439529125,0.04493559711827262
8,SH2D2A,COVER,brain_spinal_cord_cervical_c-1,104.98993199468683,17.629409593560496,159,0.6603140377024329,0.11087678989660689
8,SH2D2A,FLARCC,brain_amygdala,220.8295330368519,15.340089316322494,152,1.4528258752424468,0.10092164023896377
8,SH2D2A,FLARCC,brain_anterior_cingulate_cortex_ba24,164.5417866418615,13.93998312392996,176,0.9348965150105767,0.07920444956778386
8,SH2D2A,FLARCC,brain_caudate_basal_ganglia,146.18030097554657,12.854712997604235,246,0.5942288657542544,0.05225493088457006
8,SH2D2A,FLARCC,brain_cerebellar_hemisphere,139.70324473998005,4.2842566885804185,215,0.6497825336743258,0.019926775295722877
8,SH2D2A,FLARCC,brain_cerebellum,129.94939294439197,7.8389092777907905,241,0.5392090993543236,0.032526594513654736
8,SH2D2A,FLARCC,brain_cortex,131.86697318423907,11.68018639642557,255,0.5171253850362316,0.04580465253500224
8,SH2D2A,FLARCC,brain_frontal_cortex_ba9,103.63762978001344,10.140523463362188,209,0.4958738266986289,0.04851925102087171
8,SH2D2A,FLARCC,brain_hypothalamus,114.00187560011513,13.826328597031583,202,0.5643657207926491,0.06844717127243358
8,SH2D2A,FLARCC,brain_nucleus_accumbens_basal_ganglia,155.73516773972406,11.040395062805548,246,0.6330697875598539,0.04487965472685182
8,SH2D2A,FLARCC,brain_putamen_basal_ganglia,102.12049352577738,9.217379529688662,205,0.4981487489062311,0.044962826974091034
8,SH2D2A,FLARCC,brain_spinal_cord_cervical_c-1,109.24822715312614,18.250190379542236,159,0.6870957682586549,0.11478107156944803
8,SH2D2A,HPS,brain_amygdala,216.07462550033785,14.586681836964615,152,1.4215435888180121,0.09596501208529352
8,SH2D2A,HPS,brain_anterior_cingulate_cortex_ba24,157.1357778512399,13.438121273009342,176,0.8928169196093176,0.07635296177846217
8,SH2D2A,HPS,brain_caudate_basal_ganglia,143.84481539392942,12.638758447636402,246,0.5847350219265424,0.05137706686031058
8,SH2D2A,HPS,brain_cerebellar_hemisphere,139.50472591498232,4.234518097668113,215,0.6488591903022434,0.01969543301240983
8,SH2D2A,HPS,brain_cerebellum,138.64564466336685,8.358315274116421,241,0.575293131383265,0.03468180611666565
8,SH2D2A,HPS,brain_cortex,128.96319031681784,11.411588002178148,255,0.505738001242423,0.04475132549873783
8,SH2D2A,HPS,brain_frontal_cortex_ba9,104.52041108852013,10.20026564263474,209,0.5000976607106227,0.048805098768587275
8,SH2D2A,HPS,brain_hypothalamus,111.69527197030212,13.556702897023733,202,0.5529468909420897,0.06711239057932541
8,SH2D2A,HPS,brain_nucleus_accumbens_basal_ganglia,158.11924203150727,11.074840609945369,246,0.6427611464695417,0.04501967727620069
8,SH2D2A,HPS,brain_putamen_basal_ganglia,100.98804422443347,9.093180736419816,205,0.4926246059728462,0.04435697920204788
8,SH2D2A,HPS,brain_spinal_cord_cervical_c-1,113.19558251843604,18.486995809801517,159,0.7119219026316732,0.11627041389812275
8,SH2D2A,MMoE,brain_amygdala,226.51284879843305,15.159931962129258,152,1.490216110516007,0.09973639448769249
8,SH2D2A,MMoE,brain_anterior_cingulate_cortex_ba24,189.67966230108163,15.945104543212505,176,1.0777253539834184,0.0905971849046165
8,SH2D2A,MMoE,brain_caudate_basal_ganglia,148.1538762505104,13.000083336918104,246,0.6022515294736195,0.052845867223244324
8,SH2D2A,MMoE,brain_cerebellar_hemisphere,151.21926399877034,4.587184971239403,215,0.7033454139477691,0.021335744052276295
8,SH2D2A,MMoE,brain_cerebellum,138.19707937111482,8.352311826203014,241,0.5734318646104349,0.03465689554441084
8,SH2D2A,MMoE,brain_cortex,140.00804611678808,12.486979831919252,255,0.5490511612423062,0.048968548360467656
8,SH2D2A,MMoE,brain_frontal_cortex_ba9,110.35725454627867,10.92772696504338,209,0.5280251413697544,0.05228577495236067
8,SH2D2A,MMoE,brain_hypothalamus,120.79396429902,14.640525815384747,202,0.5979899222723762,0.07247785057121162
8,SH2D2A,MMoE,brain_nucleus_accumbens_basal_ganglia,162.4958407776641,11.488904393887564,246,0.6605521982831875,0.046702863389786846
8,SH2D2A,MMoE,brain_putamen_basal_ganglia,104.40799111908521,9.424859154071125,205,0.5093072737516352,0.04597492270278598
8,SH2D2A,MMoE,brain_spinal_cord_cervical_c-1,92.27340543018094,15.386537210330935,159,0.5803358832086852,0.09677067427881092
8,SH2D2A,Pool,brain_amygdala,202.86027343423598,14.538438248104518,152,1.334607062067342,0.0956476200533192
8,SH2D2A,Pool,brain_anterior_cingulate_cortex_ba24,144.48052221298474,12.548751158136557,176,0.8209120580283223,0.07129972248941226
8,SH2D2A,Pool,brain_caudate_basal_ganglia,144.58864344530335,12.774754353239304,246,0.58775871319229,0.05192989574487522
8,SH2D2A,Pool,brain_cerebellar_hemisphere,128.7881278825144,3.888651820889131,215,0.5990145482907646,0.018086752655298285
8,SH2D2A,Pool,brain_cerebellum,127.0151982576393,7.708984066984609,241,0.5270340176665531,0.031987485755122856
8,SH2D2A,Pool,brain_cortex,134.15041138579736,11.969775255164366,255,0.5260800446501857,0.04694029511829163
8,SH2D2A,Pool,brain_frontal_cortex_ba9,108.81331388776007,10.66881181774872,209,0.520637865491675,0.05104694649640536
8,SH2D2A,Pool,brain_hypothalamus,111.05456193098598,13.488881150586856,202,0.549775059064287,0.06677663935934088
8,SH2D2A,Pool,brain_nucleus_accumbens_basal_ganglia,168.61276620545735,11.872175765510645,246,0.6854177488026721,0.04826087709557173
8,SH2D2A,Pool,brain_putamen_basal_ganglia,99.60919542510231,8.911745322061408,205,0.48589851426879177,0.04347192840029955
8,SH2D2A,Pool,brain_spinal_cord_cervical_c-1,96.90815058524595,16.202180428143933,159,0.6094852238065783,0.10190050583738322
8,SH2D2A,STL,brain_amygdala,246.76930121629596,16.615616464688312,152,1.6234822448440525,0.10931326621505469
8,SH2D2A,STL,brain_anterior_cingulate_cortex_ba24,203.41196329777415,17.235917452269053,176,1.1557497914646258,0.09793134916061962
8,SH2D2A,STL,brain_caudate_basal_ganglia,156.22326398566304,13.669156277706733,246,0.6350539186409067,0.055565675925637124
8,SH2D2A,STL,brain_cerebellar_hemisphere,140.09344320956984,4.245521993683572,215,0.6515974102770691,0.019746613924109636
8,SH2D2A,STL,brain_cerebellum,136.28017633756676,8.243813244339211,241,0.5654779101143849,0.03420669395991374
8,SH2D2A,STL,brain_cortex,150.17728680231244,13.324489252081246,255,0.5889305364796567,0.05225289902776959
8,SH2D2A,STL,brain_frontal_cortex_ba9,122.25803284016209,11.726893834775806,209,0.5849666643069956,0.056109539879310076
8,SH2D2A,STL,brain_hypothalamus,136.78215053905137,16.284924100359323,202,0.6771393591042147,0.08061843614039269
8,SH2D2A,STL,brain_nucleus_accumbens_basal_ganglia,175.04277304145648,12.283584426842316,246,0.7115559879734004,0.04993327002781429
8,SH2D2A,STL,brain_putamen_basal_ganglia,114.68588441471097,10.283614815300796,205,0.5594433386083462,0.05016397470878437
8,SH2D2A,STL,brain_spinal_cord_cervical_c-1,100.64260881367414,16.586352223129904,159,0.632972382475938,0.10431668064861574
9,JAM2,ARMUL,brain_amygdala,53.15012600908702,13.413003347555895,152,0.34967188163873036,0.08824344307602562
9,JAM2,ARMUL,brain_anterior_cingulate_cortex_ba24,64.59308924316795,10.826517390530237,176,0.3670061888816361,0.06151430335528543
9,JAM2,ARMUL,brain_caudate_basal_ganglia,52.11698086876326,12.148972451257874,246,0.21185764580798072,0.04938606687503201
9,JAM2,ARMUL,brain_cerebellar_hemisphere,27.91142738548244,8.267129067501742,215,0.129820592490616,0.03845176310465926
9,JAM2,ARMUL,brain_cerebellum,47.39694056955001,10.389248148721801,241,0.19666780319315358,0.04310891348017345
9,JAM2,ARMUL,brain_cortex,110.70673423735006,19.247710169789784,255,0.43414405583274535,0.0754812163521168
9,JAM2,ARMUL,brain_frontal_cortex_ba9,90.79452175048678,14.04834524248992,209,0.43442354904539127,0.06721696288272688
9,JAM2,ARMUL,brain_hypothalamus,62.5889656247378,18.101942855462745,202,0.3098463644789,0.08961357849238982
9,JAM2,ARMUL,brain_nucleus_accumbens_basal_ganglia,61.84736730000387,18.551092859366804,246,0.2514120621951377,0.07541094658279189
9,JAM2,ARMUL,brain_putamen_basal_ganglia,42.78018387964617,9.542404184269762,205,0.20868382380315204,0.04654831309399884
9,JAM2,ARMUL,brain_spinal_cord_cervical_c-1,35.217544527008116,19.482046396433056,159,0.2214939907359001,0.1225285936882582
9,JAM2,COVER,brain_amygdala,44.9949327269732,11.71372166822746,152,0.2960192942564026,0.07706395834360172
9,JAM2,COVER,brain_anterior_cingulate_cortex_ba24,68.9004901971756,11.546346137759427,176,0.3914800579384977,0.06560423941908765
9,JAM2,COVER,brain_caudate_basal_ganglia,52.74196524788404,12.297914553666946,246,0.21439823271497577,0.049991522575881894
9,JAM2,COVER,brain_cerebellar_hemisphere,29.54767021427746,8.829743256764326,215,0.1374310242524533,0.041068573287275936
9,JAM2,COVER,brain_cerebellum,47.58320438559596,10.335250680745363,241,0.19744068209790855,0.04288485759645379
9,JAM2,COVER,brain_cortex,108.26463105493214,18.764957210272012,255,0.42456718060757703,0.07358806749126279
9,JAM2,COVER,brain_frontal_cortex_ba9,87.59846072815928,13.541219673355336,209,0.4191313910438243,0.06479052475289634
9,JAM2,COVER,brain_hypothalamus,62.42477677395997,18.0685914141067,202,0.30903354838594044,0.08944847234706287
9,JAM2,COVER,brain_nucleus_accumbens_basal_ganglia,62.427336568454365,18.734354794815033,246,0.25376966084737546,0.0761559138000611
9,JAM2,COVER,brain_putamen_basal_ganglia,46.2763068232735,10.381884265494477,205,0.2257380820647488,0.05064333788046087
9,JAM2,COVER,brain_spinal_cord_cervical_c-1,34.48697540494977,19.13257215632915,159,0.21689921638333187,0.12033064249263617
9,JAM2,FLARCC,brain_amygdala,48.59166796968102,12.433850149144861,152,0.3196820261163225,0.0818016457180583
9,JAM2,FLARCC,brain_anterior_cingulate_cortex_ba24,62.194099105201374,10.415558037318455,176,0.3533755630977351,0.059179307030218495
9,JAM2,FLARCC,brain_caudate_basal_ganglia,53.08434304607423,12.39565127382502,246,0.21579001238241557,0.05038882631636187
9,JAM2,FLARCC,brain_cerebellar_hemisphere,29.0850568298715,8.62829303052363,215,0.1352793340924256,0.040131595490807574
9,JAM2,FLARCC,brain_cerebellum,46.56558080406072,10.158652367305073,241,0.19321817761021046,0.04215208451163931
9,JAM2,FLARCC,brain_cortex,112.93910453500857,19.7341912160634,255,0.44289844915689636,0.07738898516103294
9,JAM2,FLARCC,brain_frontal_cortex_ba9,96.72044278526542,14.91460885884365,209,0.46277723820701155,0.07136176487485
9,JAM2,FLARCC,brain_hypothalamus,68.01372253102758,19.610587950419095,202,0.33670159668825533,0.09708211856643116
9,JAM2,FLARCC,brain_nucleus_accumbens_basal_ganglia,64.13844809509864,19.252607587546283,246,0.26072539876056355,0.07826263246970033
9,JAM2,FLARCC,brain_putamen_basal_ganglia,44.633160996949485,9.965780161914909,205,0.2177227365704853,0.04861356176543858
9,JAM2,FLARCC,brain_spinal_cord_cervical_c-1,37.247168980206965,20.6087015495147,159,0.23425892440381738,0.12961447515418048
9,JAM2,HPS,brain_amygdala,56.09709038461566,13.830070378665683,152,0.36905980516194514,0.09098730512280055
9,JAM2,HPS,brain_anterior_cingulate_cortex_ba24,67.52166102663458,11.331193783434095,176,0.38364580128769643,0.064381782860421
9,JAM2,HPS,brain_caudate_basal_ganglia,52.86899007838878,12.33134042569031,246,0.21491459381458852,0.05012740010443216
9,JAM2,HPS,brain_cerebellar_hemisphere,27.28666670676789,8.06132718207792,215,0.12691472886868785,0.03749454503292055
9,JAM2,HPS,brain_cerebellum,47.790492121382194,10.446279944041935,241,0.19830079718415847,0.043345559933783966
9,JAM2,HPS,brain_cortex,117.24760614547019,20.338585201116175,255,0.45979453390380465,0.07975915765143597
9,JAM2,HPS,brain_frontal_cortex_ba9,93.43574068701322,14.460283567723987,209,0.4470609602249436,0.06918795965418176
9,JAM2,HPS,brain_hypothalamus,66.32761217894995,19.124872719810732,202,0.328354515737376,0.09467758772183531
9,JAM2,HPS,brain_nucleus_accumbens_basal_ganglia,65.24115085762656,19.583696732797005,246,0.2652079303155551,0.07960852330405287
9,JAM2,HPS,brain_putamen_basal_ganglia,44.330449915750286,9.894362606162,205,0.2162460971500014,0.04826518344469268
9,JAM2,HPS,brain_spinal_cord_cervical_c-1,35.925821336310776,19.866399433463133,159,0.22594856186358978,0.12494590838656058
9,JAM2,MMoE,brain_amygdala,88.61549348910577,21.10028993270007,152,0.5829966676914854,0.13881769692565835
9,JAM2,MMoE,brain_anterior_cingulate_cortex_ba24,82.72689178566871,13.862177896601288,176,0.4700391578731177,0.07876237441250732
9,JAM2,MMoE,brain_caudate_basal_ganglia,57.9448563929435,13.704472784482117,246,0.2355481967192825,0.05570923896130942
9,JAM2,MMoE,brain_cerebellar_hemisphere,26.55212927138612,7.922827472292822,215,0.12349827568086569,0.03685036033624568
9,JAM2,MMoE,brain_cerebellum,70.35737081022639,15.600742975324952,241,0.2919392979677443,0.06473337334159732
9,JAM2,MMoE,brain_cortex,133.60596801463257,23.022450080648497,255,0.5239449726064023,0.09028411796332744
9,JAM2,MMoE,brain_frontal_cortex_ba9,95.5031225691082,14.843248588304546,209,0.456952739565111,0.07102032817370596
9,JAM2,MMoE,brain_hypothalamus,75.8645684754904,21.874152892111596,202,0.3755671706707446,0.10828788560451286
9,JAM2,MMoE,brain_nucleus_accumbens_basal_ganglia,76.53899543329317,22.969556664024665,246,0.3111341277776145,0.09337218156107588
9,JAM2,MMoE,brain_putamen_basal_ganglia,47.520930872252734,10.674643172789697,205,0.23180941888903772,0.052071430111169256
9,JAM2,MMoE,brain_spinal_cord_cervical_c-1,27.562602893622184,15.221259721603914,159,0.17334970373347286,0.09573119321763468
9,JAM2,Pool,brain_amygdala,51.74416640458196,13.821552076917845,152,0.3404221473985655,0.09093126366393318
9,JAM2,Pool,brain_anterior_cingulate_cortex_ba24,80.63404718823618,13.51247784268207,176,0.45814799538770556,0.0767754422879663
9,JAM2,Pool,brain_caudate_basal_ganglia,59.559057515760834,13.967324756701368,246,0.24210998990146682,0.05677774291342019
9,JAM2,Pool,brain_cerebellar_hemisphere,35.213697375734576,10.50924651912852,215,0.163784638956905,0.04888021636803963
9,JAM2,Pool,brain_cerebellum,69.46887360608002,15.248483776962143,241,0.28825258757709554,0.06327171691685536
9,JAM2,Pool,brain_cortex,124.70754658398096,21.60567889863504,255,0.4890492022901214,0.08472815254366683
9,JAM2,Pool,brain_frontal_cortex_ba9,90.25233502659856,13.977747599828467,209,0.4318293541942515,0.06687917511879649
9,JAM2,Pool,brain_hypothalamus,61.418459885641404,17.781321907937627,202,0.3040517816120862,0.08802634607889914
9,JAM2,Pool,brain_nucleus_accumbens_basal_ganglia,67.8874558381518,20.445075961386166,246,0.27596526763476337,0.08311006488368361
9,JAM2,Pool,brain_putamen_basal_ganglia,50.712965698112804,11.503808581454763,205,0.24738032047859904,0.05611613942173055
9,JAM2,Pool,brain_spinal_cord_cervical_c-1,32.81330360761904,18.145784735787963,159,0.2063729786642707,0.11412443230055322
9,JAM2,STL,brain_amygdala,68.02171363633211,16.641443352504222,152,0.4475112739232376,0.10948317995068567
9,JAM2,STL,brain_anterior_cingulate_cortex_ba24,75.33265442147851,12.618994293881176,176,0.4280264455765824,0.07169883121523396
9,JAM2,STL,brain_caudate_basal_ganglia,58.092259706767784,13.655712351825011,246,0.23614739718198285,0.05551102582042688
9,JAM2,STL,brain_cerebellar_hemisphere,25.34922934778395,7.558849082699405,215,0.11790339231527419,0.03515743759395072
9,JAM2,STL,brain_cerebellum,63.93185775442916,13.790670670784522,241,0.2652774180681708,0.05722269987877395
9,JAM2,STL,brain_cortex,126.43088527963481,22.16746068152773,255,0.49580739325346984,0.08693121835893226
9,JAM2,STL,brain_frontal_cortex_ba9,110.74561614843118,17.028082804026386,209,0.5298833308537377,0.08147408040204013
9,JAM2,STL,brain_hypothalamus,68.6149334533208,19.847806197675666,202,0.33967788838277624,0.09825646632512706
9,JAM2,STL,brain_nucleus_accumbens_basal_ganglia,78.44153419257587,23.590401132905548,246,0.31886802517307267,0.0958959395646567
9,JAM2,STL,brain_putamen_basal_ganglia,51.16782044217028,11.27780789569411,205,0.24959912410814772,0.05501369705216639
9,JAM2,STL,brain_spinal_cord_cervical_c-1,31.243820980726664,17.28946668717771,159,0.19650201874670858,0.10873878419608624
9,SH2D2A,ARMUL,brain_amygdala,181.84845813431568,13.297270078314751,152,1.196371435094182,0.08748203998891284
9,SH2D2A,ARMUL,brain_anterior_cingulate_cortex_ba24,129.141452672497,12.3680315319755,176,0.7337582538210057,0.07027290643167898
9,SH2D2A,ARMUL,brain_caudate_basal_ganglia,154.37381575548062,13.181586887907915,246,0.6275358364043928,0.05358368653621104
9,SH2D2A,ARMUL,brain_cerebellar_hemisphere,151.77890514092974,4.29180933333729,215,0.7059483960043244,0.019961903875987397
9,SH2D2A,ARMUL,brain_cerebellum,123.41703182987219,7.5805388323880365,241,0.5121038665139924,0.03145451797671384
9,SH2D2A,ARMUL,brain_cortex,126.72020358059656,11.600591381707815,255,0.4969419748258689,0.04549251522238359
9,SH2D2A,ARMUL,brain_frontal_cortex_ba9,96.64584634523311,9.661718471340425,209,0.46242031744130674,0.046228318044691026
9,SH2D2A,ARMUL,brain_hypothalamus,135.36170979667222,15.514841779905774,202,0.6701074742409515,0.07680614742527611
9,SH2D2A,ARMUL,brain_nucleus_accumbens_basal_ganglia,153.87476828078485,11.822232407189368,246,0.6255071881332718,0.04805785531377792
9,SH2D2A,ARMUL,brain_putamen_basal_ganglia,104.14666874678458,9.543630695599099,205,0.5080325304721199,0.04655429607609316
9,SH2D2A,ARMUL,brain_spinal_cord_cervical_c-1,90.87884646792087,15.341535867691029,159,0.5715650721252885,0.09648764696661025
9,SH2D2A,COVER,brain_amygdala,194.03557818066113,14.166873085881372,152,1.276549856451718,0.09320311240711429
9,SH2D2A,COVER,brain_anterior_cingulate_cortex_ba24,143.11500450993657,13.373581543411747,176,0.8131534347155487,0.07598625876938493
9,SH2D2A,COVER,brain_caudate_basal_ganglia,151.49074140108746,12.954732466163026,246,0.6158160219556401,0.052661514090093606
9,SH2D2A,COVER,brain_cerebellar_hemisphere,153.14332198901377,4.327617479659123,215,0.7122945208791338,0.020128453393763363
9,SH2D2A,COVER,brain_cerebellum,119.12687999546368,7.329434989289136,241,0.49430240662018127,0.030412593316552432
9,SH2D2A,COVER,brain_cortex,124.72248505569966,11.398153076754186,255,0.48910778453215553,0.044698639516683084
9,SH2D2A,COVER,brain_frontal_cortex_ba9,93.99240125117316,9.39200798590935,209,0.44972440790035006,0.04493783725315478
9,SH2D2A,COVER,brain_hypothalamus,138.47312199433009,15.693704111105315,202,0.6855105049224262,0.07769160451042235
9,SH2D2A,COVER,brain_nucleus_accumbens_basal_ganglia,154.66604178705973,11.889356283635475,246,0.6287237471018688,0.04833071660014421
9,SH2D2A,COVER,brain_putamen_basal_ganglia,103.09730599060522,9.474311911743404,205,0.5029136877590499,0.046216155667041
9,SH2D2A,COVER,brain_spinal_cord_cervical_c-1,89.33128332949204,14.995195761380685,159,0.5618319706257361,0.09430940730428104
9,SH2D2A,FLARCC,brain_amygdala,190.4613334501522,14.002221213175378,152,1.2530350884878434,0.09211987640246959
9,SH2D2A,FLARCC,brain_anterior_cingulate_cortex_ba24,140.7056050813479,13.189378759241652,176,0.7994636652349313,0.07493965204114575
9,SH2D2A,FLARCC,brain_caudate_basal_ganglia,156.53881677908518,13.480551642499197,246,0.636336653573517,0.054798990416663404
9,SH2D2A,FLARCC,brain_cerebellar_hemisphere,158.87489123765096,4.549802264501483,215,0.7389529825007021,0.021161870997681315
9,SH2D2A,FLARCC,brain_cerebellum,129.07938462756266,7.957445381284405,241,0.5355991063384343,0.033018445565495456
9,SH2D2A,FLARCC,brain_cortex,130.0668491646096,11.989441464927694,255,0.5100660751553318,0.04701741750952037
9,SH2D2A,FLARCC,brain_frontal_cortex_ba9,98.26895893595898,9.867245067758176,209,0.4701864063921482,0.0472116988887951
9,SH2D2A,FLARCC,brain_hypothalamus,142.29633263164487,16.183630174221125,202,0.7044372902556677,0.08011698106050062
9,SH2D2A,FLARCC,brain_nucleus_accumbens_basal_ganglia,167.49029438591998,12.718638591806803,246,0.680854855227317,0.05170178289352359
9,SH2D2A,FLARCC,brain_putamen_basal_ganglia,102.12177532364348,9.379433206307128,205,0.49815500157874865,0.04575333271369331
9,SH2D2A,FLARCC,brain_spinal_cord_cervical_c-1,90.99982796164768,15.403332625897328,159,0.5723259620229414,0.09687630582325363
9,SH2D2A,HPS,brain_amygdala,199.5435720848321,14.417916527879072,152,1.3127866584528427,0.09485471399920442
9,SH2D2A,HPS,brain_anterior_cingulate_cortex_ba24,143.3493255609016,13.458145108621142,176,0.8144848043233046,0.07646673357171103
9,SH2D2A,HPS,brain_caudate_basal_ganglia,158.66233564581222,13.590608705194825,246,0.6449688440886676,0.05524637685038546
9,SH2D2A,HPS,brain_cerebellar_hemisphere,151.02348947404587,4.328577198623272,215,0.7024348347630041,0.020132917202898937
9,SH2D2A,HPS,brain_cerebellum,123.66442467843969,7.623602304223103,241,0.5131303928565962,0.0316332045818386
9,SH2D2A,HPS,brain_cortex,130.9497314837987,11.98480337322051,255,0.5135283587599949,0.046999228914590234
9,SH2D2A,HPS,brain_frontal_cortex_ba9,96.51614651831534,9.66110487557998,209,0.46179974410677194,0.04622538217980852
9,SH2D2A,HPS,brain_hypothalamus,146.17665017738727,16.83905197215257,202,0.7236467830563726,0.08336164342649788
9,SH2D2A,HPS,brain_nucleus_accumbens_basal_ganglia,157.31901351140823,12.028526125628652,246,0.6395081850057245,0.04889644766515712
9,SH2D2A,HPS,brain_putamen_basal_ganglia,104.65405388455915,9.60106175123429,205,0.5105075799246788,0.04683444756699654
9,SH2D2A,HPS,brain_spinal_cord_cervical_c-1,92.4327930186005,15.67324058663923,159,0.5813383208717013,0.09857384016754232
9,SH2D2A,MMoE,brain_amygdala,239.54972983460465,16.79509932698929,152,1.5759850647013465,0.11049407451966639
9,SH2D2A,MMoE,brain_anterior_cingulate_cortex_ba24,166.24905117830772,14.8552384540674,176,0.9445968816949303,0.08440476394356478
9,SH2D2A,MMoE,brain_caudate_basal_ganglia,171.21958629222704,14.636115228239948,246,0.6960145784236871,0.059496403366829057
9,SH2D2A,MMoE,brain_cerebellar_hemisphere,167.23351189997453,4.7768507402536535,215,0.7778302879068583,0.022217910419784433
9,SH2D2A,MMoE,brain_cerebellum,124.75137048229757,7.6787893352321195,241,0.5176405414203219,0.03186219641175153
9,SH2D2A,MMoE,brain_cortex,136.368477354037,12.355700052142685,255,0.534778342564851,0.0484537256946772
9,SH2D2A,MMoE,brain_frontal_cortex_ba9,101.59118590933758,10.076673618749123,209,0.4860822292312803,0.04821374937200537
9,SH2D2A,MMoE,brain_hypothalamus,148.0147408366255,16.72998615820319,202,0.7327462417654728,0.08282171365447123
9,SH2D2A,MMoE,brain_nucleus_accumbens_basal_ganglia,159.30439522330602,12.088728333816007,246,0.6475788423711627,0.049141172088682954
9,SH2D2A,MMoE,brain_putamen_basal_ganglia,102.9226773808426,9.34792217330107,205,0.502061840882159,0.04559962035756619
9,SH2D2A,MMoE,brain_spinal_cord_cervical_c-1,87.60154193516206,14.68050610312298,159,0.5509530939318369,0.09233022706366655
9,SH2D2A,Pool,brain_amygdala,179.49227335223415,13.192966088995252,152,1.180870219422593,0.08679582953286351
9,SH2D2A,Pool,brain_anterior_cingulate_cortex_ba24,124.90106253309037,11.814988424342244,176,0.7096651280289226,0.06713061604739912
9,SH2D2A,Pool,brain_caudate_basal_ganglia,168.9179274450247,14.42754291400056,246,0.6866582416464418,0.058648548430896584
9,SH2D2A,Pool,brain_cerebellar_hemisphere,154.2491232756063,4.3358100093355425,215,0.7174377826772387,0.020166558182956013
9,SH2D2A,Pool,brain_cerebellum,119.30371452585048,7.373044996205985,241,0.49503615985830074,0.030593547702099523
9,SH2D2A,Pool,brain_cortex,124.55207762913588,11.485160807656353,255,0.48843952011425834,0.04503984630453472
9,SH2D2A,Pool,brain_frontal_cortex_ba9,100.67015692712177,10.074562671651453,209,0.48167539199579795,0.048203649146657666
9,SH2D2A,Pool,brain_hypothalamus,141.85679521912414,16.163999526463797,202,0.7022613624709115,0.0800197996359594
9,SH2D2A,Pool,brain_nucleus_accumbens_basal_ganglia,162.18303229594204,12.365142084056792,246,0.6592806190891953,0.05026480521974306
9,SH2D2A,Pool,brain_putamen_basal_ganglia,112.67131960079509,10.360091663080574,205,0.5496161931746102,0.05053703250283207
9,SH2D2A,Pool,brain_spinal_cord_cervical_c-1,98.59960354562944,16.617441605178428,159,0.6201232927398078,0.10451221135332345
9,SH2D2A,STL,brain_amygdala,211.38735566412186,15.349207142328336,152,1.3907062872639595,0.10098162593637063
9,SH2D2A,STL,brain_anterior_cingulate_cortex_ba24,200.98804045329925,17.580091233403728,176,1.1419775025755639,0.09988688200797573
9,SH2D2A,STL,brain_caudate_basal_ganglia,170.6218408831037,14.602329433141149,246,0.6935847190370068,0.059359062736346134
9,SH2D2A,STL,brain_cerebellar_hemisphere,159.4043039283364,4.565226852949373,215,0.7414153671085414,0.021233613269531968
9,SH2D2A,STL,brain_cerebellum,124.19473462275583,7.6376038028946205,241,0.5153308490570782,0.03169130208669967
9,SH2D2A,STL,brain_cortex,137.39938080988597,12.566237599380973,255,0.5388211012152391,0.04927936313482734
9,SH2D2A,STL,brain_frontal_cortex_ba9,112.28218759811307,11.219337581232727,209,0.5372353473593927,0.0536810410585298
9,SH2D2A,STL,brain_hypothalamus,159.9356664645821,18.27093453695859,202,0.7917607250721886,0.09045017097504252
9,SH2D2A,STL,brain_nucleus_accumbens_basal_ganglia,166.44712188405737,12.681924975274331,246,0.6766143166018592,0.05155254054989566
9,SH2D2A,STL,brain_putamen_basal_ganglia,102.8058574275299,9.401746249106637,205,0.5014919874513654,0.04586217682491042
9,SH2D2A,STL,brain_spinal_cord_cervical_c-1,91.35877855909013,15.363753945698605,159,0.5745835129502523,0.09662738330628054
10,JAM2,ARMUL,brain_amygdala,50.37883424320214,13.54844308483655,152,0.33143969896843517,0.08913449397918782
10,JAM2,ARMUL,brain_anterior_cingulate_cortex_ba24,74.07564258561034,11.968330127671246,176,0.42088433287278604,0.06800187572540481
10,JAM2,ARMUL,brain_caudate_basal_ganglia,53.37521498344181,13.017825929392991,246,0.21697241863187727,0.05291799158289834
10,JAM2,ARMUL,brain_cerebellar_hemisphere,30.87296848915379,9.18116008414367,215,0.14359520227513392,0.04270307015880777
10,JAM2,ARMUL,brain_cerebellum,48.160187773781296,11.165941119691027,241,0.1998348040405863,0.046331705890834136
10,JAM2,ARMUL,brain_cortex,110.664312059614,20.197988201616326,255,0.43397769435142747,0.07920779686908364
10,JAM2,ARMUL,brain_frontal_cortex_ba9,86.7618006249336,13.486368027591144,209,0.41512823265518467,0.06452807668703897
10,JAM2,ARMUL,brain_hypothalamus,63.513386306180315,18.365225673662035,202,0.31442270448604115,0.09091695878050512
10,JAM2,ARMUL,brain_nucleus_accumbens_basal_ganglia,66.46463825420994,19.818990263176637,246,0.2701814563179266,0.08056500106982373
10,JAM2,ARMUL,brain_putamen_basal_ganglia,46.35625349029327,11.109881900324986,205,0.22612806580630862,0.05419454585524383
10,JAM2,ARMUL,brain_spinal_cord_cervical_c-1,34.35233466227376,19.362819009364816,159,0.2160524192595834,0.12177873590795482
10,JAM2,COVER,brain_amygdala,56.814473324830914,15.198933719441555,152,0.37377942976862444,0.09999298499632603
10,JAM2,COVER,brain_anterior_cingulate_cortex_ba24,80.46801851465567,12.826311465493188,176,0.45720465065145266,0.0728767696903022
10,JAM2,COVER,brain_caudate_basal_ganglia,57.12654454972639,13.888644939234325,246,0.2322217258118959,0.056457906257050106
10,JAM2,COVER,brain_cerebellar_hemisphere,34.136558158553825,10.149809993241163,215,0.15877468910955267,0.047208418573214714
10,JAM2,COVER,brain_cerebellum,51.48319962563646,11.953665311425814,241,0.21362323496114713,0.049600271001766866
10,JAM2,COVER,brain_cortex,116.4638154925556,21.27542469558676,255,0.45672084506884547,0.08343303802190886
10,JAM2,COVER,brain_frontal_cortex_ba9,86.7009015774901,13.445268035033033,209,0.41483684965306267,0.06433142600494274
10,JAM2,COVER,brain_hypothalamus,63.555765127016,18.456008217491654,202,0.3146325006287921,0.09136637731431511
10,JAM2,COVER,brain_nucleus_accumbens_basal_ganglia,67.82409316766072,20.250500594901474,246,0.27570769580349885,0.08231910810935558
10,JAM2,COVER,brain_putamen_basal_ganglia,46.26929555288276,11.08010637251926,205,0.22570388074576955,0.054049299378142734
10,JAM2,COVER,brain_spinal_cord_cervical_c-1,37.163313308603506,21.043554083440135,159,0.23373153024278934,0.1323493967511958
10,JAM2,FLARCC,brain_amygdala,51.06787329062305,13.624972204425092,152,0.33597285059620424,0.08963797502911244
10,JAM2,FLARCC,brain_anterior_cingulate_cortex_ba24,76.7289514595643,12.42714175989261,176,0.43595995147479716,0.07060875999938983
10,JAM2,FLARCC,brain_caudate_basal_ganglia,55.66985569665525,13.5245103329621,246,0.22630022640916767,0.05497768428033374
10,JAM2,FLARCC,brain_cerebellar_hemisphere,28.877778377890763,8.55204150802345,215,0.13431524826925936,0.039776937246620694
10,JAM2,FLARCC,brain_cerebellum,43.97562527404746,10.189336961915796,241,0.18247147416617204,0.04227940648097841
10,JAM2,FLARCC,brain_cortex,113.80662186920836,20.657856598237792,255,0.44630047791846417,0.08101120234603056
10,JAM2,FLARCC,brain_frontal_cortex_ba9,91.7642565601684,14.271519040984241,209,0.4390634285175522,0.06828478010040306
10,JAM2,FLARCC,brain_hypothalamus,64.1578833261501,18.526622276471343,202,0.3176132837928223,0.09171595186371952
10,JAM2,FLARCC,brain_nucleus_accumbens_basal_ganglia,67.45566742619907,20.11428774675117,246,0.2742100301878011,0.08176539734451695
10,JAM2,FLARCC,brain_putamen_basal_ganglia,45.82380003909645,10.996047721807212,205,0.22353073189803144,0.05363925717954738
10,JAM2,FLARCC,brain_spinal_cord_cervical_c-1,35.42770887801512,20.049749248006517,159,0.2228157791070133,0.12609905187425482
10,JAM2,HPS,brain_amygdala,50.60925484099847,13.628882402460796,152,0.3329556239539373,0.08966370001618945
10,JAM2,HPS,brain_anterior_cingulate_cortex_ba24,82.59230158516418,13.369184936612907,176,0.46927444082479647,0.07596127804893697
10,JAM2,HPS,brain_caudate_basal_ganglia,52.42592127072786,12.77696789938052,246,0.21311350110051977,0.05193889389992081
10,JAM2,HPS,brain_cerebellar_hemisphere,29.88792660240914,8.838454573375788,215,0.13901361210422855,0.04110909103895716
10,JAM2,HPS,brain_cerebellum,43.22078559977868,10.016725129034542,241,0.17933935933518125,0.041563174809271956
10,JAM2,HPS,brain_cortex,113.40690986761379,20.63656735182454,255,0.44473297987299526,0.08092771510519427
10,JAM2,HPS,brain_frontal_cortex_ba9,88.9348402867414,13.835745855050886,209,0.42552555161120287,0.06619974093325783
10,JAM2,HPS,brain_hypothalamus,65.01895624895288,18.735730841228005,202,0.3218760210344202,0.09275114277835646
10,JAM2,HPS,brain_nucleus_accumbens_basal_ganglia,67.94947020879263,20.268749748293736,246,0.27621735857232776,0.08239329165973064
10,JAM2,HPS,brain_putamen_basal_ganglia,41.76517078932268,10.02530662532143,205,0.2037325404357204,0.04890393475766552
10,JAM2,HPS,brain_spinal_cord_cervical_c-1,30.6839671667275,17.3120123719377,159,0.1929809255769025,0.10888058095558302
10,JAM2,MMoE,brain_amygdala,65.11380860788698,17.021211195307504,152,0.42838031978873015,0.11198165260070726
10,JAM2,MMoE,brain_anterior_cingulate_cortex_ba24,111.49275708247302,17.757658381129108,176,0.6334815743322331,0.10089578625641539
10,JAM2,MMoE,brain_caudate_basal_ganglia,60.739957808593125,14.726854355659334,246,0.24691039759590702,0.05986526160837128
10,JAM2,MMoE,brain_cerebellar_hemisphere,32.011592651072036,9.356195803988204,215,0.14889112860963738,0.043517189785991645
10,JAM2,MMoE,brain_cerebellum,50.755434964869735,11.777330968699724,241,0.21060346458452173,0.04886859323111919
10,JAM2,MMoE,brain_cortex,115.23329537127927,21.016112848832343,255,0.45189527596580104,0.08241612881895036
10,JAM2,MMoE,brain_frontal_cortex_ba9,96.42933521125386,14.930018296502269,209,0.46138437900121465,0.07143549424163764
10,JAM2,MMoE,brain_hypothalamus,71.40131886815615,20.697201828337057,202,0.3534718755849314,0.10246139518978742
10,JAM2,MMoE,brain_nucleus_accumbens_basal_ganglia,80.0112071213699,23.813469375484996,246,0.32524880943646306,0.09680272103855689
10,JAM2,MMoE,brain_putamen_basal_ganglia,42.254231283454665,10.138796814332952,205,0.20611820138270567,0.0494575454357705
10,JAM2,MMoE,brain_spinal_cord_cervical_c-1,29.854285959711273,16.763781363876355,159,0.18776280477805832,0.10543258719419091
10,JAM2,Pool,brain_amygdala,54.980431239667716,15.166063332829125,152,0.36171336341886656,0.09977673245282319
10,JAM2,Pool,brain_anterior_cingulate_cortex_ba24,91.74824049720687,14.835953704105492,176,0.5212968210068571,0.08429519150059939
10,JAM2,Pool,brain_caudate_basal_ganglia,62.09278018465312,15.242856880593978,246,0.2524096755473704,0.061962832847943
10,JAM2,Pool,brain_cerebellar_hemisphere,45.8678142417865,13.64476151454523,215,0.2133386708920302,0.06346400704439642
10,JAM2,Pool,brain_cerebellum,65.01490246347248,15.075161189239893,241,0.26977137951648333,0.06255253605493731
10,JAM2,Pool,brain_cortex,121.60471789668625,22.769848148221747,255,0.4768812466536716,0.08929352214988921
10,JAM2,Pool,brain_frontal_cortex_ba9,98.90563629525167,15.254730947081805,209,0.4732327095466587,0.07298914328747275
10,JAM2,Pool,brain_hypothalamus,67.149212725756,19.565645975518354,202,0.3324218451770099,0.09685963354217007
10,JAM2,Pool,brain_nucleus_accumbens_basal_ganglia,80.35619197264624,23.988090071586996,246,0.3266511868806758,0.0975125612666138
10,JAM2,Pool,brain_putamen_basal_ganglia,47.47274583560361,11.395372920980055,205,0.2315743699297737,0.05558718498039051
10,JAM2,Pool,brain_spinal_cord_cervical_c-1,37.06892959478367,21.15015632471953,159,0.2331379219797715,0.13301985109886497
10,JAM2,STL,brain_amygdala,65.08381168297474,17.136486356285996,152,0.42818297159851804,0.11274004181767103
10,JAM2,STL,brain_anterior_cingulate_cortex_ba24,104.26788781878867,16.60854735059923,176,0.5924311807885719,0.0943667463102229
10,JAM2,STL,brain_caudate_basal_ganglia,55.61790997627064,13.607994782977075,246,0.2260890649441896,0.05531705196332144
10,JAM2,STL,brain_cerebellar_hemisphere,29.35727201606079,8.727838839361043,215,0.13654545123749204,0.04059459925284206
10,JAM2,STL,brain_cerebellum,45.701156520768805,10.594566062113397,241,0.18963135485796184,0.043960855029516174
10,JAM2,STL,brain_cortex,120.24051970027054,22.14453419122473,255,0.4715314498049825,0.08684131055382247
10,JAM2,STL,brain_frontal_cortex_ba9,105.76269071446143,16.39844514950254,209,0.5060415823658442,0.0784614600454667
10,JAM2,STL,brain_hypothalamus,76.99222228200948,21.86634698606473,202,0.38114961525747265,0.10824924250527095
10,JAM2,STL,brain_nucleus_accumbens_basal_ganglia,86.67966225460057,25.85713016858536,246,0.3523563506284576,0.10511028523815187
10,JAM2,STL,brain_putamen_basal_ganglia,47.653935446169406,11.430635599088605,205,0.23245822168863126,0.05575919804433466
10,JAM2,STL,brain_spinal_cord_cervical_c-1,28.682465903171583,16.037229872610524,159,0.18039286731554455,0.10086308095981462
10,SH2D2A,ARMUL,brain_amygdala,216.2509290806064,15.285453584843404,152,1.422703480793463,0.10056219463712766
10,SH2D2A,ARMUL,brain_anterior_cingulate_cortex_ba24,143.89947991768474,12.916270958562496,176,0.8176106813504815,0.07338790317365054
10,SH2D2A,ARMUL,brain_caudate_basal_ganglia,142.66035427929572,12.545642502900403,246,0.5799201393467306,0.050998546759757735
10,SH2D2A,ARMUL,brain_cerebellar_hemisphere,149.42453663822732,4.351341325920267,215,0.6949978448289643,0.020238796864745428
10,SH2D2A,ARMUL,brain_cerebellum,123.81453499677592,7.594748057709613,241,0.5137532572480329,0.03151347741788221
10,SH2D2A,ARMUL,brain_cortex,141.13581719433492,12.89014919083139,255,0.5534737929189605,0.05054960466992702
10,SH2D2A,ARMUL,brain_frontal_cortex_ba9,101.90571268457822,10.274050294402109,209,0.48758714203147474,0.0491581353799144
10,SH2D2A,ARMUL,brain_hypothalamus,159.1450257310191,16.809136956689258,202,0.7878466620347481,0.08321354929054088
10,SH2D2A,ARMUL,brain_nucleus_accumbens_basal_ganglia,165.8714846813331,11.43940699835268,246,0.6742743279728988,0.046501654464848295
10,SH2D2A,ARMUL,brain_putamen_basal_ganglia,108.29886877333819,9.587256447557099,205,0.5282871647479912,0.04676710462222975
10,SH2D2A,ARMUL,brain_spinal_cord_cervical_c-1,96.76832241398364,16.702685620090524,159,0.6086058013458091,0.10504833723327374
10,SH2D2A,COVER,brain_amygdala,185.58515086639898,13.34440416243714,152,1.2209549399105195,0.08779213264761276
10,SH2D2A,COVER,brain_anterior_cingulate_cortex_ba24,135.10976024824956,12.192090135339889,176,0.7676690923195998,0.06927323940534028
10,SH2D2A,COVER,brain_caudate_basal_ganglia,146.02322682619956,12.857922721906057,246,0.5935903529520308,0.052267978544333564
10,SH2D2A,COVER,brain_cerebellar_hemisphere,151.11453682795553,4.38499533639046,215,0.7028583108277001,0.020395327146002142
10,SH2D2A,COVER,brain_cerebellum,128.62508477134955,7.90266113230983,241,0.5337140446943964,0.03279112503033124
10,SH2D2A,COVER,brain_cortex,140.05779596471032,12.77192201543444,255,0.5492462586851385,0.0500859686879782
10,SH2D2A,COVER,brain_frontal_cortex_ba9,105.53575672868764,10.606347040943318,209,0.5049557738214719,0.05074807196623597
10,SH2D2A,COVER,brain_hypothalamus,145.0517885681487,15.472159076583736,202,0.7180781612284589,0.07659484691378088
10,SH2D2A,COVER,brain_nucleus_accumbens_basal_ganglia,154.16795931156315,10.72219122376102,246,0.6266990215917201,0.04358614318602041
10,SH2D2A,COVER,brain_putamen_basal_ganglia,97.62595986962461,8.650577045281421,205,0.4762241944859737,0.042197936806250835
10,SH2D2A,COVER,brain_spinal_cord_cervical_c-1,92.57673288956856,15.800272254221063,159,0.5822436030790475,0.09937278147308845
10,SH2D2A,FLARCC,brain_amygdala,192.2442109522263,13.794535794715708,152,1.264764545738331,0.09075352496523492
10,SH2D2A,FLARCC,brain_anterior_cingulate_cortex_ba24,135.7447465328047,12.206512273816712,176,0.7712769689363903,0.06935518337395859
10,SH2D2A,FLARCC,brain_caudate_basal_ganglia,147.01712775440222,12.943641440480048,246,0.5976306006276513,0.0526164286198376
10,SH2D2A,FLARCC,brain_cerebellar_hemisphere,151.4471462596303,4.374007730528274,215,0.704405331440141,0.02034422200245709
10,SH2D2A,FLARCC,brain_cerebellum,129.62295790477174,7.972804721571154,241,0.5378545971152354,0.0330821772679301
10,SH2D2A,FLARCC,brain_cortex,138.36880564727193,12.577004612531685,255,0.5426227672442037,0.04932158671581053
10,SH2D2A,FLARCC,brain_frontal_cortex_ba9,102.4917626902722,10.310247872273866,209,0.49039120904436456,0.049331329532410845
10,SH2D2A,FLARCC,brain_hypothalamus,147.981960347443,15.81462261324341,202,0.7325839621160544,0.07829021095665055
10,SH2D2A,FLARCC,brain_nucleus_accumbens_basal_ganglia,153.7939807920202,10.723758913157727,246,0.6251787837073992,0.04359251590714523
10,SH2D2A,FLARCC,brain_putamen_basal_ganglia,102.540973482899,9.071262893518867,205,0.5001998706482879,0.044250062895213986
10,SH2D2A,FLARCC,brain_spinal_cord_cervical_c-1,93.3953133836897,15.962994646090056,159,0.5873919080735202,0.10039619274270475
10,SH2D2A,HPS,brain_amygdala,216.71186876984103,15.31208581154063,152,1.425735978748954,0.10073740665487256
10,SH2D2A,HPS,brain_anterior_cingulate_cortex_ba24,146.6774996609952,13.19661080653439,176,0.8333948844374728,0.07498074321894539
10,SH2D2A,HPS,brain_caudate_basal_ganglia,154.40855723376046,13.626241147621922,246,0.6276770619258555,0.05539122417732489
10,SH2D2A,HPS,brain_cerebellar_hemisphere,144.9054192826263,4.2359509251097816,215,0.6739786943377968,0.019702097326092006
10,SH2D2A,HPS,brain_cerebellum,119.82193771104357,7.37938094238528,241,0.49718646353130114,0.030619837935208633
10,SH2D2A,HPS,brain_cortex,143.561976150666,13.081618901227769,255,0.5629881417673176,0.05130046627932458
10,SH2D2A,HPS,brain_frontal_cortex_ba9,98.8057716462386,9.951043318328463,209,0.47275488825951484,0.04761264745611705
10,SH2D2A,HPS,brain_hypothalamus,162.6020234837456,17.117855661868337,202,0.8049605122957703,0.0847418597122195
10,SH2D2A,HPS,brain_nucleus_accumbens_basal_ganglia,163.16911661147918,11.237216206190432,246,0.663289091916582,0.04567974067557086
10,SH2D2A,HPS,brain_putamen_basal_ganglia,107.8132426550197,9.585202367937235,205,0.5259182568537547,0.04675708472164505
10,SH2D2A,HPS,brain_spinal_cord_cervical_c-1,98.18051668890601,16.88748368678217,159,0.6174875263453208,0.10621058922504509
10,SH2D2A,MMoE,brain_amygdala,194.12387045792443,13.92546589975759,152,1.2771307266968712,0.0916149072352473
10,SH2D2A,MMoE,brain_anterior_cingulate_cortex_ba24,176.17114851459064,15.422839309534316,176,1.0009724347419924,0.08762976880417225
10,SH2D2A,MMoE,brain_caudate_basal_ganglia,146.35711393017198,12.985625241920122,246,0.5949476176023251,0.05278709447935009
10,SH2D2A,MMoE,brain_cerebellar_hemisphere,155.2740461128991,4.536722393929602,215,0.7222048656413912,0.02110103439037024
10,SH2D2A,MMoE,brain_cerebellum,117.2436931871755,7.243249219741092,241,0.48648835347375724,0.0300549760155232
10,SH2D2A,MMoE,brain_cortex,136.89969637329278,12.413758654026447,255,0.5368615544050698,0.048681406486378226
10,SH2D2A,MMoE,brain_frontal_cortex_ba9,92.85466275178676,9.3268764640317,209,0.4442806830229032,0.04462620317718517
10,SH2D2A,MMoE,brain_hypothalamus,133.92478155604732,14.578846497667175,202,0.6629939680992442,0.07217250741419394
10,SH2D2A,MMoE,brain_nucleus_accumbens_basal_ganglia,149.5207040134903,10.519891626733504,246,0.607807739892237,0.0427637871005427
10,SH2D2A,MMoE,brain_putamen_basal_ganglia,111.0100837394458,9.947498919675716,205,0.5415126036070527,0.04852438497402788
10,SH2D2A,MMoE,brain_spinal_cord_cervical_c-1,102.25737517044728,17.11812989550012,159,0.6431281457260835,0.10766119431132153
10,SH2D2A,Pool,brain_amygdala,207.12273137130393,15.993963727073798,152,1.3626495484954206,0.10522344557285393
10,SH2D2A,Pool,brain_anterior_cingulate_cortex_ba24,143.93907003350844,13.381550193044857,176,0.8178356251903889,0.07603153518775486
10,SH2D2A,Pool,brain_caudate_basal_ganglia,145.1073947750105,12.855598568470423,246,0.5898674584350021,0.052258530766139934
10,SH2D2A,Pool,brain_cerebellar_hemisphere,133.84797850382859,3.922743177039324,215,0.6225487372271097,0.018245317102508485
10,SH2D2A,Pool,brain_cerebellum,120.06298369712059,7.420478171287541,241,0.49818665434489867,0.0307903658559649
10,SH2D2A,Pool,brain_cortex,136.03908833081093,12.42303080079842,255,0.5334866209051409,0.048717767846268314
10,SH2D2A,Pool,brain_frontal_cortex_ba9,100.85172654393723,10.208862204269652,209,0.48254414614324037,0.04884623064243852
10,SH2D2A,Pool,brain_hypothalamus,137.9189494531704,15.391738254525627,202,0.6827670765008436,0.07619672403230508
10,SH2D2A,Pool,brain_nucleus_accumbens_basal_ganglia,159.8274065929563,10.99323097048324,246,0.6497049048494158,0.04468793077432211
10,SH2D2A,Pool,brain_putamen_basal_ganglia,99.69633526774204,8.874157740104458,205,0.4863235866719124,0.04328857434197297
10,SH2D2A,Pool,brain_spinal_cord_cervical_c-1,97.98698197171683,17.01580993059063,159,0.6162703268661436,0.10701767251943793
10,SH2D2A,STL,brain_amygdala,250.37602063760173,17.46225012107263,152,1.647210662089485,0.11488322448074098
10,SH2D2A,STL,brain_anterior_cingulate_cortex_ba24,214.10167026105034,18.139667195149723,176,1.216486762846877,0.10306629088153252
10,SH2D2A,STL,brain_caudate_basal_ganglia,160.793538283802,14.23196875454394,246,0.6536322694463497,0.05785353152253634
10,SH2D2A,STL,brain_cerebellar_hemisphere,151.42760639119047,4.466195385327619,215,0.7043144483311184,0.020773001792221482
10,SH2D2A,STL,brain_cerebellum,116.44319346052445,7.168914486815647,241,0.4831667778444998,0.02974653314031389
10,SH2D2A,STL,brain_cortex,146.9314771495195,13.263634435996252,255,0.5762018711745863,0.05201425269018138
10,SH2D2A,STL,brain_frontal_cortex_ba9,98.91334658751406,9.993386094139511,209,0.47326960089719644,0.04781524446956704
10,SH2D2A,STL,brain_hypothalamus,180.39646164253523,19.452054572471432,202,0.8930517903095804,0.09629729986371996
10,SH2D2A,STL,brain_nucleus_accumbens_basal_ganglia,181.58639464012327,12.268451650318344,246,0.7381560757728588,0.049871754676090826
10,SH2D2A,STL,brain_putamen_basal_ganglia,107.97345738545107,9.655663033665954,205,0.5266997921241515,0.04710079528617538
10,SH2D2A,STL,brain_spinal_cord_cervical_c-1,100.11660928216287,16.814821461384206,159,0.629664209321779,0.10575359409675601
11,JAM2,ARMUL,brain_amygdala,38.637692876264595,10.932257087935678,152,0.2541953478701618,0.07192274399957684
11,JAM2,ARMUL,brain_anterior_cingulate_cortex_ba24,70.65310016748818,11.938109317103208,176,0.40143806913345553,0.06783016657445005
11,JAM2,ARMUL,brain_caudate_basal_ganglia,55.658829685084484,13.103450390207577,246,0.22625540522392068,0.05326605849677877
11,JAM2,ARMUL,brain_cerebellar_hemisphere,32.508207329608126,9.409485051768385,215,0.15120096432375874,0.043765046752411094
11,JAM2,ARMUL,brain_cerebellum,50.80960892115804,11.401342702616821,241,0.21082825278488812,0.04730847594446814
11,JAM2,ARMUL,brain_cortex,123.06283783612582,21.267186430240706,255,0.4825993640632385,0.08340073109898316
11,JAM2,ARMUL,brain_frontal_cortex_ba9,82.99405694550867,12.977915651493323,209,0.3971007509354482,0.062095290198532646
11,JAM2,ARMUL,brain_hypothalamus,62.30700815065672,17.83373295154273,202,0.3084505353992907,0.08828580669080559
11,JAM2,ARMUL,brain_nucleus_accumbens_basal_ganglia,68.19785896905083,20.10343635632577,246,0.2772270689798814,0.08172128600132426
11,JAM2,ARMUL,brain_putamen_basal_ganglia,42.58208820880928,9.90354783678272,205,0.20771750345760626,0.04830998944772058
11,JAM2,ARMUL,brain_spinal_cord_cervical_c-1,32.81862868022866,18.164504641343086,159,0.2064064696869727,0.11424216755561689
11,JAM2,COVER,brain_amygdala,38.31389739509796,10.884702557604763,152,0.2520651144414339,0.07160988524739975
11,JAM2,COVER,brain_anterior_cingulate_cortex_ba24,70.16452438834968,11.823610279560114,176,0.39866207038835044,0.06717960386113701
11,JAM2,COVER,brain_caudate_basal_ganglia,55.34982104129426,13.08166406952594,246,0.22499927252558644,0.05317749621758512
11,JAM2,COVER,brain_cerebellar_hemisphere,30.44141682960752,8.82466517644705,215,0.14158798525398847,0.041044954309056046
11,JAM2,COVER,brain_cerebellum,48.92249829097695,10.878018702033724,241,0.20299791821982135,0.0451370070623806
11,JAM2,COVER,brain_cortex,119.84022188750932,20.71558488625312,255,0.46996165446082083,0.08123758778922792
11,JAM2,COVER,brain_frontal_cortex_ba9,84.13407571367632,13.121235405461247,209,0.4025553861898389,0.06278103064813993
11,JAM2,COVER,brain_hypothalamus,62.1472289149333,17.78897255520658,202,0.3076595490838282,0.0880642205703296
11,JAM2,COVER,brain_nucleus_accumbens_basal_ganglia,68.46524100121803,20.163624558025425,246,0.2783139878098294,0.08196595348790824
11,JAM2,COVER,brain_putamen_basal_ganglia,44.3937216776246,10.335208407933985,205,0.2165547398908517,0.05041565077040968
11,JAM2,COVER,brain_spinal_cord_cervical_c-1,34.51448939201626,19.164429502895366,159,0.21707226032714627,0.12053100316286394
11,JAM2,FLARCC,brain_amygdala,38.07083455567629,10.81856979587704,152,0.2504660168136598,0.07117480128866474
11,JAM2,FLARCC,brain_anterior_cingulate_cortex_ba24,70.85594238354082,11.962356771392496,176,0.4025905817246638,0.06796793620109373
11,JAM2,FLARCC,brain_caudate_basal_ganglia,55.00322497434507,13.069128764408886,246,0.22359034542416698,0.05312653969271905
11,JAM2,FLARCC,brain_cerebellar_hemisphere,32.097811283229596,9.310028738419941,215,0.14929214550339348,0.04330245924846484
11,JAM2,FLARCC,brain_cerebellum,51.372758631842146,11.527911795840035,241,0.2131649735761085,0.04783365890390056
11,JAM2,FLARCC,brain_cortex,121.60985757159307,21.005729043894753,255,0.47690140224154143,0.08237540801527354
11,JAM2,FLARCC,brain_frontal_cortex_ba9,82.9965729100796,12.998492514088227,209,0.3971127890434431,0.06219374408654654
11,JAM2,FLARCC,brain_hypothalamus,65.60475268115285,18.7027941112794,202,0.32477600337204376,0.092588089659799
11,JAM2,FLARCC,brain_nucleus_accumbens_basal_ganglia,69.3407597987019,20.462272939322897,246,0.2818730073117963,0.08317997129806055
11,JAM2,FLARCC,brain_putamen_basal_ganglia,43.18771450391212,10.089130486976607,205,0.210671778067864,0.04921527066817857
11,JAM2,FLARCC,brain_spinal_cord_cervical_c-1,34.261003784373706,19.02790513210159,159,0.21547801122247615,0.11967235932139365
11,JAM2,HPS,brain_amygdala,39.2579953494287,11.10661033823569,152,0.25827628519360984,0.07306980485681375
11,JAM2,HPS,brain_anterior_cingulate_cortex_ba24,70.68496013999399,11.955448909122849,176,0.4016190917045113,0.06792868698365255
11,JAM2,HPS,brain_caudate_basal_ganglia,54.3818507648793,12.822333763602195,246,0.2210644340035744,0.052123307982122745
11,JAM2,HPS,brain_cerebellar_hemisphere,32.30541294583129,9.363055821944435,215,0.15025773463177344,0.04354909684625319
11,JAM2,HPS,brain_cerebellum,50.22934179438627,11.194984676720587,241,0.2084205053708974,0.046452218575604096
11,JAM2,HPS,brain_cortex,124.20724400386767,21.50628041114566,255,0.48708723138771637,0.08433835455351239
11,JAM2,HPS,brain_frontal_cortex_ba9,83.38589557217837,13.034705647789185,209,0.398975576900375,0.062367012668847775
11,JAM2,HPS,brain_hypothalamus,65.95540010229362,18.834433253035293,202,0.3265118816945229,0.09323976857938264
11,JAM2,HPS,brain_nucleus_accumbens_basal_ganglia,71.00778009891116,20.93306754892033,246,0.28864951259719984,0.08509377052406639
11,JAM2,HPS,brain_putamen_basal_ganglia,44.317706426751684,10.316140482978382,205,0.2161839337890326,0.05032263650233357
11,JAM2,HPS,brain_spinal_cord_cervical_c-1,32.31108474884198,17.88484321267342,159,0.2032143694895722,0.11248329064574478
11,JAM2,MMoE,brain_amygdala,80.82130593577794,21.992747578490818,152,0.5317191179985391,0.14468912880586063
11,JAM2,MMoE,brain_anterior_cingulate_cortex_ba24,91.81998591258338,15.60060414524271,176,0.5217044654124056,0.08863979627978813
11,JAM2,MMoE,brain_caudate_basal_ganglia,60.97955695468151,14.141554391286412,246,0.247884377864559,0.05748599346051387
11,JAM2,MMoE,brain_cerebellar_hemisphere,32.71685527622888,9.495381556412555,215,0.15217141988943664,0.04416456537866305
11,JAM2,MMoE,brain_cerebellum,56.964727725493525,12.735720867646123,241,0.2363681648360727,0.05284531480351088
11,JAM2,MMoE,brain_cortex,118.70248692189452,20.735363959926396,255,0.46549994871331185,0.08131515278402508
11,JAM2,MMoE,brain_frontal_cortex_ba9,101.19455341791434,15.666919980495674,209,0.4841844661144227,0.07496133961959653
11,JAM2,MMoE,brain_hypothalamus,86.43380492755554,24.851577402207035,202,0.42789012340374033,0.12302761090201503
11,JAM2,MMoE,brain_nucleus_accumbens_basal_ganglia,78.31126722607644,23.20615602902084,246,0.3183384846588473,0.09433396759764569
11,JAM2,MMoE,brain_putamen_basal_ganglia,42.14297857782813,9.775087504084311,205,0.20557550525769822,0.04768335367846006
11,JAM2,MMoE,brain_spinal_cord_cervical_c-1,31.379374755625598,17.270210454658613,159,0.19735455821148176,0.10861767581546297
11,JAM2,Pool,brain_amygdala,50.4986384127108,14.578874324849835,152,0.33222788429414996,0.09591364687401208
11,JAM2,Pool,brain_anterior_cingulate_cortex_ba24,82.29447109466422,13.88931131790559,176,0.467582222128774,0.07891654157900903
11,JAM2,Pool,brain_caudate_basal_ganglia,63.26842162664478,14.84205476381791,246,0.25718870579936903,0.0603335559504793
11,JAM2,Pool,brain_cerebellar_hemisphere,34.86255028917612,10.152535672442282,215,0.16215139669384243,0.047221096150894336
11,JAM2,Pool,brain_cerebellum,64.84763283982238,14.796603103846873,241,0.2690773146880597,0.06139669337695798
11,JAM2,Pool,brain_cortex,117.88968225490898,20.605430819683242,255,0.4623124794310156,0.08080561105758134
11,JAM2,Pool,brain_frontal_cortex_ba9,89.23512341151545,13.883133725709333,209,0.4269623129737581,0.06642647715650399
11,JAM2,Pool,brain_hypothalamus,65.7375437672279,18.952220431290044,202,0.3254333849862768,0.09382287342222795
11,JAM2,Pool,brain_nucleus_accumbens_basal_ganglia,73.03702605099491,21.609858527210815,246,0.2968984798820931,0.08784495336264558
11,JAM2,Pool,brain_putamen_basal_ganglia,44.46034280251875,10.356472745260943,205,0.21687972098789635,0.05051937924517533
11,JAM2,Pool,brain_spinal_cord_cervical_c-1,35.18774855511091,19.508372699869632,159,0.22130659468623212,0.12269416792370838
11,JAM2,STL,brain_amygdala,46.86203185057229,13.028945911491824,152,0.30830284112218614,0.08571674941770938
11,JAM2,STL,brain_anterior_cingulate_cortex_ba24,80.72000721180264,13.765561272642763,176,0.458636404612515,0.07821341632183389
11,JAM2,STL,brain_caudate_basal_ganglia,63.23536214596702,14.723059901202502,246,0.2570543176665326,0.05984983699675814
11,JAM2,STL,brain_cerebellar_hemisphere,30.56177483527748,9.02425223185409,215,0.14214778993152316,0.041973266194670185
11,JAM2,STL,brain_cerebellum,49.012535393206846,10.904792833413675,241,0.20337151615438526,0.04524810304321027
11,JAM2,STL,brain_cortex,126.96776214750662,22.360704185951327,255,0.4979127927353201,0.08768903602333854
11,JAM2,STL,brain_frontal_cortex_ba9,99.63973715836586,15.506148729235754,209,0.4767451538677792,0.0741920991829462
11,JAM2,STL,brain_hypothalamus,73.28217418197771,20.94287071773782,202,0.3627830405048401,0.10367757781058326
11,JAM2,STL,brain_nucleus_accumbens_basal_ganglia,80.13630758824974,23.635727471975606,246,0.3257573479197144,0.0960801929755106
11,JAM2,STL,brain_putamen_basal_ganglia,54.05072827467037,12.25403429866199,205,0.2636620891447335,0.05977577706664385
11,JAM2,STL,brain_spinal_cord_cervical_c-1,32.614745873295306,18.131287223005412,159,0.20512418788236042,0.1140332529748768
11,SH2D2A,ARMUL,brain_amygdala,249.4326666163334,14.712976638427673,152,1.6410043856337724,0.09679589893702416
11,SH2D2A,ARMUL,brain_anterior_cingulate_cortex_ba24,150.84470554195786,11.878445013273115,176,0.8570721905793061,0.0674911648481427
11,SH2D2A,ARMUL,brain_caudate_basal_ganglia,133.45311214715045,12.057794509685875,246,0.5424923258014246,0.049015424836121445
11,SH2D2A,ARMUL,brain_cerebellar_hemisphere,145.1517496812573,4.213427073962872,215,0.6751244171221269,0.019597335227734287
11,SH2D2A,ARMUL,brain_cerebellum,138.24674627512246,8.501735775070122,241,0.5736379513490558,0.03527691192975154
11,SH2D2A,ARMUL,brain_cortex,136.5455079553643,12.67210584694064,255,0.5354725802171149,0.04969453273310055
11,SH2D2A,ARMUL,brain_frontal_cortex_ba9,101.23818592679577,10.352777305855533,209,0.48439323409950125,0.049534819645241784
11,SH2D2A,ARMUL,brain_hypothalamus,126.78843308970934,14.317260932192116,202,0.6276655103450958,0.07087752936728771
11,SH2D2A,ARMUL,brain_nucleus_accumbens_basal_ganglia,169.6197627803869,11.60920716617829,246,0.6895112308145809,0.04719189904950524
11,SH2D2A,ARMUL,brain_putamen_basal_ganglia,109.6958675593004,10.204631786569792,205,0.5351017929721971,0.04977869164180386
11,SH2D2A,ARMUL,brain_spinal_cord_cervical_c-1,100.07056582036802,16.828246548263955,159,0.6293746278010567,0.10583802860543368
11,SH2D2A,COVER,brain_amygdala,264.75009837336256,15.461132208665822,152,1.7417769629826485,0.10171797505701198
11,SH2D2A,COVER,brain_anterior_cingulate_cortex_ba24,166.98916232968543,12.681457365483695,176,0.9488020586913944,0.07205373503115736
11,SH2D2A,COVER,brain_caudate_basal_ganglia,127.57492316926303,11.532759195532275,246,0.5185972486555408,0.04688113494118811
11,SH2D2A,COVER,brain_cerebellar_hemisphere,138.28638530574491,4.055430966653656,215,0.6431924897941624,0.018862469612342586
11,SH2D2A,COVER,brain_cerebellum,144.6165241569403,8.879620049837685,241,0.6000685649665572,0.03684489647235554
11,SH2D2A,COVER,brain_cortex,139.68263675830923,12.962471257276512,255,0.5477750461110166,0.05083322061677063
11,SH2D2A,COVER,brain_frontal_cortex_ba9,101.36028934671592,10.38279940506545,209,0.48497746098907135,0.049678466052944736
11,SH2D2A,COVER,brain_hypothalamus,131.23151788229714,15.034996755357518,202,0.6496609796153324,0.07443067700672039
11,SH2D2A,COVER,brain_nucleus_accumbens_basal_ganglia,162.00335673988585,11.119669652067886,246,0.6585502306499424,0.045201909154747505
11,SH2D2A,COVER,brain_putamen_basal_ganglia,101.27515887005666,9.419142207420965,205,0.49402516521978856,0.045947035158151045
11,SH2D2A,COVER,brain_spinal_cord_cervical_c-1,105.63982820211262,17.665974107228415,159,0.6644014352334128,0.11110675539137368
11,SH2D2A,FLARCC,brain_amygdala,260.3358607330823,15.431596281469105,152,1.7127359258755415,0.10152365974650727
11,SH2D2A,FLARCC,brain_anterior_cingulate_cortex_ba24,162.92999794909915,12.821316497871942,176,0.9257386247107906,0.07284838919245422
11,SH2D2A,FLARCC,brain_caudate_basal_ganglia,130.3025871851301,11.775332181714294,246,0.5296853137606915,0.04786720399070851
11,SH2D2A,FLARCC,brain_cerebellar_hemisphere,139.68831270923238,4.070653688255189,215,0.6497130823685227,0.018933272968628786
11,SH2D2A,FLARCC,brain_cerebellum,138.01214494016418,8.474233893491975,241,0.5726645018264074,0.035162796238555914
11,SH2D2A,FLARCC,brain_cortex,138.38366473566373,12.895993000219299,255,0.5426810381790734,0.050572521569487446
11,SH2D2A,FLARCC,brain_frontal_cortex_ba9,102.77765426436662,10.489921223279897,209,0.49175911131275896,0.05019101063770286
11,SH2D2A,FLARCC,brain_hypothalamus,126.97619919654159,14.362807798592353,202,0.6285950455274336,0.07110300890392254
11,SH2D2A,FLARCC,brain_nucleus_accumbens_basal_ganglia,161.2778932900668,11.112992983623972,246,0.6556011922360439,0.04517476822611371
11,SH2D2A,FLARCC,brain_putamen_basal_ganglia,108.13298567337824,10.050807781916713,205,0.527477978894528,0.04902833064349616
11,SH2D2A,FLARCC,brain_spinal_cord_cervical_c-1,98.70344771772665,16.61479727483827,159,0.6207764007404192,0.10449558034489478
11,SH2D2A,HPS,brain_amygdala,276.80330551350414,16.06602615800893,152,1.8210743783783168,0.10569754051321666
11,SH2D2A,HPS,brain_anterior_cingulate_cortex_ba24,167.1506272502424,13.033137015376818,176,0.9497194730127408,0.07405191486009556
11,SH2D2A,HPS,brain_caudate_basal_ganglia,132.56737631758546,11.96658794547383,246,0.5388917736487213,0.04864466644501557
11,SH2D2A,HPS,brain_cerebellar_hemisphere,151.5752630372203,4.404957456532216,215,0.7050012234289317,0.02048817421642891
11,SH2D2A,HPS,brain_cerebellum,138.05779584137144,8.483689898315394,241,0.5728539246529936,0.03520203277309292
11,SH2D2A,HPS,brain_cortex,140.48935587709607,13.056663380199833,255,0.550938650498416,0.051202601490979736
11,SH2D2A,HPS,brain_frontal_cortex_ba9,103.37379224879616,10.571124272725001,209,0.49461144616648883,0.05057954197476077
11,SH2D2A,HPS,brain_hypothalamus,134.9866556061553,15.267088007694083,202,0.6682507703275015,0.07557964360244596
11,SH2D2A,HPS,brain_nucleus_accumbens_basal_ganglia,164.78531544093872,11.200924054583608,246,0.6698590058574745,0.0455322116039984
11,SH2D2A,HPS,brain_putamen_basal_ganglia,110.61870501943513,10.298136802260409,205,0.5396034391191957,0.05023481366956297
11,SH2D2A,HPS,brain_spinal_cord_cervical_c-1,99.86859944658231,16.869180113265873,159,0.6281043990351088,0.10609547241047719
11,SH2D2A,MMoE,brain_amygdala,262.18393317290713,15.728003307749495,152,1.7248942971901784,0.10347370597203615
11,SH2D2A,MMoE,brain_anterior_cingulate_cortex_ba24,252.28500567827317,18.33871822455554,176,1.4334375322629158,0.1041972626395201
11,SH2D2A,MMoE,brain_caudate_basal_ganglia,140.05275699810073,12.604299370624059,246,0.5693201503987835,0.051236989311479915
11,SH2D2A,MMoE,brain_cerebellar_hemisphere,143.9290787822861,4.289536884769799,215,0.6694375757315633,0.019951334347766504
11,SH2D2A,MMoE,brain_cerebellum,136.23607328600235,8.346237488795047,241,0.5652949099004247,0.034631690824875716
11,SH2D2A,MMoE,brain_cortex,131.08725326932785,12.059932083401918,255,0.514067659879717,0.0472938513074585
11,SH2D2A,MMoE,brain_frontal_cortex_ba9,100.13953700025897,10.218942851174475,209,0.47913654067109557,0.04889446340274869
11,SH2D2A,MMoE,brain_hypothalamus,130.32381485660173,14.757673831215453,202,0.6451674002802066,0.07305779124364085
11,SH2D2A,MMoE,brain_nucleus_accumbens_basal_ganglia,192.36286535890628,13.375199322568967,246,0.7819628673126271,0.054370728953532385
11,SH2D2A,MMoE,brain_putamen_basal_ganglia,113.8698839081616,10.585905233911253,205,0.5554628483324956,0.05163856211664026
11,SH2D2A,MMoE,brain_spinal_cord_cervical_c-1,93.2864248989271,15.931925232624279,159,0.5867070748360195,0.10020078762656778
11,SH2D2A,Pool,brain_amygdala,219.10699436270687,13.494214624296527,152,1.4414933839651767,0.08877772779142452
11,SH2D2A,Pool,brain_anterior_cingulate_cortex_ba24,159.81867888120374,12.286158561993167,176,0.9080606754613849,0.0698077191022339
11,SH2D2A,Pool,brain_caudate_basal_ganglia,131.7147257436331,11.921496074707424,246,0.5354257144050126,0.04846136615734725
11,SH2D2A,Pool,brain_cerebellar_hemisphere,128.19231191260866,3.7717772051299163,215,0.5962433112214356,0.017543149791301938
11,SH2D2A,Pool,brain_cerebellum,129.5896967072115,7.9804864989904924,241,0.5377165838473505,0.03311405186303109
11,SH2D2A,Pool,brain_cortex,125.31455814489419,11.581142039360085,255,0.4914296397838988,0.04541624329160818
11,SH2D2A,Pool,brain_frontal_cortex_ba9,98.05734992930536,10.022590100274172,209,0.46917392310672423,0.04795497655633575
11,SH2D2A,Pool,brain_hypothalamus,111.22322408437478,12.63695720282065,202,0.5506100202196771,0.06255919407336956
11,SH2D2A,Pool,brain_nucleus_accumbens_basal_ganglia,153.33346560962735,10.866103886196042,246,0.623306770770843,0.044171154008927
11,SH2D2A,Pool,brain_putamen_basal_ganglia,103.82063068494637,9.655327172684666,205,0.5064421009021773,0.0470991569399252
11,SH2D2A,Pool,brain_spinal_cord_cervical_c-1,98.6234590777467,16.517402494668985,159,0.6202733275329981,0.10388303455766658
11,SH2D2A,STL,brain_amygdala,345.2257731083428,19.31405028300579,152,2.2712221915022552,0.12706612028293285
11,SH2D2A,STL,brain_anterior_cingulate_cortex_ba24,229.75880957890143,17.675908910549843,176,1.3054477816983037,0.10043130062812411
11,SH2D2A,STL,brain_caudate_basal_ganglia,143.91305999616566,13.04627325636314,246,0.5850124390088035,0.0530336311234274
11,SH2D2A,STL,brain_cerebellar_hemisphere,155.22596603996664,4.620946582469276,215,0.7219812373951937,0.02149277480218268
11,SH2D2A,STL,brain_cerebellum,133.9743624614129,8.216026094691765,241,0.5559102176822113,0.034091394583783255
11,SH2D2A,STL,brain_cortex,135.273265086063,12.49644739438347,255,0.5304833924943647,0.04900567605640577
11,SH2D2A,STL,brain_frontal_cortex_ba9,103.12698738272724,10.5199161038172,209,0.4934305616398432,0.05033452681252249
11,SH2D2A,STL,brain_hypothalamus,156.39514801412452,17.846720638212254,202,0.7742334060105174,0.08835010216936759
11,SH2D2A,STL,brain_nucleus_accumbens_basal_ganglia,166.5271442548628,11.810487026409291,246,0.6769396107921252,0.0480101098634524
11,SH2D2A,STL,brain_putamen_basal_ganglia,109.18073885373632,10.143882219334262,205,0.5325889700182259,0.04948235228943543
11,SH2D2A,STL,brain_spinal_cord_cervical_c-1,102.2548041700929,17.244589272190716,159,0.6431119759125339,0.10845653630308626
12,JAM2,ARMUL,brain_amygdala,40.75213069504132,11.895070080987004,152,0.2681061229936929,0.07825704000649344
12,JAM2,ARMUL,brain_anterior_cingulate_cortex_ba24,69.18997227439299,11.688152792469293,176,0.39312484246814194,0.06640995904812098
12,JAM2,ARMUL,brain_caudate_basal_ganglia,50.61495998279194,12.071023857716801,246,0.20575186984874771,0.049069202673645534
12,JAM2,ARMUL,brain_cerebellar_hemisphere,32.09635844824379,9.319572222038506,215,0.14928538813136646,0.043346847544365144
12,JAM2,ARMUL,brain_cerebellum,53.09516424470252,11.507348711839835,241,0.22031188483279052,0.04774833490389973
12,JAM2,ARMUL,brain_cortex,105.78966897384907,19.698593842100806,255,0.41486144695627086,0.07724938761608159
12,JAM2,ARMUL,brain_frontal_cortex_ba9,93.88069606222196,14.48803594858035,209,0.4491899333120668,0.06932074616545622
12,JAM2,ARMUL,brain_hypothalamus,63.82552844642188,18.817851367984986,202,0.3159679626060489,0.09315768003952964
12,JAM2,ARMUL,brain_nucleus_accumbens_basal_ganglia,64.65062117596675,18.825219224016912,246,0.26280740315433637,0.07652528139844274
12,JAM2,ARMUL,brain_putamen_basal_ganglia,43.29118137896555,10.359319765630415,205,0.21117649453153925,0.05053326714941666
12,JAM2,ARMUL,brain_spinal_cord_cervical_c-1,27.476165969906138,15.410206239300692,159,0.17280607528242853,0.09691953609623076
12,JAM2,COVER,brain_amygdala,38.75989776488002,11.291442159929428,152,0.25499932740052644,0.07428580368374624
12,JAM2,COVER,brain_anterior_cingulate_cortex_ba24,70.81515926644785,11.938456297205736,176,0.4023588594684537,0.06783213805230531
12,JAM2,COVER,brain_caudate_basal_ganglia,47.40438514732949,11.27533599118923,246,0.1927007526314207,0.04583469915117573
12,JAM2,COVER,brain_cerebellar_hemisphere,31.789057432914685,9.231591268564822,215,0.14785608108332413,0.04293763380727824
12,JAM2,COVER,brain_cerebellum,47.97390091760548,10.41042595297404,241,0.1990618295336327,0.04319678818661427
12,JAM2,COVER,brain_cortex,105.17541230064388,19.619588979870016,255,0.412452597257427,0.07693956462694124
12,JAM2,COVER,brain_frontal_cortex_ba9,94.45334609596551,14.559514860959792,209,0.4519298856266293,0.06966275053090809
12,JAM2,COVER,brain_hypothalamus,62.611747306145006,18.484579220762434,202,0.3099591450799258,0.09150781792456651
12,JAM2,COVER,brain_nucleus_accumbens_basal_ganglia,62.01057772796655,18.119295743814327,246,0.2520755192193762,0.0736556737553428
12,JAM2,COVER,brain_putamen_basal_ganglia,44.63076324402681,10.689590299308009,205,0.21771104021476492,0.0521443429234537
12,JAM2,COVER,brain_spinal_cord_cervical_c-1,26.794397357201547,15.058689438288631,159,0.16851822237233677,0.09470873860558887
12,JAM2,FLARCC,brain_amygdala,41.13495226089755,12.042496062471503,152,0.27062468592695754,0.07922694777941779
12,JAM2,FLARCC,brain_anterior_cingulate_cortex_ba24,69.66606637192213,11.793289939745575,176,0.39582992256773936,0.06700732920309986
12,JAM2,FLARCC,brain_caudate_basal_ganglia,50.761439722463365,12.147483913837867,246,0.20634731594497302,0.04938001590991003
12,JAM2,FLARCC,brain_cerebellar_hemisphere,31.870568869941398,9.283174286583543,215,0.14823520404623905,0.043177554821318805
12,JAM2,FLARCC,brain_cerebellum,50.97987726438374,11.072968685175564,241,0.21153476043312755,0.04594592815425545
12,JAM2,FLARCC,brain_cortex,108.84946533851897,20.314732769123257,255,0.4268606483863489,0.07966561870244414
12,JAM2,FLARCC,brain_frontal_cortex_ba9,95.53277247184691,14.764679702852051,209,0.4570946051284541,0.07064440049211508
12,JAM2,FLARCC,brain_hypothalamus,68.35880655815973,20.058881114716556,202,0.33840993345623627,0.09930139165701266
12,JAM2,FLARCC,brain_nucleus_accumbens_basal_ganglia,64.51867602238949,18.75466659296755,246,0.26227104074142066,0.07623848208523394
12,JAM2,FLARCC,brain_putamen_basal_ganglia,43.519163008334,10.422415821422746,205,0.21228860004065364,0.05084105278742803
12,JAM2,FLARCC,brain_spinal_cord_cervical_c-1,27.486849037055528,15.444132776478433,159,0.17287326438399703,0.09713291054388952
12,JAM2,HPS,brain_amygdala,39.14067375540276,11.436806585902566,152,0.25750443260133393,0.07524214859146425
12,JAM2,HPS,brain_anterior_cingulate_cortex_ba24,70.13680630502918,11.861715193833072,176,0.3985045812785749,0.06739610905586974
12,JAM2,HPS,brain_caudate_basal_ganglia,48.70414281676777,11.561896664405785,246,0.19798432039336492,0.04699957993660888
12,JAM2,HPS,brain_cerebellar_hemisphere,29.685149976825606,8.628613812696535,215,0.13807046500849118,0.04013308750091412
12,JAM2,HPS,brain_cerebellum,51.258608111961124,11.148130557352115,241,0.21269131996664367,0.0462578031425399
12,JAM2,HPS,brain_cortex,108.31055535180809,20.2023094933644,255,0.4247472758894435,0.07922474311123294
12,JAM2,HPS,brain_frontal_cortex_ba9,96.40992938678846,14.913937383156824,209,0.46129152816645197,0.07135855207252069
12,JAM2,HPS,brain_hypothalamus,64.84829970313758,19.122183456236446,202,0.32103118664919594,0.09466427453582399
12,JAM2,HPS,brain_nucleus_accumbens_basal_ganglia,65.59019255531334,19.140073070961208,246,0.26662679900533875,0.07780517508520816
12,JAM2,HPS,brain_putamen_basal_ganglia,44.77004527273843,10.720902495856391,205,0.21839046474506552,0.05229708534564093
12,JAM2,HPS,brain_spinal_cord_cervical_c-1,27.891591236308297,15.670281059548175,159,0.17541881280697041,0.09855522678961116
12,JAM2,MMoE,brain_amygdala,42.67545298609576,12.080047806038479,152,0.2807595591190511,0.07947399872393736
12,JAM2,MMoE,brain_anterior_cingulate_cortex_ba24,73.63932191285639,12.522841026725493,176,0.4184052381412295,0.07115250583366757
12,JAM2,MMoE,brain_caudate_basal_ganglia,55.80763659895232,13.32010289857011,246,0.22686031137785495,0.054146759750284996
12,JAM2,MMoE,brain_cerebellar_hemisphere,34.73526179361272,10.090054623407894,215,0.16155935717959405,0.04693048662050184
12,JAM2,MMoE,brain_cerebellum,50.40058865495036,11.112631724701528,241,0.20913107325705543,0.046110505081749076
12,JAM2,MMoE,brain_cortex,109.68187912348239,20.511677427589024,255,0.4301250161705192,0.08043795069642755
12,JAM2,MMoE,brain_frontal_cortex_ba9,95.14260045844647,14.638029799691461,209,0.455227753389696,0.07003842009421751
12,JAM2,MMoE,brain_hypothalamus,66.02143603165106,19.232041436167453,202,0.32683879223589635,0.09520812592162105
12,JAM2,MMoE,brain_nucleus_accumbens_basal_ganglia,75.31179905371938,22.41310120538288,246,0.3061455246086154,0.09111016750155643
12,JAM2,MMoE,brain_putamen_basal_ganglia,47.296470258069114,11.288125428048646,205,0.23071448906375178,0.05506402647828608
12,JAM2,MMoE,brain_spinal_cord_cervical_c-1,30.076143963264485,16.940057256612302,159,0.1891581381337389,0.10654124060762454
12,JAM2,Pool,brain_amygdala,45.71712949876283,13.204849344593503,152,0.3007705888076502,0.08687400884600989
12,JAM2,Pool,brain_anterior_cingulate_cortex_ba24,80.8096523511358,13.713848810358723,176,0.4591457519950897,0.07791959551340183
12,JAM2,Pool,brain_caudate_basal_ganglia,62.002404876323034,14.61098651346762,246,0.25204229624521557,0.05939425411978707
12,JAM2,Pool,brain_cerebellar_hemisphere,42.65750468995021,12.40776397797192,215,0.19840699855790794,0.05771053013010195
12,JAM2,Pool,brain_cerebellum,65.26580483438164,14.328447107836181,241,0.2708124681924549,0.059454137376913616
12,JAM2,Pool,brain_cortex,107.38599622522439,20.06686214713896,255,0.42112155382440936,0.07869357704760375
12,JAM2,Pool,brain_frontal_cortex_ba9,106.2153833773028,16.413085787399524,209,0.508207575967956,0.07853151094449533
12,JAM2,Pool,brain_hypothalamus,66.74007960043056,19.31592590736541,202,0.3303964336654978,0.09562339558101689
12,JAM2,Pool,brain_nucleus_accumbens_basal_ganglia,68.34584344243062,20.187339903354257,246,0.2778286318797993,0.08206235733070837
12,JAM2,Pool,brain_putamen_basal_ganglia,50.962908152506856,12.180131062105634,205,0.24859955196344807,0.05941527347368602
12,JAM2,Pool,brain_spinal_cord_cervical_c-1,31.090020310093394,17.482428440256058,159,0.195534718931405,0.1099523801273966
12,JAM2,STL,brain_amygdala,46.76195272721806,13.366082422551631,152,0.3076444258369609,0.08793475277994495
12,JAM2,STL,brain_anterior_cingulate_cortex_ba24,80.93902876667904,13.780638654388337,176,0.4598808452652218,0.0782990832635701
12,JAM2,STL,brain_caudate_basal_ganglia,67.50421813606411,15.889235173629746,246,0.2744073907970086,0.06459038688467376
12,JAM2,STL,brain_cerebellar_hemisphere,33.69986184016837,9.790684032298474,215,0.15674354344264357,0.04553806526650453
12,JAM2,STL,brain_cerebellum,54.83260571583043,12.003721103470342,241,0.22752118554286485,0.04980797138369437
12,JAM2,STL,brain_cortex,117.56460574107376,21.89303225473477,255,0.46103766957283826,0.08585502844994028
12,JAM2,STL,brain_frontal_cortex_ba9,100.53243434390589,15.457051193881934,209,0.4810164322674923,0.07395718274584658
12,JAM2,STL,brain_hypothalamus,73.60801648303823,21.181665182667842,202,0.36439612120315956,0.10485972862706852
12,JAM2,STL,brain_nucleus_accumbens_basal_ganglia,78.08477987036622,23.14064162726167,246,0.3174178043510822,0.0940676488913076
12,JAM2,STL,brain_putamen_basal_ganglia,43.38902299753399,10.38085735089167,205,0.211653770719678,0.050638328540934974
12,JAM2,STL,brain_spinal_cord_cervical_c-1,31.69843873992015,17.812294849950497,159,0.1993612499366047,0.11202701163490879
12,SH2D2A,ARMUL,brain_amygdala,192.8793246519032,14.63987863098927,152,1.2689429253414684,0.09631499099335046
12,SH2D2A,ARMUL,brain_anterior_cingulate_cortex_ba24,187.80163587998481,13.305485849692861,176,1.0670547493180955,0.07559935141870944
12,SH2D2A,ARMUL,brain_caudate_basal_ganglia,138.9079541001854,12.457097543645023,246,0.5646664800820544,0.05063860790099603
12,SH2D2A,ARMUL,brain_cerebellar_hemisphere,138.61800817207566,4.24475001871595,215,0.6447349217305844,0.019743023342864884
12,SH2D2A,ARMUL,brain_cerebellum,119.23194711985644,7.333928152146009,241,0.4947383697919355,0.030431237145834063
12,SH2D2A,ARMUL,brain_cortex,143.92470011038984,13.06872421178102,255,0.5644105886681954,0.05124989886972949
12,SH2D2A,ARMUL,brain_frontal_cortex_ba9,101.39263758192088,10.33677264813522,209,0.4851322372340712,0.04945824233557521
12,SH2D2A,ARMUL,brain_hypothalamus,123.06306946916031,14.92767408271231,202,0.609223116183962,0.07389937664709065
12,SH2D2A,ARMUL,brain_nucleus_accumbens_basal_ganglia,167.1747134648579,12.161941857147786,246,0.6795720059547069,0.04943878803718612
12,SH2D2A,ARMUL,brain_putamen_basal_ganglia,130.0969701409149,10.925641801191897,205,0.6346193665410482,0.05329581366435072
12,SH2D2A,ARMUL,brain_spinal_cord_cervical_c-1,110.95281587041512,18.3230353737664,159,0.6978164520151895,0.11523921618721006
12,SH2D2A,COVER,brain_amygdala,192.39882030547915,14.720054730605035,152,1.265781712536047,0.09684246533292787
12,SH2D2A,COVER,brain_anterior_cingulate_cortex_ba24,196.36067674125064,13.662326257027718,176,1.1156856633025605,0.07762685373311204
12,SH2D2A,COVER,brain_caudate_basal_ganglia,134.678739233408,12.04781942624806,246,0.5474745497293009,0.04897487571645553
12,SH2D2A,COVER,brain_cerebellar_hemisphere,134.34266892999682,4.134455840355923,215,0.6248496229302177,0.01923002716444615
12,SH2D2A,COVER,brain_cerebellum,117.49952118615644,7.233744707587778,241,0.48754988044048314,0.030015538205758415
12,SH2D2A,COVER,brain_cortex,135.60553287555317,12.311547558198535,255,0.5317864034335418,0.0482805786596021
12,SH2D2A,COVER,brain_frontal_cortex_ba9,100.82471784992066,10.270360463234752,209,0.4824149179422041,0.04914048068533374
12,SH2D2A,COVER,brain_hypothalamus,127.58654635769435,15.693058097081876,202,0.6316165661271997,0.0776884064211974
12,SH2D2A,COVER,brain_nucleus_accumbens_basal_ganglia,160.9227645020203,11.703571058255815,246,0.6541575792765053,0.047575492106730954
12,SH2D2A,COVER,brain_putamen_basal_ganglia,121.24217863843893,10.056919812984633,205,0.5914252616509216,0.04905814542919333
12,SH2D2A,COVER,brain_spinal_cord_cervical_c-1,96.88805036057182,15.976830913077464,159,0.6093588072991939,0.10048321328979537
12,SH2D2A,FLARCC,brain_amygdala,186.8256952220571,14.448598942285008,152,1.2291164159345862,0.09505657198871716
12,SH2D2A,FLARCC,brain_anterior_cingulate_cortex_ba24,190.3174232811948,13.318951165339413,176,1.0813489959158795,0.07567585889397394
12,SH2D2A,FLARCC,brain_caudate_basal_ganglia,141.18735086100725,12.635321615736949,246,0.5739323205732002,0.051363095998930686
12,SH2D2A,FLARCC,brain_cerebellar_hemisphere,136.71811572758025,4.198800243142342,215,0.6358982126864198,0.01952930345647601
12,SH2D2A,FLARCC,brain_cerebellum,124.03092944720079,7.615358922868234,241,0.5146511595319535,0.03159899967995118
12,SH2D2A,FLARCC,brain_cortex,138.37454146840247,12.563077610731412,255,0.5426452606604019,0.049266971022476125
12,SH2D2A,FLARCC,brain_frontal_cortex_ba9,97.88088260667774,9.960078719284892,209,0.46832958185013274,0.047655879039640636
12,SH2D2A,FLARCC,brain_hypothalamus,111.84437360494171,13.588154439872739,202,0.5536850178462461,0.0672680912864987
12,SH2D2A,FLARCC,brain_nucleus_accumbens_basal_ganglia,168.24636754338047,12.11704132641296,246,0.6839283233470751,0.049256265554524226
12,SH2D2A,FLARCC,brain_putamen_basal_ganglia,126.29790449396674,10.56051616759121,205,0.6160873389949597,0.05151471301264005
12,SH2D2A,FLARCC,brain_spinal_cord_cervical_c-1,101.41426055258829,16.829698575984846,159,0.637825538066593,0.1058471608552506
12,SH2D2A,HPS,brain_amygdala,180.77499847861202,13.814349344446107,152,1.1893092005171844,0.09088387726609282
12,SH2D2A,HPS,brain_anterior_cingulate_cortex_ba24,203.73330257283584,14.328849212665716,176,1.1575755828002037,0.0814139159810552
12,SH2D2A,HPS,brain_caudate_basal_ganglia,138.04958680279037,12.353412979064807,246,0.5611771821251641,0.05021712593115775
12,SH2D2A,HPS,brain_cerebellar_hemisphere,130.4459016473873,4.021667309282548,215,0.6067251239413363,0.01870542934550022
12,SH2D2A,HPS,brain_cerebellum,119.85330742707097,7.386575559383167,241,0.4973166283280953,0.030649691117772476
12,SH2D2A,HPS,brain_cortex,131.73466094139312,11.982529395773858,255,0.5166065134956592,0.046990311355975915
12,SH2D2A,HPS,brain_frontal_cortex_ba9,95.99661304868279,9.803983989002454,209,0.45931393803197507,0.04690901430144715
12,SH2D2A,HPS,brain_hypothalamus,115.36290432248894,14.201067783934684,202,0.5711034867449948,0.0703023157620529
12,SH2D2A,HPS,brain_nucleus_accumbens_basal_ganglia,166.96414207855008,12.079937159917854,246,0.6787160247095532,0.04910543560942217
12,SH2D2A,HPS,brain_putamen_basal_ganglia,122.32726284136183,9.927702072411316,205,0.5967183553237162,0.048427814987372274
12,SH2D2A,HPS,brain_spinal_cord_cervical_c-1,100.48482512027262,16.54645146836608,159,0.6319800322029724,0.10406573250544704
12,SH2D2A,MMoE,brain_amygdala,191.29716003111957,14.242704229038289,152,1.2585339475731552,0.09370200150683085
12,SH2D2A,MMoE,brain_anterior_cingulate_cortex_ba24,238.2846353854614,17.025104622553073,176,1.3538899737810306,0.09673354899177883
12,SH2D2A,MMoE,brain_caudate_basal_ganglia,165.88435471109563,14.843766231975184,246,0.6743266451670554,0.06034051313811051
12,SH2D2A,MMoE,brain_cerebellar_hemisphere,139.70704105927055,4.312450953707879,215,0.6498001909733514,0.020057911412594786
12,SH2D2A,MMoE,brain_cerebellum,124.82403466858361,7.687045746183446,241,0.517942052566737,0.031896455378354546
12,SH2D2A,MMoE,brain_cortex,129.22104116587764,11.808333121400137,255,0.5067491810426574,0.046307188711373085
12,SH2D2A,MMoE,brain_frontal_cortex_ba9,108.59018226106,11.1234250168024,209,0.5195702500529187,0.05322212926699713
12,SH2D2A,MMoE,brain_hypothalamus,126.94213556398456,15.182442494769905,202,0.6284264136830919,0.075160606409752
12,SH2D2A,MMoE,brain_nucleus_accumbens_basal_ganglia,159.85504375260237,11.785771952777832,246,0.6498172510268388,0.04790964208446273
12,SH2D2A,MMoE,brain_putamen_basal_ganglia,128.2534287372982,10.578769829304207,205,0.6256264816453571,0.05160375526489857
12,SH2D2A,MMoE,brain_spinal_cord_cervical_c-1,114.42483872712313,19.15355038736845,159,0.7196530737554914,0.12046258105263177
12,SH2D2A,Pool,brain_amygdala,178.87222529220938,14.31241680069399,152,1.1767909558697986,0.09416063684667099
12,SH2D2A,Pool,brain_anterior_cingulate_cortex_ba24,178.45883265123913,12.541022515057055,176,1.0139706400638586,0.07125580974464235
12,SH2D2A,Pool,brain_caudate_basal_ganglia,143.27788699440538,12.831018823580111,246,0.5824304349366072,0.05215861310398419
12,SH2D2A,Pool,brain_cerebellar_hemisphere,123.04625700443644,3.8020947975567165,215,0.5723081721136579,0.01768416184910101
12,SH2D2A,Pool,brain_cerebellum,124.01754807606427,7.633332451135265,241,0.5145956351703912,0.03167357863541604
12,SH2D2A,Pool,brain_cortex,134.2618749013698,12.231874156908559,255,0.52651715647596,0.047968133948661014
12,SH2D2A,Pool,brain_frontal_cortex_ba9,103.31884104471379,10.57114100575243,209,0.49434852174504207,0.050579622037092965
12,SH2D2A,Pool,brain_hypothalamus,129.85119111161123,15.974345950847761,202,0.6428276787703526,0.0790809205487513
12,SH2D2A,Pool,brain_nucleus_accumbens_basal_ganglia,170.92692275881177,12.393436674550603,246,0.6948248892634625,0.05037982388028701
12,SH2D2A,Pool,brain_putamen_basal_ganglia,131.2006027524116,10.865011874941365,205,0.6400029402556664,0.05300005792654324
12,SH2D2A,Pool,brain_spinal_cord_cervical_c-1,102.48653915487664,16.94769888680447,159,0.6445694286470229,0.10658930117487088
12,SH2D2A,STL,brain_amygdala,239.2351939443839,18.225508925497767,152,1.5739157496341045,0.11990466398353794
12,SH2D2A,STL,brain_anterior_cingulate_cortex_ba24,248.54590253877655,17.668848522245355,176,1.4121926280612305,0.10039118478548498
12,SH2D2A,STL,brain_caudate_basal_ganglia,156.6263260812289,13.95962957622909,246,0.6366923824440199,0.05674646169198817
12,SH2D2A,STL,brain_cerebellar_hemisphere,149.61734864026894,4.628025878015394,215,0.6958946448384602,0.021525701758211134
12,SH2D2A,STL,brain_cerebellum,127.35875931888279,7.877977981796171,241,0.5284595822360282,0.03268870531865631
12,SH2D2A,STL,brain_cortex,144.3250164821165,13.168840676380118,255,0.5659804567926137,0.05164251245639262
12,SH2D2A,STL,brain_frontal_cortex_ba9,110.57230578024598,11.280474533965842,209,0.5290540946423253,0.05397356236347293
12,SH2D2A,STL,brain_hypothalamus,148.69170977069635,17.74151137732906,202,0.7360975731222592,0.08782926424420327
12,SH2D2A,STL,brain_nucleus_accumbens_basal_ganglia,171.56345097872935,12.327957436862327,246,0.6974124023525583,0.050113648117326534
12,SH2D2A,STL,brain_putamen_basal_ganglia,136.48112118121523,10.821952639015915,205,0.6657615667376353,0.05279001287324837
12,SH2D2A,STL,brain_spinal_cord_cervical_c-1,98.78424077349699,16.741490177343028,159,0.6212845331666478,0.10529239105247187
13,JAM2,ARMUL,brain_amygdala,50.760159928448545,14.812963602412093,152,0.33394842058189833,0.09745370791060588
13,JAM2,ARMUL,brain_anterior_cingulate_cortex_ba24,89.09759474043287,13.776165435749329,176,0.5062363337524595,0.07827366724857573
13,JAM2,ARMUL,brain_caudate_basal_ganglia,59.31854151332289,14.294457523943443,246,0.2411322825744833,0.0581075509103392
13,JAM2,ARMUL,brain_cerebellar_hemisphere,31.765779859591234,9.383443302299641,215,0.14774781330042436,0.0436439223362774
13,JAM2,ARMUL,brain_cerebellum,52.546164813919454,11.85150599647767,241,0.21803387889593134,0.049176373429367926
13,JAM2,ARMUL,brain_cortex,99.24443264754403,19.078284495886013,255,0.38919385351978053,0.07481680194465103
13,JAM2,ARMUL,brain_frontal_cortex_ba9,99.23772910395837,14.778413662848314,209,0.4748216703538678,0.07071011321936992
13,JAM2,ARMUL,brain_hypothalamus,65.02786501878005,18.82656734750665,202,0.3219201238553468,0.09320082845300322
13,JAM2,ARMUL,brain_nucleus_accumbens_basal_ganglia,66.92368326628466,20.073746990222297,246,0.2720474929523766,0.08160059752122885
13,JAM2,ARMUL,brain_putamen_basal_ganglia,46.562650589161734,10.724225886464174,205,0.22713488092274017,0.05231329700714231
13,JAM2,ARMUL,brain_spinal_cord_cervical_c-1,26.295112357608176,14.599924057589012,159,0.16537806514218978,0.09182342174584285
13,JAM2,COVER,brain_amygdala,50.56245626103798,14.797239395666693,152,0.3326477385594604,0.09735025918201771
13,JAM2,COVER,brain_anterior_cingulate_cortex_ba24,90.07716963217743,13.965663183920002,176,0.5118021001828263,0.07935035899954547
13,JAM2,COVER,brain_caudate_basal_ganglia,57.95760888805389,13.944364013788244,246,0.23560003613030037,0.05668440656011481
13,JAM2,COVER,brain_cerebellar_hemisphere,30.3382399149859,8.965226199280453,215,0.14110809262784138,0.04169872650828118
13,JAM2,COVER,brain_cerebellum,50.18457258876303,11.307947903283996,241,0.20823474103221176,0.046920945656780066
13,JAM2,COVER,brain_cortex,97.72352409537388,18.745228137221012,255,0.38322950625636815,0.0735106985773373
13,JAM2,COVER,brain_frontal_cortex_ba9,96.08796892585352,14.180844084775135,209,0.4597510474921221,0.06785092863528773
13,JAM2,COVER,brain_hypothalamus,62.05478624192182,17.98790379951497,202,0.3072019120887219,0.08904902871047016
13,JAM2,COVER,brain_nucleus_accumbens_basal_ganglia,66.11068281159933,19.835744859657005,246,0.26874261305528185,0.08063310918559759
13,JAM2,COVER,brain_putamen_basal_ganglia,48.45859322308605,11.208345094643896,205,0.2363833815760295,0.054674854120214125
13,JAM2,COVER,brain_spinal_cord_cervical_c-1,26.003992150166383,14.474716577188937,159,0.16354712044129802,0.0910359533156537
13,JAM2,FLARCC,brain_amygdala,52.4471843878607,15.293534729763813,152,0.34504726570960986,0.10061536006423562
13,JAM2,FLARCC,brain_anterior_cingulate_cortex_ba24,92.91846322650116,14.552116320378651,176,0.5279458137869384,0.08268247909306052
13,JAM2,FLARCC,brain_caudate_basal_ganglia,60.039464415180404,14.50360027155247,246,0.2440628634763431,0.058957724681107604
13,JAM2,FLARCC,brain_cerebellar_hemisphere,31.9389690949397,9.425379688930079,215,0.1485533446276265,0.0438389752973492
13,JAM2,FLARCC,brain_cerebellum,55.70338438203854,12.568411559495617,241,0.23113437502920559,0.052151085309110445
13,JAM2,FLARCC,brain_cortex,102.1668342915334,19.611725364298387,255,0.4006542521236604,0.0769087269188172
13,JAM2,FLARCC,brain_frontal_cortex_ba9,101.96830587868736,15.303879143751344,209,0.4878866309985041,0.07322430212321217
13,JAM2,FLARCC,brain_hypothalamus,63.02935047529828,18.26560980625326,202,0.31202648750147666,0.09042381092204584
13,JAM2,FLARCC,brain_nucleus_accumbens_basal_ganglia,69.08809652933957,20.774311884146616,246,0.2808459208509739,0.08444842229327892
13,JAM2,FLARCC,brain_putamen_basal_ganglia,48.09615996130272,11.027756616103002,205,0.23461541444537912,0.05379393471269757
13,JAM2,FLARCC,brain_spinal_cord_cervical_c-1,27.22740915953259,15.208584756337233,159,0.17124156704108548,0.09565147645495115
13,JAM2,HPS,brain_amygdala,52.51253994885844,15.318504130539768,152,0.3454772365056476,0.10077963243776163
13,JAM2,HPS,brain_anterior_cingulate_cortex_ba24,93.38372686901951,14.5123817201578,176,0.5305893572103382,0.0824567143190784
13,JAM2,HPS,brain_caudate_basal_ganglia,57.4423923451344,13.849806149231519,246,0.23350565993957073,0.05630002499687609
13,JAM2,HPS,brain_cerebellar_hemisphere,31.005840393223615,9.153757775885127,215,0.14421321113127264,0.042575617562256404
13,JAM2,HPS,brain_cerebellum,52.230479788563095,11.780309846486514,241,0.21672398252515807,0.04888095371986105
13,JAM2,HPS,brain_cortex,96.8950021611636,18.630072298886606,255,0.3799804006320141,0.07305910705445728
13,JAM2,HPS,brain_frontal_cortex_ba9,99.70105540825497,14.795707162636505,209,0.47703854262322953,0.07079285723749525
13,JAM2,HPS,brain_hypothalamus,65.80634099718415,19.087917225302675,202,0.3257739653325948,0.09449463972922116
13,JAM2,HPS,brain_nucleus_accumbens_basal_ganglia,67.74033410728666,20.331850746198917,246,0.2753672118182384,0.08264979978129641
13,JAM2,HPS,brain_putamen_basal_ganglia,49.24485127454407,11.410377005327142,205,0.240218786705093,0.05566037563574216
13,JAM2,HPS,brain_spinal_cord_cervical_c-1,26.034826081959913,14.484645784095754,159,0.16374104454062838,0.09109840115783494
13,JAM2,MMoE,brain_amygdala,51.88319571940292,15.276220759776415,152,0.3413368139434403,0.1005014523669501
13,JAM2,MMoE,brain_anterior_cingulate_cortex_ba24,96.72905703384004,15.056621187419822,176,0.5495969149650002,0.0855489840194308
13,JAM2,MMoE,brain_caudate_basal_ganglia,60.624699803081036,14.637635287341142,246,0.24644186911821558,0.05950258246886643
13,JAM2,MMoE,brain_cerebellar_hemisphere,27.12091886405092,8.028191662100419,215,0.12614380867000427,0.037340426335350785
13,JAM2,MMoE,brain_cerebellum,49.617820689329676,11.211888740465431,241,0.2058830733997082,0.0465223599189437
13,JAM2,MMoE,brain_cortex,113.89847374425997,22.107685355654866,255,0.4466606813500391,0.08669680531629359
13,JAM2,MMoE,brain_frontal_cortex_ba9,93.27697052640502,14.069267607005258,209,0.44630129438471305,0.06731706988997731
13,JAM2,MMoE,brain_hypothalamus,69.11417773601039,20.07786518525255,202,0.3421493947327247,0.09939537220422054
13,JAM2,MMoE,brain_nucleus_accumbens_basal_ganglia,69.95983661615483,20.91709001990449,246,0.2843895797404668,0.08502882121912393
13,JAM2,MMoE,brain_putamen_basal_ganglia,43.12534014634421,10.120087283511964,205,0.21036751290899613,0.04936627943176568
13,JAM2,MMoE,brain_spinal_cord_cervical_c-1,32.12654714102867,18.102632706484297,159,0.2020537556039539,0.11385303588983835
13,JAM2,Pool,brain_amygdala,47.69199602055102,14.016855325348923,152,0.31376313171415143,0.09221615345624291
13,JAM2,Pool,brain_anterior_cingulate_cortex_ba24,96.0084776004332,15.081375608883178,176,0.545502713638825,0.0856896341413817
13,JAM2,Pool,brain_caudate_basal_ganglia,62.20523101164072,14.923378511984208,246,0.2528667927302468,0.06066414029261873
13,JAM2,Pool,brain_cerebellar_hemisphere,35.973070110360105,10.62280380452519,215,0.16731660516446561,0.04940838978848926
13,JAM2,Pool,brain_cerebellum,67.07822795652322,15.08866208124265,241,0.2783328960851586,0.06260855635370394
13,JAM2,Pool,brain_cortex,113.6146179134407,21.75596863618725,255,0.4455475212291792,0.08531752406347942
13,JAM2,Pool,brain_frontal_cortex_ba9,114.35926842745336,16.95754749169187,209,0.5471735331457098,0.08113659086933908
13,JAM2,Pool,brain_hypothalamus,64.03860709706625,18.6232261228619,202,0.317022807411219,0.09219418872703912
13,JAM2,Pool,brain_nucleus_accumbens_basal_ganglia,68.91143200407392,20.69629510086396,246,0.2801277723742842,0.08413128089782097
13,JAM2,Pool,brain_putamen_basal_ganglia,48.58762834519763,11.438926617649937,205,0.237012821196086,0.055799642037316764
13,JAM2,Pool,brain_spinal_cord_cervical_c-1,28.603114697101752,15.877248948269871,159,0.1798938031264261,0.09985691162433881
13,JAM2,STL,brain_amygdala,39.051848660102614,11.336330493867258,152,0.2569200569743593,0.07458112167017933
13,JAM2,STL,brain_anterior_cingulate_cortex_ba24,106.1504737408008,16.2302410899957,176,0.6031276917090955,0.09221727892043012
13,JAM2,STL,brain_caudate_basal_ganglia,60.13344571311109,14.447762316917347,246,0.2444449012728093,0.05873074112568027
13,JAM2,STL,brain_cerebellar_hemisphere,27.102381332376886,7.98610389447415,215,0.12605758759245064,0.03714466927662395
13,JAM2,STL,brain_cerebellum,54.16024486057873,12.231826714101405,241,0.2247313064754304,0.05075446769336683
13,JAM2,STL,brain_cortex,108.4501564786091,20.91670432186287,255,0.42529473128866313,0.08202629145828576
13,JAM2,STL,brain_frontal_cortex_ba9,101.47737566524222,15.12868720471526,209,0.48553768260881447,0.07238606318045579
13,JAM2,STL,brain_hypothalamus,72.71912813374146,21.01474756546257,202,0.3599956838304033,0.10403340378941867
13,JAM2,STL,brain_nucleus_accumbens_basal_ganglia,76.51010372115002,22.91756289572381,246,0.3110166817932927,0.09316082477936508
13,JAM2,STL,brain_putamen_basal_ganglia,48.82347440289555,11.518247654362538,205,0.2381632897702222,0.056186573923719695
13,JAM2,STL,brain_spinal_cord_cervical_c-1,31.590118359537716,17.391275599235243,159,0.19867998968262715,0.10937909181908959
13,SH2D2A,ARMUL,brain_amygdala,169.3543278334595,13.233565893192004,152,1.1141732094306547,0.08706293350784214
13,SH2D2A,ARMUL,brain_anterior_cingulate_cortex_ba24,161.9717600765032,12.842788260897297,176,0.9202940913437682,0.07297038784600737
13,SH2D2A,ARMUL,brain_caudate_basal_ganglia,146.1782087106955,12.14665152290052,246,0.5942203606125833,0.04937663220691268
13,SH2D2A,ARMUL,brain_cerebellar_hemisphere,142.237660490428,4.311898237228279,215,0.6615705139089675,0.020055340638271066
13,SH2D2A,ARMUL,brain_cerebellum,115.9038872985181,7.2016746761629395,241,0.48092899293990915,0.029882467535945808
13,SH2D2A,ARMUL,brain_cortex,124.90857063411366,11.63777382950917,255,0.48983753189848495,0.045638328743173216
13,SH2D2A,ARMUL,brain_frontal_cortex_ba9,100.25938403142027,10.145262954372292,209,0.47970997144220223,0.04854192801135068
13,SH2D2A,ARMUL,brain_hypothalamus,117.36140937568966,14.637831016176273,202,0.5809970761172756,0.07246450998107065
13,SH2D2A,ARMUL,brain_nucleus_accumbens_basal_ganglia,155.1305281281229,11.314775857154059,246,0.6306119029598493,0.045995023809569345
13,SH2D2A,ARMUL,brain_putamen_basal_ganglia,106.01918150647076,9.18696521913775,205,0.5171667390559549,0.044814464483598784
13,SH2D2A,ARMUL,brain_spinal_cord_cervical_c-1,89.53627661633762,15.252219920930322,159,0.5631212365807398,0.09592591145239196
13,SH2D2A,COVER,brain_amygdala,166.78326822975987,13.070709716669917,152,1.0972583436168413,0.08599151129388104
13,SH2D2A,COVER,brain_anterior_cingulate_cortex_ba24,160.1833357693859,12.635903484748152,176,0.9101325895987835,0.07179490616334178
13,SH2D2A,COVER,brain_caudate_basal_ganglia,152.09982491340352,12.599981352490792,246,0.6182919711926973,0.05121943639223899
13,SH2D2A,COVER,brain_cerebellar_hemisphere,146.22652830995247,4.407294562562177,215,0.680123387488151,0.02049904447703338
13,SH2D2A,COVER,brain_cerebellum,116.70615230857715,7.269044504429865,241,0.48425789339658565,0.030162010391825166
13,SH2D2A,COVER,brain_cortex,129.80306561012128,12.104727076506943,255,0.5090316298436128,0.04746951794708605
13,SH2D2A,COVER,brain_frontal_cortex_ba9,102.77299287192247,10.353722349655113,209,0.49173680799962904,0.04953934138590963
13,SH2D2A,COVER,brain_hypothalamus,114.72843846705064,14.317308208079394,202,0.5679625666685675,0.07087776340633363
13,SH2D2A,COVER,brain_nucleus_accumbens_basal_ganglia,160.65111821226915,11.730157041738913,246,0.6530533260661348,0.047683565210320786
13,SH2D2A,COVER,brain_putamen_basal_ganglia,104.3112630256261,8.906759639467055,205,0.5088354293932981,0.043447607997400266
13,SH2D2A,COVER,brain_spinal_cord_cervical_c-1,94.24502864689447,16.17534938291113,159,0.5927360292257514,0.10173175712522722
13,SH2D2A,FLARCC,brain_amygdala,183.50787238727634,14.292844350881454,152,1.207288634126818,0.09403187072948326
13,SH2D2A,FLARCC,brain_anterior_cingulate_cortex_ba24,170.60619302163195,13.549818618351013,176,0.9693533694410906,0.07698760578608531
13,SH2D2A,FLARCC,brain_caudate_basal_ganglia,159.57926146974864,13.225691230698176,246,0.6486961848363766,0.05376297248251291
13,SH2D2A,FLARCC,brain_cerebellar_hemisphere,144.4889761020835,4.371082590649291,215,0.6720417493120163,0.020330616700694377
13,SH2D2A,FLARCC,brain_cerebellum,118.27558542137615,7.348224794801294,241,0.49077006398911266,0.030490559314528192
13,SH2D2A,FLARCC,brain_cortex,124.55361787711337,11.629638404753027,255,0.4884455603024054,0.04560642511667854
13,SH2D2A,FLARCC,brain_frontal_cortex_ba9,100.42357103460583,10.195856862550757,209,0.48049555518950154,0.048784004127037116
13,SH2D2A,FLARCC,brain_hypothalamus,118.72750408829248,14.849520800923731,202,0.5877599212291706,0.07351247921249372
13,SH2D2A,FLARCC,brain_nucleus_accumbens_basal_ganglia,162.38204994292474,11.8417990630845,246,0.6600896339143282,0.04813739456538414
13,SH2D2A,FLARCC,brain_putamen_basal_ganglia,106.5692870467875,9.25654661163939,205,0.5198501807160365,0.04515388591043605
13,SH2D2A,FLARCC,brain_spinal_cord_cervical_c-1,92.89766819176074,15.874789631828154,159,0.5842620640991242,0.09984144422533431
13,SH2D2A,HPS,brain_amygdala,175.40579044016508,13.314575346019744,152,1.1539854634221387,0.08759589043434042
13,SH2D2A,HPS,brain_anterior_cingulate_cortex_ba24,169.44970327577127,13.241688529030686,176,0.9627824049759731,0.0752368666422198
13,SH2D2A,HPS,brain_caudate_basal_ganglia,157.1742089525046,13.086887861639056,246,0.6389195485874172,0.05319873114487421
13,SH2D2A,HPS,brain_cerebellar_hemisphere,141.92427181203368,4.291468278519708,215,0.6601128921489938,0.019960317574510267
13,SH2D2A,HPS,brain_cerebellum,116.33160743309558,7.246989380681031,241,0.48270376528255426,0.03007049535552295
13,SH2D2A,HPS,brain_cortex,123.77833606295052,11.56139869051146,255,0.48540523946255104,0.04533881839416259
13,SH2D2A,HPS,brain_frontal_cortex_ba9,103.9528586819674,10.51636710356755,209,0.4973820989567818,0.05031754595008397
13,SH2D2A,HPS,brain_hypothalamus,122.61050988940913,15.203816555801165,202,0.6069827222247977,0.07526641859307508
13,SH2D2A,HPS,brain_nucleus_accumbens_basal_ganglia,153.09157968255545,11.19494961876876,246,0.6223234946445343,0.045507925279547806
13,SH2D2A,HPS,brain_putamen_basal_ganglia,106.24606218807992,9.232605164489414,205,0.5182734740881947,0.04503709836336299
13,SH2D2A,HPS,brain_spinal_cord_cervical_c-1,90.71950668565805,15.444728857915285,159,0.5705629351299248,0.09713665948374393
13,SH2D2A,MMoE,brain_amygdala,232.6672534602623,17.261493781105255,152,1.5307056148701466,0.11356245908621879
13,SH2D2A,MMoE,brain_anterior_cingulate_cortex_ba24,255.18492145172868,19.034450872748025,176,1.4499143264302765,0.10815028904970468
13,SH2D2A,MMoE,brain_caudate_basal_ganglia,168.2540929637983,13.744460970359206,246,0.6839597274951151,0.055871792562435796
13,SH2D2A,MMoE,brain_cerebellar_hemisphere,156.6010333508461,4.7007846600023715,215,0.7283768993062609,0.021864114697685448
13,SH2D2A,MMoE,brain_cerebellum,136.38767693240672,8.443663139121455,241,0.5659239706738868,0.035035946635358736
13,SH2D2A,MMoE,brain_cortex,129.49689939177256,11.970220585091257,255,0.5078309780069512,0.04694204151016179
13,SH2D2A,MMoE,brain_frontal_cortex_ba9,128.51746903896105,13.027295731167635,209,0.6149161198036414,0.062331558522333186
13,SH2D2A,MMoE,brain_hypothalamus,134.64648908303695,16.72132657365492,202,0.6665667776387968,0.08277884442403426
13,SH2D2A,MMoE,brain_nucleus_accumbens_basal_ganglia,171.02776170153595,12.521139590769042,246,0.6952348036647803,0.050898941425890416
13,SH2D2A,MMoE,brain_putamen_basal_ganglia,129.76740364208786,11.140229896118186,205,0.6330117250833553,0.0543425848591131
13,SH2D2A,MMoE,brain_spinal_cord_cervical_c-1,86.90354420370579,14.97699479981809,159,0.5465631710924893,0.09419493584791251
13,SH2D2A,Pool,brain_amygdala,186.61544510698704,14.74282406122013,152,1.2277331914933358,0.09699226356065875
13,SH2D2A,Pool,brain_anterior_cingulate_cortex_ba24,173.22869702342763,13.682334814714242,176,0.9842539603603843,0.07774053871996728
13,SH2D2A,Pool,brain_caudate_basal_ganglia,151.5397490357197,12.568897952585315,246,0.6160152399826004,0.051093081108070384
13,SH2D2A,Pool,brain_cerebellar_hemisphere,145.96355895292234,4.456890209112408,215,0.6789002741996388,0.02072972190284841
13,SH2D2A,Pool,brain_cerebellum,128.38869689833675,7.975069740943855,241,0.5327331821507749,0.03309157568856371
13,SH2D2A,Pool,brain_cortex,121.1605419970256,11.310635622814843,255,0.4751393803804926,0.04435543381496017
13,SH2D2A,Pool,brain_frontal_cortex_ba9,97.26312274993876,9.83635764942381,209,0.46537379306190796,0.047063912198200046
13,SH2D2A,Pool,brain_hypothalamus,124.09889938965141,15.167677534541289,202,0.6143509870774823,0.0750875125472341
13,SH2D2A,Pool,brain_nucleus_accumbens_basal_ganglia,161.09503635683078,11.843883140908337,246,0.6548578713692308,0.04814586642645666
13,SH2D2A,Pool,brain_putamen_basal_ganglia,109.77005706815324,9.42799007507515,205,0.5354636930153817,0.045990195488171466
13,SH2D2A,Pool,brain_spinal_cord_cervical_c-1,94.10964908499525,16.26083585753993,159,0.5918845854402217,0.10226940790905617
13,SH2D2A,STL,brain_amygdala,201.48570902670474,15.741974538372755,152,1.325563875175689,0.10356562196297865
13,SH2D2A,STL,brain_anterior_cingulate_cortex_ba24,220.4053891340764,16.94753019795084,176,1.2523033473527068,0.09629278521562977
13,SH2D2A,STL,brain_caudate_basal_ganglia,169.8413026121678,13.915536565284095,246,0.6904117992364545,0.05656722181009795
13,SH2D2A,STL,brain_cerebellar_hemisphere,152.78862966542746,4.596675896628836,215,0.7106447891415231,0.021379887891296915
13,SH2D2A,STL,brain_cerebellum,134.42044509774618,8.391655576973914,241,0.5577611829781999,0.034820147622298396
13,SH2D2A,STL,brain_cortex,134.71520085113576,12.532604901766529,255,0.5282949052985716,0.049147470203006
13,SH2D2A,STL,brain_frontal_cortex_ba9,119.29407595697855,12.10729333168316,209,0.5707850524257346,0.05792963316594813
13,SH2D2A,STL,brain_hypothalamus,127.4019410899535,16.00435623616124,202,0.6307026786631361,0.0792294863176299
13,SH2D2A,STL,brain_nucleus_accumbens_basal_ganglia,181.29850201275366,13.50397559592206,246,0.736985780539649,0.05489420973952057
13,SH2D2A,STL,brain_putamen_basal_ganglia,120.84142388301927,10.325613711792903,205,0.589470360404972,0.050368847374599526
13,SH2D2A,STL,brain_spinal_cord_cervical_c-1,99.8045316778607,16.928849964270967,159,0.6277014570934635,0.10647075449227023
14,JAM2,ARMUL,brain_amygdala,31.713023020716605,9.116733737976835,152,0.20863830934681976,0.05997851143405813
14,JAM2,ARMUL,brain_anterior_cingulate_cortex_ba24,65.23397840421025,10.92912481539193,176,0.3706476045693764,0.06209730008745415
14,JAM2,ARMUL,brain_caudate_basal_ganglia,52.40321385989189,12.472283964148476,246,0.21302119455240606,0.05070034131767673
14,JAM2,ARMUL,brain_cerebellar_hemisphere,26.164742236172742,7.762429626483663,215,0.12169647551708253,0.03610432384411006
14,JAM2,ARMUL,brain_cerebellum,57.524563644937295,12.683909739993428,241,0.23869113545617135,0.05263033087134202
14,JAM2,ARMUL,brain_cortex,104.90796201947154,19.22471078522106,255,0.4114037726253786,0.07539102268714142
14,JAM2,ARMUL,brain_frontal_cortex_ba9,89.8611849029859,14.00055137273218,209,0.4299578225023249,0.06698828408005829
14,JAM2,ARMUL,brain_hypothalamus,66.6628311558945,18.783515545350987,202,0.33001401562324006,0.09298770071955934
14,JAM2,ARMUL,brain_nucleus_accumbens_basal_ganglia,67.47019770969302,19.989759479575447,246,0.27426909638086594,0.08125918487632296
14,JAM2,ARMUL,brain_putamen_basal_ganglia,46.41303895625395,10.91694827773689,205,0.22640506807928756,0.05325340623286287
14,JAM2,ARMUL,brain_spinal_cord_cervical_c-1,24.98981175179249,13.83549375144376,159,0.15716862736976409,0.0870156839713444
14,JAM2,COVER,brain_amygdala,31.93874198439159,9.160132886726428,152,0.21012330252889205,0.06026403214951598
14,JAM2,COVER,brain_anterior_cingulate_cortex_ba24,67.65456543556722,11.329393835122145,176,0.3844009399748138,0.06437155588137583
14,JAM2,COVER,brain_caudate_basal_ganglia,50.868385931289225,12.102532206611908,246,0.206782056631257,0.049197285392731334
14,JAM2,COVER,brain_cerebellar_hemisphere,25.846150198051102,7.663454178391036,215,0.12021465208395861,0.035643972922749005
14,JAM2,COVER,brain_cerebellum,55.34416923606538,12.200462796727003,241,0.22964385575130863,0.050624326957373456
14,JAM2,COVER,brain_cortex,109.21036978907836,19.798438750544854,255,0.42827595995717005,0.07764093627664649
14,JAM2,COVER,brain_frontal_cortex_ba9,85.51437926239524,13.334638728865322,209,0.4091597093894509,0.06380209918117379
14,JAM2,COVER,brain_hypothalamus,67.90272267656562,19.116940380892967,202,0.3361520924582456,0.09463831871729192
14,JAM2,COVER,brain_nucleus_accumbens_basal_ganglia,66.27623848603103,19.70349512739825,246,0.26941560360175215,0.08009550864796036
14,JAM2,COVER,brain_putamen_basal_ganglia,45.487288336351064,10.70872761813673,205,0.22188921139683446,0.052237695698227955
14,JAM2,COVER,brain_spinal_cord_cervical_c-1,25.518491696672687,14.113720787655135,159,0.16049365846963953,0.08876553954500084
14,JAM2,FLARCC,brain_amygdala,32.45503402922426,9.296286771645434,152,0.21351996071858065,0.06115978139240417
14,JAM2,FLARCC,brain_anterior_cingulate_cortex_ba24,66.48238132676522,11.043010956775914,176,0.37774080299298424,0.06274438043622678
14,JAM2,FLARCC,brain_caudate_basal_ganglia,50.0777463017701,11.875456418837876,246,0.20356807439743943,0.048274213084706814
14,JAM2,FLARCC,brain_cerebellar_hemisphere,25.45382976718055,7.557239900356677,215,0.11838990589386303,0.035149953024914776
14,JAM2,FLARCC,brain_cerebellum,58.915464603602715,12.995070802061726,241,0.24446250872864198,0.05392145561021463
14,JAM2,FLARCC,brain_cortex,107.05785218772893,19.64418034759919,255,0.4198347144616821,0.07703600136313407
14,JAM2,FLARCC,brain_frontal_cortex_ba9,89.24947698795789,13.90454455797463,209,0.42703099037300424,0.06652892133002215
14,JAM2,FLARCC,brain_hypothalamus,68.97531065983202,19.454699472518367,202,0.3414619339595644,0.09631039342830874
14,JAM2,FLARCC,brain_nucleus_accumbens_basal_ganglia,68.28453161886664,20.182080294024153,246,0.27757939682466115,0.08204097680497624
14,JAM2,FLARCC,brain_putamen_basal_ganglia,47.30198740387017,11.12341328493548,205,0.2307414019700984,0.05426055260944137
14,JAM2,FLARCC,brain_spinal_cord_cervical_c-1,25.35933353726557,14.018837831188382,159,0.15949266375638724,0.0881687913911219
14,JAM2,HPS,brain_amygdala,33.102660279089974,9.482475405795366,152,0.2177806597308551,0.06238470661707478
14,JAM2,HPS,brain_anterior_cingulate_cortex_ba24,67.83207304685537,11.32035509895118,176,0.38540950594804185,0.06432019942585898
14,JAM2,HPS,brain_caudate_basal_ganglia,52.02593468021519,12.36812658988993,246,0.21148753935046824,0.05027693735727614
14,JAM2,HPS,brain_cerebellar_hemisphere,25.248119327238157,7.494708590190607,215,0.11743311314994492,0.03485910972181677
14,JAM2,HPS,brain_cerebellum,59.23051260170992,13.040583607831566,241,0.24576976183282123,0.054110305426686996
14,JAM2,HPS,brain_cortex,104.91963783538847,19.28074805901203,255,0.4114495601387783,0.07561077670200796
14,JAM2,HPS,brain_frontal_cortex_ba9,90.26897890498489,14.059130415137073,209,0.43190898997600424,0.06726856657960321
14,JAM2,HPS,brain_hypothalamus,70.22803014797701,19.77341436236606,202,0.3476635155840446,0.09788818991270327
14,JAM2,HPS,brain_nucleus_accumbens_basal_ganglia,67.92450296782414,20.087461170322896,246,0.27611586572286234,0.08165634622082478
14,JAM2,HPS,brain_putamen_basal_ganglia,47.322615151200935,11.146416183216902,205,0.23084202512780944,0.054372761869350736
14,JAM2,HPS,brain_spinal_cord_cervical_c-1,25.058399710304926,13.868676228725196,159,0.1575999981780184,0.08722437879701381
14,JAM2,MMoE,brain_amygdala,40.50741327314824,11.437898279443829,152,0.2664961399549226,0.07524933078581467
14,JAM2,MMoE,brain_anterior_cingulate_cortex_ba24,89.3639373637641,14.883591240091034,176,0.507749644112296,0.08456585931869906
14,JAM2,MMoE,brain_caudate_basal_ganglia,56.908690972671536,13.398358173974817,246,0.23133614216533144,0.05446487062591389
14,JAM2,MMoE,brain_cerebellar_hemisphere,27.000859982917532,7.9599109108435355,215,0.12558539526938386,0.03702284144578388
14,JAM2,MMoE,brain_cerebellum,61.52292100822933,13.67475807594852,241,0.2552818299096653,0.05674173475497311
14,JAM2,MMoE,brain_cortex,123.37817723917259,22.262542492086062,255,0.48383598917322584,0.08730408820425907
14,JAM2,MMoE,brain_frontal_cortex_ba9,103.25278536389067,16.05064571286121,209,0.4940324658559362,0.07679734790842685
14,JAM2,MMoE,brain_hypothalamus,70.62004591643688,19.813551552445563,202,0.3496041877051331,0.09808688887349289
14,JAM2,MMoE,brain_nucleus_accumbens_basal_ganglia,81.46212413897341,24.12891923335289,246,0.33114684609338785,0.09808503753395484
14,JAM2,MMoE,brain_putamen_basal_ganglia,49.10879571986952,11.53459504130431,205,0.23955510107253425,0.05626631727465518
14,JAM2,MMoE,brain_spinal_cord_cervical_c-1,30.353844218624396,16.720044896921458,159,0.1909046806202792,0.10515751507497773
14,JAM2,Pool,brain_amygdala,41.18848114708639,11.706020963305264,152,0.2709768496518842,0.07701329581121884
14,JAM2,Pool,brain_anterior_cingulate_cortex_ba24,77.20612673937335,12.937672636174753,176,0.43867117465553035,0.07350950361462928
14,JAM2,Pool,brain_caudate_basal_ganglia,64.84742701899702,15.51382176831393,246,0.26360742690649197,0.06306431613135743
14,JAM2,Pool,brain_cerebellar_hemisphere,36.86055417094115,10.901678665286514,215,0.17144443800437745,0.05070548216412332
14,JAM2,Pool,brain_cerebellum,67.25274187651156,14.651618371421115,241,0.2790570202344878,0.0607950969768511
14,JAM2,Pool,brain_cortex,117.45929151567866,21.21336509017279,255,0.46062467261050455,0.08318966702028545
14,JAM2,Pool,brain_frontal_cortex_ba9,91.41005948945491,14.212693123135553,209,0.4373687056911718,0.068003316378639
14,JAM2,Pool,brain_hypothalamus,72.32570716456412,20.24841038137308,202,0.3580480552701194,0.10023965535333208
14,JAM2,Pool,brain_nucleus_accumbens_basal_ganglia,70.30997060214862,20.907815737667306,246,0.2858128886266204,0.08499112088482645
14,JAM2,Pool,brain_putamen_basal_ganglia,45.22472244731592,10.64428694940023,205,0.22060840218202887,0.05192335097268405
14,JAM2,Pool,brain_spinal_cord_cervical_c-1,30.153592055107517,16.521523913275665,159,0.18964523305099068,0.1039089554294067
14,JAM2,STL,brain_amygdala,46.560739606378725,13.166193890041257,152,0.3063206553051232,0.08661969664500827
14,JAM2,STL,brain_anterior_cingulate_cortex_ba24,88.30769287428899,14.539969754370457,176,0.501748254967551,0.0826134645134685
14,JAM2,STL,brain_caudate_basal_ganglia,63.096335316788995,14.968220863374714,246,0.25648916795442683,0.060846426273880955
14,JAM2,STL,brain_cerebellar_hemisphere,23.63341615645499,7.007501200846028,215,0.1099228658439767,0.03259302884114432
14,JAM2,STL,brain_cerebellum,61.01027804960594,13.253155145355109,241,0.25315468070375907,0.05499234500147348
14,JAM2,STL,brain_cortex,118.75040122466513,21.323860740111655,255,0.46568784793986323,0.08362298329455552
14,JAM2,STL,brain_frontal_cortex_ba9,105.36588759217149,16.501341481236473,209,0.5041430028333564,0.07895378699156207
14,JAM2,STL,brain_hypothalamus,67.22814774006419,19.029077588015987,202,0.3328126125745752,0.09420335439611875
14,JAM2,STL,brain_nucleus_accumbens_basal_ganglia,80.57740357475637,24.06380860974302,246,0.327550421035595,0.0978203602022074
14,JAM2,STL,brain_putamen_basal_ganglia,47.8239325201214,11.219003776326694,205,0.23328747570790928,0.054726847689398506
14,JAM2,STL,brain_spinal_cord_cervical_c-1,30.030596066084396,16.636624650857076,159,0.18887167337159996,0.10463285943935267
14,SH2D2A,ARMUL,brain_amygdala,168.65865727023973,14.449946850655842,152,1.109596429409472,0.09506543980694633
14,SH2D2A,ARMUL,brain_anterior_cingulate_cortex_ba24,206.8398387101372,13.118448282438365,176,1.1752263563075978,0.07453663796839981
14,SH2D2A,ARMUL,brain_caudate_basal_ganglia,159.9104794928989,13.859675910781112,246,0.6500425995646297,0.056340145978785006
14,SH2D2A,ARMUL,brain_cerebellar_hemisphere,148.66958725018188,4.322159787550123,215,0.6914864523264274,0.020103068779302898
14,SH2D2A,ARMUL,brain_cerebellum,131.45553887618826,7.9916256105954115,241,0.5454586675360509,0.03316027224313449
14,SH2D2A,ARMUL,brain_cortex,130.8367111149449,12.255001422341099,255,0.513085141627235,0.048058829107219994
14,SH2D2A,ARMUL,brain_frontal_cortex_ba9,104.27086353610642,10.624741680431296,209,0.49890365328280584,0.05083608459536505
14,SH2D2A,ARMUL,brain_hypothalamus,112.05946384022658,14.690247900720694,202,0.5547498209912207,0.07272399950851828
14,SH2D2A,ARMUL,brain_nucleus_accumbens_basal_ganglia,155.72591654385516,11.618910104308299,246,0.633032181072582,0.04723134188743211
14,SH2D2A,ARMUL,brain_putamen_basal_ganglia,111.97838562211956,9.658143815022385,205,0.5462360274249735,0.04711289665864578
14,SH2D2A,ARMUL,brain_spinal_cord_cervical_c-1,104.18194474137786,17.48783926939747,159,0.6552323568640117,0.10998641049935515
14,SH2D2A,COVER,brain_amygdala,168.6242156275238,14.537052297468644,152,1.1093698396547618,0.09563850195703055
14,SH2D2A,COVER,brain_anterior_cingulate_cortex_ba24,203.4075832660526,13.070780530746552,176,1.1557249049207534,0.07426579847015086
14,SH2D2A,COVER,brain_caudate_basal_ganglia,162.55170810740142,14.069840067013004,246,0.6607793012495993,0.05719447181712603
14,SH2D2A,COVER,brain_cerebellar_hemisphere,153.62519864569097,4.474767800047527,215,0.7145358076543766,0.020812873488593148
14,SH2D2A,COVER,brain_cerebellum,129.7413268719882,7.902515935124182,241,0.5383457546555527,0.032790522552382496
14,SH2D2A,COVER,brain_cortex,125.41944327631647,11.765476517673036,255,0.49184095402477046,0.04613912359871779
14,SH2D2A,COVER,brain_frontal_cortex_ba9,106.36440851610125,10.799514367685179,209,0.5089206149095754,0.05167231754873291
14,SH2D2A,COVER,brain_hypothalamus,111.55394248468848,14.63678130479536,202,0.5522472400232102,0.07245931339007604
14,SH2D2A,COVER,brain_nucleus_accumbens_basal_ganglia,157.2750080785558,11.769803095064487,246,0.6393293011323407,0.04784472802871743
14,SH2D2A,COVER,brain_putamen_basal_ganglia,114.3521271318905,9.924476244521193,205,0.5578152543019048,0.0484120792415668
14,SH2D2A,COVER,brain_spinal_cord_cervical_c-1,94.05067237873013,15.79947605025473,159,0.591513662759309,0.09936777390097315
14,SH2D2A,FLARCC,brain_amygdala,165.3211330621248,14.30484905846977,152,1.0876390333034527,0.09411084906888006
14,SH2D2A,FLARCC,brain_anterior_cingulate_cortex_ba24,205.488316358408,13.117310882596632,176,1.1675472520364092,0.07453017546929905
14,SH2D2A,FLARCC,brain_caudate_basal_ganglia,163.50963224714653,14.159762676411486,246,0.6646733018176688,0.057560010879721485
14,SH2D2A,FLARCC,brain_cerebellar_hemisphere,152.94977236865873,4.476980017444482,215,0.7113942900867848,0.020823162871834798
14,SH2D2A,FLARCC,brain_cerebellum,137.41249807132516,8.327171889783834,241,0.5701763405449177,0.03455258045553458
14,SH2D2A,FLARCC,brain_cortex,132.05968816064615,12.36163422224453,255,0.5178811300417496,0.048476996949978556
14,SH2D2A,FLARCC,brain_frontal_cortex_ba9,105.67127488136552,10.77021643955032,209,0.5056041860352417,0.05153213607440344
14,SH2D2A,FLARCC,brain_hypothalamus,111.02087943124297,14.607389894612673,202,0.5496083140160544,0.07231381135946868
14,SH2D2A,FLARCC,brain_nucleus_accumbens_basal_ganglia,155.5476272676167,11.696206415867437,246,0.632307427917141,0.04754555453604649
14,SH2D2A,FLARCC,brain_putamen_basal_ganglia,108.7788401382056,9.366324389691922,205,0.5306284884790516,0.045689387266789866
14,SH2D2A,FLARCC,brain_spinal_cord_cervical_c-1,105.6996876094923,17.71830881954336,159,0.6647779094936622,0.11143590452542994
14,SH2D2A,HPS,brain_amygdala,172.681266473581,14.637880862764353,152,1.1360609636419803,0.09630184778134443
14,SH2D2A,HPS,brain_anterior_cingulate_cortex_ba24,210.16201432669826,13.394300114116588,176,1.1941023541289673,0.07610397792111698
14,SH2D2A,HPS,brain_caudate_basal_ganglia,161.73078147103567,13.958542717559553,246,0.657442201101771,0.056742043567315256
14,SH2D2A,HPS,brain_cerebellar_hemisphere,153.11740531492174,4.4624665858147585,215,0.7121739782089384,0.020755658538673297
14,SH2D2A,HPS,brain_cerebellum,138.2103934367204,8.400137058609868,241,0.5734871096959353,0.034855340492157126
14,SH2D2A,HPS,brain_cortex,131.00308797931206,12.244197110812138,255,0.5137375999188708,0.04801645925808681
14,SH2D2A,HPS,brain_frontal_cortex_ba9,110.58492042541063,11.276178867925665,209,0.5291144517962231,0.05395300893744338
14,SH2D2A,HPS,brain_hypothalamus,113.94778711689125,15.035029219664224,202,0.5640979560242141,0.07443083772111002
14,SH2D2A,HPS,brain_nucleus_accumbens_basal_ganglia,150.16223725749006,11.236581232128383,246,0.6104155986076831,0.04567715948019668
14,SH2D2A,HPS,brain_putamen_basal_ganglia,109.27934327844025,9.333314680686083,205,0.5330699672119037,0.045528364296029675
14,SH2D2A,HPS,brain_spinal_cord_cervical_c-1,99.54911667950134,16.775761328242762,159,0.6260950734559833,0.10550793288202995
14,SH2D2A,MMoE,brain_amygdala,180.30283412103503,15.290382945113237,152,1.186202856059441,0.10059462463890287
14,SH2D2A,MMoE,brain_anterior_cingulate_cortex_ba24,176.57086710817623,11.839225317738286,176,1.0032435631146377,0.06726832566896754
14,SH2D2A,MMoE,brain_caudate_basal_ganglia,171.24577956542362,14.785790499711814,246,0.6961210551439985,0.06010483942972282
14,SH2D2A,MMoE,brain_cerebellar_hemisphere,177.60905991236973,5.185724519357224,215,0.8260886507552081,0.024119648927242904
14,SH2D2A,MMoE,brain_cerebellum,134.13066667659018,8.182422142801252,241,0.5565587828904157,0.033951959098760386
14,SH2D2A,MMoE,brain_cortex,133.88292629462106,12.439801906388126,255,0.5250310835083178,0.048783536887796575
14,SH2D2A,MMoE,brain_frontal_cortex_ba9,111.69188858551468,11.25951856278376,209,0.5344109501699267,0.053873294558773974
14,SH2D2A,MMoE,brain_hypothalamus,126.08999736055239,16.021156952270104,202,0.6242079077255068,0.07931265817955498
14,SH2D2A,MMoE,brain_nucleus_accumbens_basal_ganglia,154.45224652986835,11.689971322626366,246,0.6278546606905218,0.04752020862856247
14,SH2D2A,MMoE,brain_putamen_basal_ganglia,126.70869764651002,10.903333653741486,205,0.6180912080317562,0.0531869934328853
14,SH2D2A,MMoE,brain_spinal_cord_cervical_c-1,104.62721426885045,17.581494395904663,159,0.6580327941437135,0.11057543645223059
14,SH2D2A,Pool,brain_amygdala,157.08188304654024,13.881938178774822,152,1.0334334410956594,0.09132854064983435
14,SH2D2A,Pool,brain_anterior_cingulate_cortex_ba24,216.2342444858171,13.579647004398028,176,1.2286036618512335,0.07715708525226152
14,SH2D2A,Pool,brain_caudate_basal_ganglia,160.4277708697946,13.949640293492699,246,0.6521454100398155,0.056705854851596335
14,SH2D2A,Pool,brain_cerebellar_hemisphere,147.71076893733778,4.271858163213633,215,0.6870268322666874,0.019869107735877363
14,SH2D2A,Pool,brain_cerebellum,132.18153709857523,8.07481190943799,241,0.5484711082928433,0.033505443607626514
14,SH2D2A,Pool,brain_cortex,121.86857791782117,11.427589284013735,255,0.4779159918345928,0.04481407562358327
14,SH2D2A,Pool,brain_frontal_cortex_ba9,97.73651774730331,9.907719886915991,209,0.46763884089618807,0.04740535831060283
14,SH2D2A,Pool,brain_hypothalamus,104.47102395247857,13.547493444006,202,0.5171832868934583,0.06706679922775247
14,SH2D2A,Pool,brain_nucleus_accumbens_basal_ganglia,155.93270582038886,11.674893729657038,246,0.6338727878877596,0.04745891760023186
14,SH2D2A,Pool,brain_putamen_basal_ganglia,112.72317816673132,9.649323366884085,205,0.5498691617889333,0.04706987008236139
14,SH2D2A,Pool,brain_spinal_cord_cervical_c-1,95.59888758705767,16.33680925876483,159,0.6012508653274068,0.1027472280425461
14,SH2D2A,STL,brain_amygdala,189.1769194573878,16.81598514401969,152,1.244584996430183,0.11063148121065587
14,SH2D2A,STL,brain_anterior_cingulate_cortex_ba24,242.37005442980467,15.642397094359216,176,1.3771025819875264,0.08887725621795009
14,SH2D2A,STL,brain_caudate_basal_ganglia,186.72594398751397,16.10590022228966,246,0.7590485527947722,0.06547113911499862
14,SH2D2A,STL,brain_cerebellar_hemisphere,187.31572670844304,5.428148835473065,215,0.8712359381788048,0.02524720388592123
14,SH2D2A,STL,brain_cerebellum,133.99022294024707,8.1384392576212,241,0.5559760287977057,0.033769457500502906
14,SH2D2A,STL,brain_cortex,141.92456196753025,13.212954512272571,255,0.5565669096765892,0.05181550789126498
14,SH2D2A,STL,brain_frontal_cortex_ba9,122.1626433517788,12.282209227389487,209,0.5845102552716689,0.05876655132722242
14,SH2D2A,STL,brain_hypothalamus,146.92394270129864,18.412124053265007,202,0.7273462509965279,0.09114912897655944
14,SH2D2A,STL,brain_nucleus_accumbens_basal_ganglia,160.16243472256818,12.004674187879854,246,0.6510668078153178,0.048799488568617294
14,SH2D2A,STL,brain_putamen_basal_ganglia,133.20884515608657,11.659367858779088,205,0.6497992446638369,0.05687496516477604
14,SH2D2A,STL,brain_spinal_cord_cervical_c-1,101.77687441075315,16.965383834583676,159,0.6401061283695166,0.10670052726153255
15,JAM2,ARMUL,brain_amygdala,43.93851753726353,12.030209672590761,152,0.28906919432410216,0.07914611626704449
15,JAM2,ARMUL,brain_anterior_cingulate_cortex_ba24,64.80201818166476,10.779193828486928,176,0.36819328512309524,0.061245419480039365
15,JAM2,ARMUL,brain_caudate_basal_ganglia,51.04714794328741,12.010059042253038,246,0.2075087314767781,0.048821378220540806
15,JAM2,ARMUL,brain_cerebellar_hemisphere,26.861252362063805,7.871797608863693,215,0.12493605749797118,0.03661301213424974
15,JAM2,ARMUL,brain_cerebellum,59.401973644672125,13.075639651630542,241,0.24648121844262294,0.05425576618933835
15,JAM2,ARMUL,brain_cortex,115.70823940699185,20.228605425553344,255,0.45375780159604645,0.07932786441393468
15,JAM2,ARMUL,brain_frontal_cortex_ba9,106.41703214169496,15.782476853343415,209,0.5091724025918419,0.0755142433174326
15,JAM2,ARMUL,brain_hypothalamus,61.291412366110805,17.91559623607423,202,0.30342283349559807,0.088691070475615
15,JAM2,ARMUL,brain_nucleus_accumbens_basal_ganglia,66.27407136985859,19.560366352677722,246,0.26940679418641705,0.07951368436047855
15,JAM2,ARMUL,brain_putamen_basal_ganglia,40.76343555978115,9.692883925543983,205,0.19884602712088367,0.047282360612409674
15,JAM2,ARMUL,brain_spinal_cord_cervical_c-1,27.63908147808448,15.417593780685518,159,0.17383070112002819,0.09696599862066363
15,JAM2,COVER,brain_amygdala,39.938424128081834,11.026168109992682,152,0.26275279031632787,0.07254057967100448
15,JAM2,COVER,brain_anterior_cingulate_cortex_ba24,65.75380832583842,10.935646492607063,176,0.3736011836695365,0.06213435507163104
15,JAM2,COVER,brain_caudate_basal_ganglia,51.44777854944481,12.142264785036092,246,0.20913731117660492,0.049358799939171104
15,JAM2,COVER,brain_cerebellar_hemisphere,24.374212147734905,7.146732385911165,215,0.11336842859411583,0.033240615748424025
15,JAM2,COVER,brain_cerebellum,60.851504594474406,13.305744067185941,241,0.2524958696866158,0.05521055629537735
15,JAM2,COVER,brain_cortex,114.32690615117555,19.969955647952332,255,0.44834080843598256,0.07831355156059738
15,JAM2,COVER,brain_frontal_cortex_ba9,106.6417648552311,15.88009052250478,209,0.5102476787331631,0.07598129436605158
15,JAM2,COVER,brain_hypothalamus,57.55137291973076,16.82957066984632,202,0.2849077867313404,0.08331470628636792
15,JAM2,COVER,brain_nucleus_accumbens_basal_ganglia,67.60769988205614,19.929963714194475,246,0.27482804830104124,0.08101611265932714
15,JAM2,COVER,brain_putamen_basal_ganglia,41.77178082995178,9.926836713680247,205,0.20376478453635014,0.0484235937252695
15,JAM2,COVER,brain_spinal_cord_cervical_c-1,24.6110470787057,13.78035265181952,159,0.15478645961450124,0.0866688846026385
15,JAM2,FLARCC,brain_amygdala,41.945316111546916,11.506731909317717,152,0.2759560270496508,0.07570218361393234
15,JAM2,FLARCC,brain_anterior_cingulate_cortex_ba24,64.07688081009417,10.651147643825631,176,0.36407318642098957,0.06051788433991836
15,JAM2,FLARCC,brain_caudate_basal_ganglia,51.46625004306175,12.128401488038136,246,0.2092123985490315,0.049302445073325755
15,JAM2,FLARCC,brain_cerebellar_hemisphere,27.18940468000123,7.975480786150721,215,0.12646234734884293,0.03709525947046847
15,JAM2,FLARCC,brain_cerebellum,62.97509360172137,13.829446932500208,241,0.26130744233079406,0.057383597230291315
15,JAM2,FLARCC,brain_cortex,117.34881285159281,20.53895374579266,255,0.46019142294742277,0.0805449166501673
15,JAM2,FLARCC,brain_frontal_cortex_ba9,105.01629744637046,15.609467955898058,209,0.5024703227099065,0.07468644954975147
15,JAM2,FLARCC,brain_hypothalamus,63.00499627569138,18.40201253171909,202,0.31190592215688806,0.09109907193920343
15,JAM2,FLARCC,brain_nucleus_accumbens_basal_ganglia,66.9567381091652,19.694513908161902,246,0.2721818622323789,0.0800589996266744
15,JAM2,FLARCC,brain_putamen_basal_ganglia,42.22470236268635,10.018328877880005,205,0.20597415786676268,0.04886989696526832
15,JAM2,FLARCC,brain_spinal_cord_cervical_c-1,27.422422879335528,15.301530581791164,159,0.17246806842349388,0.09623604139491299
15,JAM2,HPS,brain_amygdala,40.04601969062888,11.05407042362543,152,0.26346065585940054,0.0727241475238515
15,JAM2,HPS,brain_anterior_cingulate_cortex_ba24,65.64353633735382,11.002119334754873,176,0.37297463828041943,0.0625120416747436
15,JAM2,HPS,brain_caudate_basal_ganglia,51.25118476809156,12.059929605324648,246,0.20833814946378684,0.04902410408668556
15,JAM2,HPS,brain_cerebellar_hemisphere,24.823779123914054,7.270211085139536,215,0.11545943778564677,0.03381493527971877
15,JAM2,HPS,brain_cerebellum,58.50329947916558,12.815832485897339,241,0.24275227999653767,0.053177728157250366
15,JAM2,HPS,brain_cortex,117.18260017869845,20.515514792137992,255,0.4595396085439155,0.08045299918485486
15,JAM2,HPS,brain_frontal_cortex_ba9,107.9813833578562,16.11720559563191,209,0.5166573366404603,0.07711581624704263
15,JAM2,HPS,brain_hypothalamus,62.5617634050213,18.288580236813036,202,0.3097117000248579,0.09053752592481701
15,JAM2,HPS,brain_nucleus_accumbens_basal_ganglia,70.02534631202646,20.59589021754843,246,0.2846558793171807,0.08372313096564403
15,JAM2,HPS,brain_putamen_basal_ganglia,39.32467480668851,9.308238593463841,205,0.1918276819838464,0.04540604191933581
15,JAM2,HPS,brain_spinal_cord_cervical_c-1,25.259863263408544,14.054278732554941,159,0.15886706454973928,0.08839169014185498
15,JAM2,MMoE,brain_amygdala,52.20797541675059,14.219376783922293,152,0.34347352247862234,0.09354853147317298
15,JAM2,MMoE,brain_anterior_cingulate_cortex_ba24,93.2483367697029,15.420983899977974,176,0.5298200952824028,0.08761922670442031
15,JAM2,MMoE,brain_caudate_basal_ganglia,58.02262593793165,13.79166296770683,246,0.23586433308102298,0.056063670600434275
15,JAM2,MMoE,brain_cerebellar_hemisphere,28.22199149916906,8.252966268325865,215,0.1312650767403212,0.0383858896201203
15,JAM2,MMoE,brain_cerebellum,51.814834290660606,11.23360319078995,241,0.2149993124093801,0.046612461372572404
15,JAM2,MMoE,brain_cortex,120.93257424314093,21.460050449760967,255,0.474245389188788,0.08415706058729791
15,JAM2,MMoE,brain_frontal_cortex_ba9,116.66256391568463,17.57394390872524,209,0.5581940857209791,0.0840858560226088
15,JAM2,MMoE,brain_hypothalamus,82.78636837030204,24.13900385034439,202,0.4098335067836735,0.11950001906111085
15,JAM2,MMoE,brain_nucleus_accumbens_basal_ganglia,72.50789514992886,21.257236334665222,246,0.2947475412598734,0.08641152981571229
15,JAM2,MMoE,brain_putamen_basal_ganglia,43.301808375475545,10.186965409179898,205,0.2112283335389051,0.04969251419112145
15,JAM2,MMoE,brain_spinal_cord_cervical_c-1,26.072115977263273,14.402268530369017,159,0.16397557218404574,0.09058030522244664
15,JAM2,Pool,brain_amygdala,50.78352399477567,14.007971393860199,152,0.3341021315445768,0.09215770653855394
15,JAM2,Pool,brain_anterior_cingulate_cortex_ba24,83.89522745511444,13.997530371210637,176,0.4766774287222411,0.0795314225636968
15,JAM2,Pool,brain_caudate_basal_ganglia,64.56877764775243,14.96074099532195,246,0.26247470588517247,0.06081602030618679
15,JAM2,Pool,brain_cerebellar_hemisphere,36.74810802055749,10.786447926220578,215,0.17092143265375576,0.05016952523823525
15,JAM2,Pool,brain_cerebellum,69.42621503398043,15.646714206921978,241,0.28807558105386066,0.06492412533992521
15,JAM2,Pool,brain_cortex,119.28276438232605,21.07523657762175,255,0.46777554659735704,0.08264798657890883
15,JAM2,Pool,brain_frontal_cortex_ba9,123.09268234465303,18.00468530689689,209,0.5889602026059954,0.08614681965022435
15,JAM2,Pool,brain_hypothalamus,69.4251144351204,20.19589910364398,202,0.34368868532237823,0.099979698532891
15,JAM2,Pool,brain_nucleus_accumbens_basal_ganglia,66.0094974064941,19.434523193525266,246,0.2683312902703012,0.07900212680294823
15,JAM2,Pool,brain_putamen_basal_ganglia,50.11808549345595,11.807625573554485,205,0.24447846582173635,0.05759817352953408
15,JAM2,Pool,brain_spinal_cord_cervical_c-1,33.95285303237039,18.749187407118768,159,0.21353995617843013,0.11791941765483502
15,JAM2,STL,brain_amygdala,55.81234715836215,15.059320094117103,152,0.3671864944629089,0.099074474303402
15,JAM2,STL,brain_anterior_cingulate_cortex_ba24,94.32473569077652,15.948244419379913,176,0.5359359982430484,0.09061502511011314
15,JAM2,STL,brain_caudate_basal_ganglia,58.84759753061829,13.792532841059984,246,0.23921787614072473,0.05606720667097555
15,JAM2,STL,brain_cerebellar_hemisphere,24.98568878096499,7.326302270425602,215,0.11621250595797669,0.03407582451360745
15,JAM2,STL,brain_cerebellum,55.617270288739306,12.132777898272408,241,0.2307770551399971,0.05034347675631705
15,JAM2,STL,brain_cortex,123.91287026021793,22.341118299557632,255,0.48593282454987424,0.0876122286257162
15,JAM2,STL,brain_frontal_cortex_ba9,105.64335583929554,15.889981792956519,209,0.5054706021018925,0.07602862101893071
15,JAM2,STL,brain_hypothalamus,65.97632258813137,19.151759001594172,202,0.326615458357086,0.09481068812670382
15,JAM2,STL,brain_nucleus_accumbens_basal_ganglia,83.55457722658066,24.560097776666098,246,0.33965275295357994,0.09983779584010609
15,JAM2,STL,brain_putamen_basal_ganglia,41.629401806693224,9.807285154856213,205,0.20307025271557672,0.04784041538954251
15,JAM2,STL,brain_spinal_cord_cervical_c-1,31.40967466703712,17.10950166006491,159,0.19754512369205735,0.10760692867965353
15,SH2D2A,ARMUL,brain_amygdala,218.15886840899554,12.821757417303852,152,1.435255713217076,0.08435366721910428
15,SH2D2A,ARMUL,brain_anterior_cingulate_cortex_ba24,166.2436674020356,11.207647325474337,176,0.9445662920570205,0.063679814349286
15,SH2D2A,ARMUL,brain_caudate_basal_ganglia,146.7867460997077,12.840652644099912,246,0.5966940898362102,0.0521977749760159
15,SH2D2A,ARMUL,brain_cerebellar_hemisphere,164.23002141041752,4.259262047250399,215,0.7638605646996164,0.019810521150001856
15,SH2D2A,ARMUL,brain_cerebellum,129.12653261429347,7.925179043809568,241,0.5357947411381472,0.032884560347757545
15,SH2D2A,ARMUL,brain_cortex,135.1008445373832,11.18151720946232,255,0.5298072334799342,0.04384908709593067
15,SH2D2A,ARMUL,brain_frontal_cortex_ba9,84.9306636916357,8.647567916254989,209,0.40636681192170193,0.04137592304428224
15,SH2D2A,ARMUL,brain_hypothalamus,114.69237025785016,13.559720412004596,202,0.567784011177476,0.06712732877229999
15,SH2D2A,ARMUL,brain_nucleus_accumbens_basal_ganglia,164.53380132634948,10.416798478846554,246,0.6688365907575182,0.042344709263603876
15,SH2D2A,ARMUL,brain_putamen_basal_ganglia,97.12175685811161,8.569374137855984,205,0.4737646676005444,0.04180182506271212
15,SH2D2A,ARMUL,brain_spinal_cord_cervical_c-1,98.24315768409612,16.559692055002657,159,0.6178814948685291,0.10414900663523684
15,SH2D2A,COVER,brain_amygdala,226.31237310583072,13.268284945111944,152,1.4888971914857283,0.0872913483231049
15,SH2D2A,COVER,brain_anterior_cingulate_cortex_ba24,175.59752097333077,11.765371920683402,176,0.9977131873484703,0.06684870409479206
15,SH2D2A,COVER,brain_caudate_basal_ganglia,146.20874090088085,12.80736209514593,246,0.5943444752068328,0.05206244754124362
15,SH2D2A,COVER,brain_cerebellar_hemisphere,169.5139611848931,4.3651839198026625,215,0.7884370287669447,0.020303181022337965
15,SH2D2A,COVER,brain_cerebellum,125.36213805445621,7.698877707436612,241,0.5201748466989884,0.03194555065326395
15,SH2D2A,COVER,brain_cortex,138.63591060353272,11.445205716545463,255,0.5436702376609126,0.0448831596727273
15,SH2D2A,COVER,brain_frontal_cortex_ba9,88.7147675332699,9.06362151170789,209,0.4244725719295211,0.0433666101038655
15,SH2D2A,COVER,brain_hypothalamus,128.0515816696548,15.015039543437004,202,0.633918721136905,0.07433187892790596
15,SH2D2A,COVER,brain_nucleus_accumbens_basal_ganglia,171.3548099731454,10.823343873385461,246,0.6965642681835179,0.043997332818640086
15,SH2D2A,COVER,brain_putamen_basal_ganglia,98.2106740022352,8.622042283468907,205,0.47907645854748876,0.042058742846189795
15,SH2D2A,COVER,brain_spinal_cord_cervical_c-1,96.59644616073642,16.136953065232785,159,0.6075248186209837,0.10149027085052066
15,SH2D2A,FLARCC,brain_amygdala,212.47991470195151,12.52319884816012,152,1.3978941756707337,0.08238946610631659
15,SH2D2A,FLARCC,brain_anterior_cingulate_cortex_ba24,172.6409261166906,11.685754996937446,176,0.980914352935742,0.06639633520987186
15,SH2D2A,FLARCC,brain_caudate_basal_ganglia,144.67643890900285,12.58311247672001,246,0.5881156053211498,0.05115086372650411
15,SH2D2A,FLARCC,brain_cerebellar_hemisphere,167.09266099022827,4.304402783782303,215,0.7771751673964106,0.020020478064103734
15,SH2D2A,FLARCC,brain_cerebellum,130.11007188332337,7.985475698356245,241,0.5398758169432505,0.033134753935088156
15,SH2D2A,FLARCC,brain_cortex,138.65260198910582,11.387899282603787,255,0.5437356940749247,0.04465842855923054
15,SH2D2A,FLARCC,brain_frontal_cortex_ba9,90.85219964045943,9.256060757439721,209,0.4346995198108107,0.04428737204516613
15,SH2D2A,FLARCC,brain_hypothalamus,117.79864167359707,13.943536896649066,202,0.5831615924435499,0.06902741037945082
15,SH2D2A,FLARCC,brain_nucleus_accumbens_basal_ganglia,163.39553817365828,10.421087600824205,246,0.6642095047709686,0.04236214471879758
15,SH2D2A,FLARCC,brain_putamen_basal_ganglia,101.66496613653803,8.91352784972618,205,0.4959266640806733,0.04348062365720087
15,SH2D2A,FLARCC,brain_spinal_cord_cervical_c-1,96.4069244757297,16.116159504441615,159,0.6063328583379226,0.10135949373862652
15,SH2D2A,HPS,brain_amygdala,220.1845870200418,12.599852950234386,152,1.4485828093423803,0.08289376940943675
15,SH2D2A,HPS,brain_anterior_cingulate_cortex_ba24,176.85754738358384,11.80622981553302,176,1.0048724283158172,0.06708085122461943
15,SH2D2A,HPS,brain_caudate_basal_ganglia,145.5674447819507,12.62329563784094,246,0.5917375804144338,0.05131420990992252
15,SH2D2A,HPS,brain_cerebellar_hemisphere,167.33981010977132,4.3194227450652845,215,0.7783246981849828,0.020090338349140858
15,SH2D2A,HPS,brain_cerebellum,133.39243971471578,8.209022544807556,241,0.5534956004759991,0.034062334210819736
15,SH2D2A,HPS,brain_cortex,137.5772030392735,11.399640717376867,255,0.5395184432912686,0.04470447340147791
15,SH2D2A,HPS,brain_frontal_cortex_ba9,91.54053855518748,9.317049300484186,209,0.43799300744108843,0.044579183255905194
15,SH2D2A,HPS,brain_hypothalamus,119.77713412195604,14.309227438872531,202,0.5929561095146338,0.07083775959837886
15,SH2D2A,HPS,brain_nucleus_accumbens_basal_ganglia,171.96927956751583,10.82982958875378,246,0.6990621120630724,0.044023697515259266
15,SH2D2A,HPS,brain_putamen_basal_ganglia,103.57773220423418,9.079475082596229,205,0.5052572302645569,0.04429012235412794
15,SH2D2A,HPS,brain_spinal_cord_cervical_c-1,97.54543994877471,16.326615758615517,159,0.6134933330111617,0.10268311797871395
15,SH2D2A,MMoE,brain_amygdala,252.53717304543713,13.565565184276155,152,1.6614287700357706,0.08924713937023786
15,SH2D2A,MMoE,brain_anterior_cingulate_cortex_ba24,237.91044462671982,15.758298060414148,176,1.3517638899245445,0.0895357844341713
15,SH2D2A,MMoE,brain_caudate_basal_ganglia,148.00752956104472,12.926752785608624,246,0.6016566242318891,0.05254777555125457
15,SH2D2A,MMoE,brain_cerebellar_hemisphere,187.99006955279145,4.849358473130179,215,0.8743724165246114,0.022555155688977577
15,SH2D2A,MMoE,brain_cerebellum,137.17390903574992,8.464803866743454,241,0.5691863445466802,0.03512366749686081
15,SH2D2A,MMoE,brain_cortex,148.30140467946188,12.348128451468266,255,0.5815741359978898,0.04842403314301281
15,SH2D2A,MMoE,brain_frontal_cortex_ba9,93.37148133741344,9.471169563155321,209,0.4467534992220739,0.04531660078064747
15,SH2D2A,MMoE,brain_hypothalamus,151.89409739136,17.479960367662052,202,0.7519509771849504,0.08653445726565372
15,SH2D2A,MMoE,brain_nucleus_accumbens_basal_ganglia,191.93536769724003,11.697503542939089,246,0.7802250719400001,0.047550827410321496
15,SH2D2A,MMoE,brain_putamen_basal_ganglia,107.8268555288185,9.60599633783219,205,0.5259846611161878,0.046858518721132635
15,SH2D2A,MMoE,brain_spinal_cord_cervical_c-1,120.87848461629062,20.16370024710802,159,0.7602420416118907,0.12681572482457876
15,SH2D2A,Pool,brain_amygdala,243.0973323756659,13.84981316849825,152,1.599324555103065,0.0911171918980148
15,SH2D2A,Pool,brain_anterior_cingulate_cortex_ba24,190.89709153649946,12.672129455369928,176,1.0846425655482923,0.0720007355418746
15,SH2D2A,Pool,brain_caudate_basal_ganglia,139.26724371623988,12.200681166656885,246,0.5661270069765849,0.04959626490510929
15,SH2D2A,Pool,brain_cerebellar_hemisphere,166.35397592283252,4.270777400001326,215,0.7737394228968955,0.019864080930238726
15,SH2D2A,Pool,brain_cerebellum,125.32204536736424,7.712513909534508,241,0.5200084870015114,0.0320021324047075
15,SH2D2A,Pool,brain_cortex,139.8777978641815,11.516105737272317,255,0.5485403837811039,0.045161198969695365
15,SH2D2A,Pool,brain_frontal_cortex_ba9,95.13072375739779,9.563717409368126,209,0.45517092706888895,0.04575941344195275
15,SH2D2A,Pool,brain_hypothalamus,113.79045320295337,13.29628314807941,202,0.5633190752621454,0.06582318390138323
15,SH2D2A,Pool,brain_nucleus_accumbens_basal_ganglia,179.05257218397585,10.884160639590492,246,0.7278559844877067,0.0442445554454898
15,SH2D2A,Pool,brain_putamen_basal_ganglia,107.95304209928065,9.355446084190554,205,0.5266002053623446,0.04563632236190514
15,SH2D2A,Pool,brain_spinal_cord_cervical_c-1,109.69413374697285,18.8396048748775,159,0.6899002122451123,0.11848808097407233
15,SH2D2A,STL,brain_amygdala,332.32052586206737,17.783047156053595,152,2.1863192490925485,0.11699373128982628
15,SH2D2A,STL,brain_anterior_cingulate_cortex_ba24,271.04127630761707,16.893783634792612,176,1.5400072517478243,0.09598740701586711
15,SH2D2A,STL,brain_caudate_basal_ganglia,157.29057551800037,13.631232462936195,246,0.6393925834065055,0.0554115140769764
15,SH2D2A,STL,brain_cerebellar_hemisphere,213.43059113202906,5.4190289677306644,215,0.9927004238699026,0.025204785896421694
15,SH2D2A,STL,brain_cerebellum,142.77057715712482,8.826585444340685,241,0.592409033846991,0.03662483586863355
15,SH2D2A,STL,brain_cortex,159.30137833783678,13.152742163813864,255,0.6247112875993599,0.05157938103456417
15,SH2D2A,STL,brain_frontal_cortex_ba9,92.59343591276695,9.478069183399963,209,0.4430307938409902,0.04534961331770317
15,SH2D2A,STL,brain_hypothalamus,153.52231276704867,17.642921295755485,202,0.7600114493418251,0.087341194533443
15,SH2D2A,STL,brain_nucleus_accumbens_basal_ganglia,206.18056598226931,12.355275294970015,246,0.8381323820417452,0.050224696321016324
15,SH2D2A,STL,brain_putamen_basal_ganglia,120.692748275889,10.815515580430844,205,0.588745113540922,0.052758612587467536
15,SH2D2A,STL,brain_spinal_cord_cervical_c-1,97.7533063328943,16.40019280435546,159,0.6148006687603415,0.1031458666940595
16,JAM2,ARMUL,brain_amygdala,42.36684219179331,12.037316493906378,152,0.2787292249460086,0.07919287167043669
16,JAM2,ARMUL,brain_anterior_cingulate_cortex_ba24,72.64674725189246,12.22883079329537,176,0.41276560938575263,0.06948199314372369
16,JAM2,ARMUL,brain_caudate_basal_ganglia,45.81483004627958,11.08904098400524,246,0.1862391465295918,0.045077402374005045
16,JAM2,ARMUL,brain_cerebellar_hemisphere,28.446064868945857,8.225575504684487,215,0.13230727846021328,0.03825849071946273
16,JAM2,ARMUL,brain_cerebellum,56.12394294486535,12.557451514283244,241,0.23287943130649522,0.052105607943084
16,JAM2,ARMUL,brain_cortex,103.60644798379448,19.237369478499804,255,0.4062997960148803,0.07544066462156786
16,JAM2,ARMUL,brain_frontal_cortex_ba9,81.16297141077851,12.76511142570233,209,0.38833957612812686,0.061077088161255164
16,JAM2,ARMUL,brain_hypothalamus,74.0574289629861,21.638637353228955,202,0.3666209354603272,0.10712196709519284
16,JAM2,ARMUL,brain_nucleus_accumbens_basal_ganglia,65.92814643374666,19.008180594286074,246,0.2680005952591328,0.07726902680604095
16,JAM2,ARMUL,brain_putamen_basal_ganglia,38.1776780734484,9.13971684620169,205,0.18623257596804096,0.044583984615618
16,JAM2,ARMUL,brain_spinal_cord_cervical_c-1,25.588625643562562,14.39144922733409,159,0.16093475247523623,0.09051225929140938
16,JAM2,COVER,brain_amygdala,44.04562490729883,12.514517181582484,152,0.28977384807433443,0.08233234987883213
16,JAM2,COVER,brain_anterior_cingulate_cortex_ba24,74.42615019481326,12.511755475493556,176,0.4228758533796208,0.07108951974712248
16,JAM2,COVER,brain_caudate_basal_ganglia,45.55241323607574,11.014753195917475,246,0.18517241152876318,0.04477541949559949
16,JAM2,COVER,brain_cerebellar_hemisphere,28.010574961401606,8.09911881130299,215,0.1302817440065191,0.037670320052572044
16,JAM2,COVER,brain_cerebellum,53.234935108492536,11.928394805019822,241,0.22089184692320554,0.04949541412871296
16,JAM2,COVER,brain_cortex,102.46880608227065,19.013211305277046,255,0.4018384552245908,0.07456161296187078
16,JAM2,COVER,brain_frontal_cortex_ba9,83.73473013462717,13.167721738746854,209,0.4006446417924745,0.0630034532954395
16,JAM2,COVER,brain_hypothalamus,69.70326338528483,20.367034282591902,202,0.3450656603231922,0.10082690238906883
16,JAM2,COVER,brain_nucleus_accumbens_basal_ganglia,68.12799686763039,19.64445200293677,246,0.2769430766976845,0.07985549594689743
16,JAM2,COVER,brain_putamen_basal_ganglia,37.80088677562398,9.044614579367568,205,0.18439456963719014,0.044120071118866185
16,JAM2,COVER,brain_spinal_cord_cervical_c-1,24.119324993023888,13.536816822237657,159,0.1516938678806534,0.08513721271847584
16,JAM2,FLARCC,brain_amygdala,42.424559526564984,12.067631894763032,152,0.279108944253717,0.07939231509712522
16,JAM2,FLARCC,brain_anterior_cingulate_cortex_ba24,70.33295646259585,11.878587037448096,176,0.39961907081020365,0.06749197180368237
16,JAM2,FLARCC,brain_caudate_basal_ganglia,48.83076883415171,11.851894896884247,246,0.19849906030142972,0.048178434540179865
16,JAM2,FLARCC,brain_cerebellar_hemisphere,28.985617566237014,8.399229183186643,215,0.1348168258894745,0.03906618224737973
16,JAM2,FLARCC,brain_cerebellum,55.222309105017416,12.353900408027197,241,0.22913821205401416,0.05126099754368132
16,JAM2,FLARCC,brain_cortex,105.35923943537186,19.62942442752986,255,0.41317348798185044,0.07697813500992101
16,JAM2,FLARCC,brain_frontal_cortex_ba9,83.0869465314845,13.07063207439781,209,0.39754519871523686,0.06253890944687948
16,JAM2,FLARCC,brain_hypothalamus,78.55220409258067,23.019794067628673,202,0.3888722974880231,0.11395937657241917
16,JAM2,FLARCC,brain_nucleus_accumbens_basal_ganglia,67.82150891211585,19.60464539732493,246,0.2756971906996579,0.07969368047693061
16,JAM2,FLARCC,brain_putamen_basal_ganglia,38.928193623634996,9.300259549338817,205,0.18989362743236585,0.045367119752872276
16,JAM2,FLARCC,brain_spinal_cord_cervical_c-1,25.86639775793544,14.552811414219573,159,0.16268174690525436,0.09152711581270172
16,JAM2,HPS,brain_amygdala,43.26639377744925,12.284827390210477,152,0.28464732748321875,0.08082123283033209
16,JAM2,HPS,brain_anterior_cingulate_cortex_ba24,75.75625072897246,12.736941906170427,176,0.4304332427782526,0.07236898810324106
16,JAM2,HPS,brain_caudate_basal_ganglia,46.120594372915896,11.175187357034632,246,0.1874820909468126,0.0454275908822546
16,JAM2,HPS,brain_cerebellar_hemisphere,27.931315326681514,8.074639340717603,215,0.12991309454270472,0.03755646204984932
16,JAM2,HPS,brain_cerebellum,55.699928759120716,12.461580748540833,241,0.23112003634489925,0.05170780393585408
16,JAM2,HPS,brain_cortex,105.31682991510957,19.609959296037978,255,0.41300717613768456,0.07690180116093324
16,JAM2,HPS,brain_frontal_cortex_ba9,83.1069892065538,13.071428183114422,209,0.39764109668207565,0.06254271857949484
16,JAM2,HPS,brain_hypothalamus,73.10547970625534,21.354784394267103,202,0.3619083153775017,0.10571675442706487
16,JAM2,HPS,brain_nucleus_accumbens_basal_ganglia,68.89643050329245,19.868755291572135,246,0.2800667906637904,0.08076729793322006
16,JAM2,HPS,brain_putamen_basal_ganglia,37.799045001478035,9.042013670376598,205,0.1843855853730636,0.044107383757934625
16,JAM2,HPS,brain_spinal_cord_cervical_c-1,23.77883868787643,13.333503830295047,159,0.14955244457783917,0.0838585146559437
16,JAM2,MMoE,brain_amygdala,38.75808338285963,11.1374654795461,152,0.2549873906767081,0.07327279920754012
16,JAM2,MMoE,brain_anterior_cingulate_cortex_ba24,84.33171493181662,14.363622930881352,176,0.47915747120350355,0.08161149392546223
16,JAM2,MMoE,brain_caudate_basal_ganglia,52.720126322103795,12.842966459986156,246,0.21430945659391787,0.052207180731651044
16,JAM2,MMoE,brain_cerebellar_hemisphere,29.358937348797856,8.431331891512759,215,0.1365531969711528,0.039215497169826787
16,JAM2,MMoE,brain_cerebellum,59.74825864890315,13.436095715130953,241,0.24791808568009607,0.05575143450261806
16,JAM2,MMoE,brain_cortex,118.87929047085018,22.072900476286264,255,0.46619329596411835,0.08656039402465202
16,JAM2,MMoE,brain_frontal_cortex_ba9,89.00445323739868,13.980606955859601,209,0.42585862793013723,0.06689285624813206
16,JAM2,MMoE,brain_hypothalamus,72.6320106455573,21.110250957362044,202,0.3595644091364223,0.10450619285822794
16,JAM2,MMoE,brain_nucleus_accumbens_basal_ganglia,68.81795257570799,19.511407243005117,246,0.27974777469799994,0.07931466358945169
16,JAM2,MMoE,brain_putamen_basal_ganglia,38.862271160374014,9.273936561755864,205,0.18957205444084885,0.045238714935394456
16,JAM2,MMoE,brain_spinal_cord_cervical_c-1,26.46302996588001,14.886185722241722,159,0.1664341507288051,0.0936238095738473
16,JAM2,Pool,brain_amygdala,51.0797894417889,14.663059445930255,152,0.3360512463275585,0.09646749635480431
16,JAM2,Pool,brain_anterior_cingulate_cortex_ba24,84.71558103316708,14.286110590892417,176,0.4813385285975402,0.08117108290279783
16,JAM2,Pool,brain_caudate_basal_ganglia,62.11544431188243,14.908613374901144,246,0.25250180614586354,0.06060411941016725
16,JAM2,Pool,brain_cerebellar_hemisphere,34.15835323714464,9.888898552703388,215,0.1588760615681146,0.04599487698931808
16,JAM2,Pool,brain_cerebellum,64.60881297972941,14.552903517614293,241,0.26808636091174026,0.060385491774333167
16,JAM2,Pool,brain_cortex,122.27864276151553,22.325254353429713,255,0.4795240892608452,0.08755001707227339
16,JAM2,Pool,brain_frontal_cortex_ba9,94.78943997590171,14.902412085972205,209,0.4535379903153192,0.07130340710991485
16,JAM2,Pool,brain_hypothalamus,69.6763154691587,20.379807133732484,202,0.3449322547978153,0.10089013432540833
16,JAM2,Pool,brain_nucleus_accumbens_basal_ganglia,65.56770455054222,18.89183666908707,246,0.26653538435179763,0.07679608402067914
16,JAM2,Pool,brain_putamen_basal_ganglia,41.087846466068335,9.871290505848982,205,0.2004285193466748,0.04815263661389747
16,JAM2,Pool,brain_spinal_cord_cervical_c-1,28.151325367630797,15.831661381840375,159,0.17705236080270942,0.09957019737006526
16,JAM2,STL,brain_amygdala,46.33259283621774,13.292636201681487,152,0.30481968971195883,0.08745155395843084
16,JAM2,STL,brain_anterior_cingulate_cortex_ba24,99.88738146556472,16.632707170638206,176,0.567541940145254,0.09450401801498981
16,JAM2,STL,brain_caudate_basal_ganglia,57.74060428088134,14.041651220603768,246,0.23471790358081845,0.05707988301058442
16,JAM2,STL,brain_cerebellar_hemisphere,27.372133507483404,7.838981689581344,215,0.12731224887201584,0.03646037995154113
16,JAM2,STL,brain_cerebellum,60.60329371976398,13.623225655136629,241,0.25146594904466385,0.0565279072827246
16,JAM2,STL,brain_cortex,114.71295613837569,21.32184512425259,255,0.44985472995441445,0.0836150789186376
16,JAM2,STL,brain_frontal_cortex_ba9,102.04225627048284,16.033407792456483,209,0.4882404606243198,0.07671486982036595
16,JAM2,STL,brain_hypothalamus,70.08975519099967,20.671294243977904,202,0.34697898609405775,0.10233313982167279
16,JAM2,STL,brain_nucleus_accumbens_basal_ganglia,84.16765661009607,24.255061025664908,246,0.34214494556949626,0.09859780904741833
16,JAM2,STL,brain_putamen_basal_ganglia,40.303813851649466,9.634796427728856,205,0.19660397000804616,0.04699900696453101
16,JAM2,STL,brain_spinal_cord_cervical_c-1,29.165614154661085,16.394925890463824,159,0.1834315355639062,0.10311274144945802
16,SH2D2A,ARMUL,brain_amygdala,176.9406249515538,14.11333919284427,152,1.1640830588918012,0.09285091574239651
16,SH2D2A,ARMUL,brain_anterior_cingulate_cortex_ba24,189.01521004690332,13.998797174644126,176,1.073950057084678,0.079538620310478
16,SH2D2A,ARMUL,brain_caudate_basal_ganglia,143.27091618521496,12.834936173009126,246,0.5824020983138819,0.05217453728865498
16,SH2D2A,ARMUL,brain_cerebellar_hemisphere,151.6376450884402,4.443284715853823,215,0.705291372504373,0.02066644053885499
16,SH2D2A,ARMUL,brain_cerebellum,113.75385463504632,7.059513862314924,241,0.47200769558110506,0.02929258864031089
16,SH2D2A,ARMUL,brain_cortex,125.91404750258133,11.586695149071517,255,0.4937805784414954,0.04543802019243732
16,SH2D2A,ARMUL,brain_frontal_cortex_ba9,96.73545572738715,9.585574586095074,209,0.46284907046596724,0.045863993234904664
16,SH2D2A,ARMUL,brain_hypothalamus,129.57576535067045,14.830982077480172,202,0.6414641849043091,0.07342070335386224
16,SH2D2A,ARMUL,brain_nucleus_accumbens_basal_ganglia,140.49834405042841,10.35495163223124,246,0.5711314798797903,0.04209329931801317
16,SH2D2A,ARMUL,brain_putamen_basal_ganglia,107.69374984457681,9.866508587884631,205,0.5253353650954966,0.04812931018480308
16,SH2D2A,ARMUL,brain_spinal_cord_cervical_c-1,87.64417608145843,14.642391224453743,159,0.5512212332167197,0.09209051084562102
16,SH2D2A,COVER,brain_amygdala,188.20021159492023,14.799538154699832,152,1.2381592868086857,0.09736538259670942
16,SH2D2A,COVER,brain_anterior_cingulate_cortex_ba24,202.71961785688796,14.94342461034391,176,1.1518160105504998,0.08490582164968132
16,SH2D2A,COVER,brain_caudate_basal_ganglia,152.12447211855675,13.608726174174024,246,0.618392163083564,0.05532002509826839
16,SH2D2A,COVER,brain_cerebellar_hemisphere,172.6906536481462,4.966279914965664,215,0.8032123425495172,0.023098976348677507
16,SH2D2A,COVER,brain_cerebellum,129.19333300693057,8.041176574938095,241,0.5360719211905833,0.03336587790430745
16,SH2D2A,COVER,brain_cortex,125.85343725724886,11.537962946788458,255,0.49354289120489747,0.045246913516817484
16,SH2D2A,COVER,brain_frontal_cortex_ba9,101.92357136703261,10.047065368885225,209,0.4876725902728833,0.048072083104713996
16,SH2D2A,COVER,brain_hypothalamus,135.59365635775092,15.46738671081177,202,0.6712557245433214,0.07657122134065232
16,SH2D2A,COVER,brain_nucleus_accumbens_basal_ganglia,143.15054528100865,10.562107292770246,246,0.5819127856951571,0.04293539549906604
16,SH2D2A,COVER,brain_putamen_basal_ganglia,107.41514626668598,9.839904261735168,205,0.5239763232521267,0.047999532984073986
16,SH2D2A,COVER,brain_spinal_cord_cervical_c-1,88.0033069773128,14.755994063159013,159,0.5534799180963069,0.09280499410791833
16,SH2D2A,FLARCC,brain_amygdala,183.32754281893926,14.545516479554344,152,1.2061022553877583,0.09569418736548911
16,SH2D2A,FLARCC,brain_anterior_cingulate_cortex_ba24,198.52621717610097,14.81439608702096,176,1.1279898703187554,0.08417270503989181
16,SH2D2A,FLARCC,brain_caudate_basal_ganglia,148.46974260966647,13.289689155457014,246,0.6035355390636848,0.05402312664819924
16,SH2D2A,FLARCC,brain_cerebellar_hemisphere,144.3296346694118,4.249095478275807,215,0.6713006263693572,0.019763234782678173
16,SH2D2A,FLARCC,brain_cerebellum,116.13731203780259,7.2067074970350475,241,0.4818975603228323,0.02990335061010393
16,SH2D2A,FLARCC,brain_cortex,123.91605194590011,11.376563172797045,255,0.4859453017486279,0.04461397322665508
16,SH2D2A,FLARCC,brain_frontal_cortex_ba9,103.77838014824519,10.172931931364339,209,0.49654727343657984,0.04867431546107339
16,SH2D2A,FLARCC,brain_hypothalamus,130.00702709891013,14.942213675736772,202,0.6435991440540105,0.07397135483038006
16,SH2D2A,FLARCC,brain_nucleus_accumbens_basal_ganglia,143.5027302388287,10.508648551472646,246,0.5833444318651573,0.042718083542571735
16,SH2D2A,FLARCC,brain_putamen_basal_ganglia,107.35256384302517,9.795683395410313,205,0.5236710431367081,0.047783821441025914
16,SH2D2A,FLARCC,brain_spinal_cord_cervical_c-1,89.6082420685837,14.961887494978008,159,0.5635738494879479,0.09409992135206294
16,SH2D2A,HPS,brain_amygdala,187.73962427505438,14.655287035966047,152,1.2351291070727262,0.09641636207872399
16,SH2D2A,HPS,brain_anterior_cingulate_cortex_ba24,209.27500237034974,15.332874042268372,176,1.1890625134678963,0.08711860251288849
16,SH2D2A,HPS,brain_caudate_basal_ganglia,151.52226671569287,13.555656343685264,246,0.6159441736410279,0.0551042940800214
16,SH2D2A,HPS,brain_cerebellar_hemisphere,173.79472879477893,5.01260714732157,215,0.8083475757896694,0.023314451848007303
16,SH2D2A,HPS,brain_cerebellum,128.68052387018778,7.999535477912457,241,0.533944082448912,0.033193093269346295
16,SH2D2A,HPS,brain_cortex,126.77339898016895,11.629516552206663,255,0.49715058423595665,0.04560594726355554
16,SH2D2A,HPS,brain_frontal_cortex_ba9,102.11128719825616,10.052975961586299,209,0.48857075214476636,0.04810036345256602
16,SH2D2A,HPS,brain_hypothalamus,136.8686145440717,15.643633702810417,202,0.6775673987330283,0.07744373120203177
16,SH2D2A,HPS,brain_nucleus_accumbens_basal_ganglia,143.70761943854362,10.606458190623002,246,0.5841773147908277,0.04311568370171952
16,SH2D2A,HPS,brain_putamen_basal_ganglia,111.16205508093557,10.214143871264248,205,0.542253927224076,0.049825092054947555
16,SH2D2A,HPS,brain_spinal_cord_cervical_c-1,90.92332038058592,15.181119906634416,159,0.571844782267836,0.09547874155115985
16,SH2D2A,MMoE,brain_amygdala,210.7113890266861,16.23712744386075,152,1.3862591383334613,0.10682320686750493
16,SH2D2A,MMoE,brain_anterior_cingulate_cortex_ba24,191.5360210924686,14.446695413401521,176,1.0882728471162988,0.0820834966670541
16,SH2D2A,MMoE,brain_caudate_basal_ganglia,166.11929667495917,14.870976655366857,246,0.6752816938006471,0.06045112461531243
16,SH2D2A,MMoE,brain_cerebellar_hemisphere,167.64115143998254,4.87501759393524,215,0.7797262857673606,0.022674500436908093
16,SH2D2A,MMoE,brain_cerebellum,129.89597471456005,8.071722073615422,241,0.538987446948382,0.033492622712097186
16,SH2D2A,MMoE,brain_cortex,121.02770366518796,11.164168188383718,255,0.4746184457458351,0.04378105171915184
16,SH2D2A,MMoE,brain_frontal_cortex_ba9,94.05585934893973,9.492132352673664,209,0.4500280351623911,0.045416901208964904
16,SH2D2A,MMoE,brain_hypothalamus,143.5743526957731,17.213046912563513,202,0.7107641222563024,0.08521310352754215
16,SH2D2A,MMoE,brain_nucleus_accumbens_basal_ganglia,169.63372776295233,12.585205766921336,246,0.6895679990363915,0.05115937303626559
16,SH2D2A,MMoE,brain_putamen_basal_ganglia,101.40235078880335,9.256192230445244,205,0.4946456136039188,0.045152157221684114
16,SH2D2A,MMoE,brain_spinal_cord_cervical_c-1,100.87937273618442,16.883593614162333,159,0.6344614637495876,0.10618612335951153
16,SH2D2A,Pool,brain_amygdala,171.25072775203918,13.640983359656795,152,1.1266495246844683,0.08974331157668944
16,SH2D2A,Pool,brain_anterior_cingulate_cortex_ba24,162.9353376797162,12.613140624360147,176,0.9257689640892967,0.07166557172931902
16,SH2D2A,Pool,brain_caudate_basal_ganglia,154.07472691441623,13.763531227386313,246,0.6263200281073831,0.05594931393246469
16,SH2D2A,Pool,brain_cerebellar_hemisphere,136.24103109971173,4.021582730259229,215,0.6336792144172638,0.018705035954694086
16,SH2D2A,Pool,brain_cerebellum,111.86969635975156,6.933029619445161,241,0.46418961145125126,0.028767757757033864
16,SH2D2A,Pool,brain_cortex,125.13417356986153,11.511420325214509,255,0.4907222492935746,0.04514282480476278
16,SH2D2A,Pool,brain_frontal_cortex_ba9,99.63394223749735,9.91365826936028,209,0.47671742697367153,0.0474337716237334
16,SH2D2A,Pool,brain_hypothalamus,120.75421837488818,14.457889229110458,202,0.5977931602717237,0.07157370905500227
16,SH2D2A,Pool,brain_nucleus_accumbens_basal_ganglia,157.98198668157133,11.507264868773602,246,0.6422031978925664,0.046777499466559354
16,SH2D2A,Pool,brain_putamen_basal_ganglia,114.2338733332416,10.30842510406183,205,0.5572384065036176,0.050285000507618687
16,SH2D2A,Pool,brain_spinal_cord_cervical_c-1,96.96460823551402,16.200281974952375,159,0.6098403033680128,0.10188856588020362
16,SH2D2A,STL,brain_amygdala,198.67108420864406,15.343939681979526,152,1.3070466066358162,0.10094697159197057
16,SH2D2A,STL,brain_anterior_cingulate_cortex_ba24,240.63920102790004,18.050719772110803,176,1.3672681876585229,0.10256090779608411
16,SH2D2A,STL,brain_caudate_basal_ganglia,171.58371765052863,15.372310578351719,246,0.6974947871972709,0.062489067391673654
16,SH2D2A,STL,brain_cerebellar_hemisphere,170.9471292342312,4.94210409778864,215,0.7951029266708428,0.022986530687389022
16,SH2D2A,STL,brain_cerebellum,123.12415188962427,7.598704446265263,241,0.5108885970523829,0.031529893967905655
16,SH2D2A,STL,brain_cortex,126.55922716492596,11.711853334935117,255,0.4963106947644155,0.045928836607588695
16,SH2D2A,STL,brain_frontal_cortex_ba9,110.77604495674454,10.97727743483839,209,0.5300289232380122,0.052522858539896605
16,SH2D2A,STL,brain_hypothalamus,147.21938892953128,17.053604770845627,202,0.7288088560867885,0.08442378599428528
16,SH2D2A,STL,brain_nucleus_accumbens_basal_ganglia,168.9033736251214,12.560246939087966,246,0.6865990797769163,0.051057914386536445
16,SH2D2A,STL,brain_putamen_basal_ganglia,119.29107715513933,10.85037243778913,205,0.581907693439704,0.052928646037995755
16,SH2D2A,STL,brain_spinal_cord_cervical_c-1,98.4508059528254,16.462384983166828,159,0.6191874588228012,0.10353701247274735
17,JAM2,ARMUL,brain_amygdala,37.153159462759284,10.479960298140425,152,0.24442868067604792,0.06894710722460806
17,JAM2,ARMUL,brain_anterior_cingulate_cortex_ba24,78.42255491024241,12.905187790936695,176,0.44558269835365005,0.07332493063032214
17,JAM2,ARMUL,brain_caudate_basal_ganglia,53.36843359929952,12.932295987749061,246,0.21694485202967284,0.05257030889328887
17,JAM2,ARMUL,brain_cerebellar_hemisphere,24.508599255335493,7.209980010870718,215,0.11399348490853718,0.0335347907482359
17,JAM2,ARMUL,brain_cerebellum,54.85145094576651,11.987597389773487,241,0.22759938151770334,0.04974106800735887
17,JAM2,ARMUL,brain_cortex,115.76036792142492,18.18679401038367,255,0.4539622271428428,0.07132076082503401
17,JAM2,ARMUL,brain_frontal_cortex_ba9,92.70770501455335,14.329922464232773,209,0.44357753595480076,0.06856422231690322
17,JAM2,ARMUL,brain_hypothalamus,63.059966596280766,18.30717574378509,202,0.3121780524568355,0.0906295828900252
17,JAM2,ARMUL,brain_nucleus_accumbens_basal_ganglia,67.60086638194926,19.796198309912775,246,0.2748002698453222,0.08047235085330397
17,JAM2,ARMUL,brain_putamen_basal_ganglia,42.89204939940556,10.048522238902915,205,0.20922950926539297,0.04901718165318495
17,JAM2,ARMUL,brain_spinal_cord_cervical_c-1,27.180558719695355,15.086734551605545,159,0.17094691018676325,0.09488512296607261
17,JAM2,COVER,brain_amygdala,39.2394270372625,11.071077512927166,152,0.258154125245148,0.07283603626925768
17,JAM2,COVER,brain_anterior_cingulate_cortex_ba24,78.14912639948663,12.87948498343513,176,0.4440291272698104,0.07317889195133596
17,JAM2,COVER,brain_caudate_basal_ganglia,55.32176564170916,13.31540991787056,246,0.2248852261858096,0.05412768259296976
17,JAM2,COVER,brain_cerebellar_hemisphere,27.16884289889684,7.978786095600359,215,0.12636671115765974,0.03711063300279237
17,JAM2,COVER,brain_cerebellum,54.684532803292996,11.975542872348928,241,0.22690677511739832,0.049691049262858625
17,JAM2,COVER,brain_cortex,120.32725326698005,18.794685620898054,255,0.47187158143913743,0.07370464949371786
17,JAM2,COVER,brain_frontal_cortex_ba9,92.98958988214316,14.365662566985414,209,0.4449262673786754,0.06873522759323164
17,JAM2,COVER,brain_hypothalamus,65.1648280521642,18.922392842160484,202,0.3225981586740802,0.09367521208990338
17,JAM2,COVER,brain_nucleus_accumbens_basal_ganglia,68.89144083199199,20.13082794933318,246,0.2800465074471219,0.08183263394037879
17,JAM2,COVER,brain_putamen_basal_ganglia,45.98835055488976,10.797960140783683,205,0.22433341734092568,0.052672976296505775
17,JAM2,COVER,brain_spinal_cord_cervical_c-1,29.464799816040834,16.335436705936957,159,0.1853132063901939,0.10273859563482363
17,JAM2,FLARCC,brain_amygdala,39.41703105735557,11.120809170968252,152,0.25932257274576037,0.0731632182300543
17,JAM2,FLARCC,brain_anterior_cingulate_cortex_ba24,79.30112422289943,12.98384511020514,176,0.4505745694482922,0.07377184721707465
17,JAM2,FLARCC,brain_caudate_basal_ganglia,51.6196179397926,12.554979359067456,246,0.20983584528370974,0.0510365014596238
17,JAM2,FLARCC,brain_cerebellar_hemisphere,24.677591448107172,7.247085453801479,215,0.11477949510747522,0.03370737420372781
17,JAM2,FLARCC,brain_cerebellum,55.6011935847254,12.136968256756758,241,0.23071034682458672,0.050360864135920155
17,JAM2,FLARCC,brain_cortex,122.27666842849104,19.21492610466276,255,0.4795163467783962,0.07535265139083434
17,JAM2,FLARCC,brain_frontal_cortex_ba9,94.15215270286777,14.586517065930375,209,0.4504887689132429,0.06979194768387739
17,JAM2,FLARCC,brain_hypothalamus,66.43043207962647,19.268995829611328,202,0.32886352514666567,0.09539106846342241
17,JAM2,FLARCC,brain_nucleus_accumbens_basal_ganglia,71.19901378117726,20.84329392828455,246,0.28942688528933846,0.08472883710684775
17,JAM2,FLARCC,brain_putamen_basal_ganglia,45.699513747173896,10.701559511410961,205,0.2229244573032873,0.05220272932395591
17,JAM2,FLARCC,brain_spinal_cord_cervical_c-1,28.388424791059983,15.71171771774901,159,0.17854355214503134,0.09881583470282397
17,JAM2,HPS,brain_amygdala,38.23132461941918,10.783721404629564,152,0.25152187249617886,0.07094553555677345
17,JAM2,HPS,brain_anterior_cingulate_cortex_ba24,83.31809327814871,13.696340007700563,176,0.4733982572622086,0.07782011368011683
17,JAM2,HPS,brain_caudate_basal_ganglia,50.680152652554405,12.268050246930814,246,0.20601688070144067,0.04987012295500331
17,JAM2,HPS,brain_cerebellar_hemisphere,26.591855254620903,7.805283651097526,215,0.12368304769591118,0.036303644888825704
17,JAM2,HPS,brain_cerebellum,58.14926843606284,12.741196337879884,241,0.24128327151893295,0.05286803459701197
17,JAM2,HPS,brain_cortex,118.72267735859998,18.658018427841697,255,0.4655791268964705,0.07316869971702626
17,JAM2,HPS,brain_frontal_cortex_ba9,92.68202884424123,14.352927777735678,209,0.44345468346526906,0.06867429558725205
17,JAM2,HPS,brain_hypothalamus,65.60230460697767,19.023416948708373,202,0.32476388419295876,0.09417533142924937
17,JAM2,HPS,brain_nucleus_accumbens_basal_ganglia,70.28185649642569,20.47876961730352,246,0.28569860364400684,0.08324703096464846
17,JAM2,HPS,brain_putamen_basal_ganglia,44.36343273182159,10.373058560750218,205,0.21640698893571508,0.05060028566219619
17,JAM2,HPS,brain_spinal_cord_cervical_c-1,27.460904944450704,15.124158053950856,159,0.172710093990256,0.0951204909053513
17,JAM2,MMoE,brain_amygdala,47.07298144090714,13.216042180430328,152,0.3096906673743891,0.08694764592388374
17,JAM2,MMoE,brain_anterior_cingulate_cortex_ba24,83.55194752565352,13.687216817419177,176,0.4747269745775768,0.07776827737169988
17,JAM2,MMoE,brain_caudate_basal_ganglia,54.562889150044555,13.091721148762192,246,0.2218003623985551,0.053218378653504844
17,JAM2,MMoE,brain_cerebellar_hemisphere,27.375954348741935,8.05204648029177,215,0.12733002022670667,0.03745137897810125
17,JAM2,MMoE,brain_cerebellum,60.5147312396041,13.261248300706173,241,0.25109846987387596,0.055025926558946774
17,JAM2,MMoE,brain_cortex,120.00544408771073,18.921503714378773,255,0.47060958465768915,0.07420197535050499
17,JAM2,MMoE,brain_frontal_cortex_ba9,113.51142774261581,17.45606156604598,209,0.5431168791512718,0.08352182567486116
17,JAM2,MMoE,brain_hypothalamus,69.51149370975816,20.014658710633615,202,0.34411630549385225,0.09908246886452285
17,JAM2,MMoE,brain_nucleus_accumbens_basal_ganglia,77.92458171246928,22.67319166096701,246,0.31676659232711085,0.09216744577628866
17,JAM2,MMoE,brain_putamen_basal_ganglia,48.0620295012684,11.202401329204724,205,0.23444892439643122,0.05464586014246207
17,JAM2,MMoE,brain_spinal_cord_cervical_c-1,27.037591488431797,14.917933398471012,159,0.17004774521026286,0.09382348049352839
17,JAM2,Pool,brain_amygdala,51.21970602171066,14.426783723713195,152,0.33697175014283326,0.0949130508139026
17,JAM2,Pool,brain_anterior_cingulate_cortex_ba24,88.44408369618552,14.509203143255645,176,0.5025232028192359,0.08243865422304343
17,JAM2,Pool,brain_caudate_basal_ganglia,63.362631324176355,15.162851860860673,246,0.2575716720494974,0.06163760919049054
17,JAM2,Pool,brain_cerebellar_hemisphere,37.94332196323316,11.08985486944927,215,0.1764805672708519,0.051580720323019864
17,JAM2,Pool,brain_cerebellum,62.199148127666206,13.731794048163692,241,0.2580877515670797,0.056978398540098306
17,JAM2,Pool,brain_cortex,130.22957875573312,20.16761884043343,255,0.5107042304146396,0.07908870133503305
17,JAM2,Pool,brain_frontal_cortex_ba9,99.78519812469669,15.414144929973833,209,0.47744113935261573,0.07375188961709968
17,JAM2,Pool,brain_hypothalamus,68.89143822984032,19.97859108100219,202,0.3410467239101006,0.0989039162425851
17,JAM2,Pool,brain_nucleus_accumbens_basal_ganglia,68.66648776349672,20.031389487649342,246,0.27913206407925495,0.0814284125514201
17,JAM2,Pool,brain_putamen_basal_ganglia,48.88990644520878,11.416026666688648,205,0.23848734851321357,0.05568793495945682
17,JAM2,Pool,brain_spinal_cord_cervical_c-1,31.956199832515154,17.667850850444133,159,0.2009823888837431,0.11111855880782473
17,JAM2,STL,brain_amygdala,54.67060376350765,15.34199272426364,152,0.35967502475991875,0.10093416265962922
17,JAM2,STL,brain_anterior_cingulate_cortex_ba24,94.94473273963679,15.631934806460617,176,0.5394587087479363,0.0888178114003444
17,JAM2,STL,brain_caudate_basal_ganglia,63.2795751833845,15.20358110562367,246,0.2572340454609126,0.06180317522611248
17,JAM2,STL,brain_cerebellar_hemisphere,30.446802285413185,8.903051916356084,215,0.14161303388564273,0.04140954379700504
17,JAM2,STL,brain_cerebellum,65.58519523607684,14.277691477468899,241,0.27213773956878357,0.0592435331015307
17,JAM2,STL,brain_cortex,125.68301256966086,19.689955842865782,255,0.49287455909670924,0.07721551310927757
17,JAM2,STL,brain_frontal_cortex_ba9,121.17810323889458,18.627758938280998,209,0.5797995370282037,0.08912803319751673
17,JAM2,STL,brain_hypothalamus,77.70111904354764,22.452254622021798,202,0.38465900516607743,0.11114977535654355
17,JAM2,STL,brain_nucleus_accumbens_basal_ganglia,83.69637476869346,24.544258984759118,246,0.34022916572639617,0.09977341050715088
17,JAM2,STL,brain_putamen_basal_ganglia,47.795203055771104,11.251065639202466,205,0.23314733197937124,0.054883247020499834
17,JAM2,STL,brain_spinal_cord_cervical_c-1,29.09718154248949,15.74606046725296,159,0.18300114177666346,0.09903182683806892
17,SH2D2A,ARMUL,brain_amygdala,231.04148422639537,15.068428732679575,152,1.520009764647338,0.09913439955710246
17,SH2D2A,ARMUL,brain_anterior_cingulate_cortex_ba24,197.23710208334856,13.275677386526084,176,1.1206653527462986,0.07542998515071639
17,SH2D2A,ARMUL,brain_caudate_basal_ganglia,163.0469532448982,14.026636999662134,246,0.6627924928654398,0.0570188495921225
17,SH2D2A,ARMUL,brain_cerebellar_hemisphere,147.79031796743803,4.434309122731115,215,0.6873968277555257,0.020624693594098208
17,SH2D2A,ARMUL,brain_cerebellum,119.48869108620381,7.311880802220839,241,0.49580369745312786,0.03033975436606157
17,SH2D2A,ARMUL,brain_cortex,132.49895350357738,11.698896257220463,255,0.5196037392297153,0.04587802453811946
17,SH2D2A,ARMUL,brain_frontal_cortex_ba9,93.75887215033384,9.196982321036552,209,0.4486070437815016,0.04400470010065336
17,SH2D2A,ARMUL,brain_hypothalamus,154.16281468126655,15.392477863320266,202,0.7631822508973591,0.07620038546198152
17,SH2D2A,ARMUL,brain_nucleus_accumbens_basal_ganglia,181.67516976476384,11.650442563341011,246,0.7385169502632676,0.047359522615207365
17,SH2D2A,ARMUL,brain_putamen_basal_ganglia,116.35554129183625,10.000177990432851,205,0.5675880063016402,0.048781356050891955
17,SH2D2A,ARMUL,brain_spinal_cord_cervical_c-1,106.00593706013262,17.74077389306389,159,0.6667040066675007,0.1115771942959993
17,SH2D2A,COVER,brain_amygdala,224.53479685366747,14.931655563345652,152,1.4772026108793912,0.09823457607464245
17,SH2D2A,COVER,brain_anterior_cingulate_cortex_ba24,195.32164402919435,13.201577019522059,176,1.109782068347695,0.07500896033819351
17,SH2D2A,COVER,brain_caudate_basal_ganglia,144.15068308176092,12.571371095409058,246,0.5859783865112232,0.051103134534183164
17,SH2D2A,COVER,brain_cerebellar_hemisphere,141.26199317469386,4.266176869899015,215,0.657032526393925,0.019842683115809372
17,SH2D2A,COVER,brain_cerebellum,118.87271014704952,7.317357949983836,241,0.4932477599462636,0.030362481120264878
17,SH2D2A,COVER,brain_cortex,131.1820530259765,11.654708613220427,255,0.5144394236312804,0.04570473965968795
17,SH2D2A,COVER,brain_frontal_cortex_ba9,99.38079185344215,9.642827553560233,209,0.4755061811169481,0.046137930878278624
17,SH2D2A,COVER,brain_hypothalamus,147.6788061058349,14.997788006704944,202,0.7310831985437372,0.07424647528071754
17,SH2D2A,COVER,brain_nucleus_accumbens_basal_ganglia,176.74507904292008,11.473290265976253,246,0.7184759310687808,0.04663939132510672
17,SH2D2A,COVER,brain_putamen_basal_ganglia,107.44308735180121,9.260564148161336,205,0.5241126212282986,0.04517348364956749
17,SH2D2A,COVER,brain_spinal_cord_cervical_c-1,95.59479763983137,16.07211155116304,159,0.6012251423888766,0.10108246258593107
17,SH2D2A,FLARCC,brain_amygdala,234.78812845183157,15.078129705713895,152,1.5446587398146814,0.09919822174811772
17,SH2D2A,FLARCC,brain_anterior_cingulate_cortex_ba24,207.09882450474328,13.977378601139627,176,1.1766978665042231,0.07941692387011151
17,SH2D2A,FLARCC,brain_caudate_basal_ganglia,146.82976894340734,12.794087885805464,246,0.5968689794447453,0.052008487340672614
17,SH2D2A,FLARCC,brain_cerebellar_hemisphere,149.7074267148976,4.482597005757845,215,0.6963136126274306,0.0208492883988737
17,SH2D2A,FLARCC,brain_cerebellum,124.89834467003948,7.669646105823654,241,0.5182503928217406,0.03182425770051309
17,SH2D2A,FLARCC,brain_cortex,129.62601765175134,11.481211509095509,255,0.508337324124515,0.045024358859198074
17,SH2D2A,FLARCC,brain_frontal_cortex_ba9,97.33078746918085,9.461953483018911,209,0.4656975476994299,0.04527250470343977
17,SH2D2A,FLARCC,brain_hypothalamus,163.33231470018916,16.245090694198122,202,0.808575815347471,0.08042124106038674
17,SH2D2A,FLARCC,brain_nucleus_accumbens_basal_ganglia,177.78604264319543,11.480700786175744,246,0.7227074904194937,0.04666951539095831
17,SH2D2A,FLARCC,brain_putamen_basal_ganglia,108.21078542277165,9.396193722833024,205,0.5278574898671787,0.0458350913308928
17,SH2D2A,FLARCC,brain_spinal_cord_cervical_c-1,102.23778949645201,17.177277270476598,159,0.6430049653864907,0.10803319038035596
17,SH2D2A,HPS,brain_amygdala,223.3485062073573,14.7318776155793,152,1.4693980671536664,0.09692024747091645
17,SH2D2A,HPS,brain_anterior_cingulate_cortex_ba24,192.50171945126652,13.12597365187693,176,1.093759769609469,0.07457939574930074
17,SH2D2A,HPS,brain_caudate_basal_ganglia,145.52213434620865,12.67155729840163,246,0.5915533916512546,0.051510395521957845
17,SH2D2A,HPS,brain_cerebellar_hemisphere,142.06612148627875,4.276487512719707,215,0.6607726580757151,0.019890639594045148
17,SH2D2A,HPS,brain_cerebellum,119.84154584646953,7.37668765787714,241,0.4972678250890852,0.03060866248081801
17,SH2D2A,HPS,brain_cortex,132.4420875858865,11.767423350343538,255,0.5193807356309275,0.04614675823664133
17,SH2D2A,HPS,brain_frontal_cortex_ba9,99.86183954628001,9.721184879979303,209,0.4778078447190431,0.04651284631569044
17,SH2D2A,HPS,brain_hypothalamus,149.50466141178487,15.344025120192,202,0.7401220861969547,0.0759605203969901
17,SH2D2A,HPS,brain_nucleus_accumbens_basal_ganglia,173.75141435116078,11.237633613117385,246,0.7063065624030925,0.045681437451696685
17,SH2D2A,HPS,brain_putamen_basal_ganglia,114.26937057429794,9.919124511691018,205,0.5574115637770631,0.048385973227761066
17,SH2D2A,HPS,brain_spinal_cord_cervical_c-1,91.58269284842368,15.422641751847214,159,0.5759917789209036,0.09699774686696361
17,SH2D2A,MMoE,brain_amygdala,246.27551840554617,15.795427426709512,152,1.6202336737206984,0.10391728570203626
17,SH2D2A,MMoE,brain_anterior_cingulate_cortex_ba24,317.0041854078604,20.160478881467036,176,1.801160144362843,0.11454817546288089
17,SH2D2A,MMoE,brain_caudate_basal_ganglia,163.79151520717505,14.40903183076303,246,0.6658191675088416,0.05857330012505297
17,SH2D2A,MMoE,brain_cerebellar_hemisphere,149.99679930953215,4.509848801821127,215,0.6976595316722426,0.020976040938702915
17,SH2D2A,MMoE,brain_cerebellum,121.08734977291942,7.433027533478359,241,0.5024371359872175,0.030842437898250454
17,SH2D2A,MMoE,brain_cortex,140.6190523830931,12.450716831403522,255,0.551447264247424,0.04882634051530793
17,SH2D2A,MMoE,brain_frontal_cortex_ba9,106.68624834845718,10.145653238219047,209,0.5104605184136707,0.04854379539817726
17,SH2D2A,MMoE,brain_hypothalamus,172.59601458311198,17.07378471360383,202,0.85443571575798,0.08452368670100906
17,SH2D2A,MMoE,brain_nucleus_accumbens_basal_ganglia,176.61978053604136,11.465464326143188,246,0.7179665875448836,0.04660757856155767
17,SH2D2A,MMoE,brain_putamen_basal_ganglia,110.48555164587376,9.80594106414321,205,0.5389539104676768,0.04783385884947908
17,SH2D2A,MMoE,brain_spinal_cord_cervical_c-1,92.8417027619316,15.460482324730707,159,0.5839100802637207,0.09723573789138809
17,SH2D2A,Pool,brain_amygdala,213.54000055186557,14.080641597197488,152,1.404868424683326,0.09263579998156242
17,SH2D2A,Pool,brain_anterior_cingulate_cortex_ba24,190.17455809501192,12.987243313552819,176,1.0805372619034768,0.07379115519064101
17,SH2D2A,Pool,brain_caudate_basal_ganglia,148.3357189702108,12.837851619844663,246,0.6029907275211821,0.05218638869855554
17,SH2D2A,Pool,brain_cerebellar_hemisphere,136.9271478617219,4.185142647139756,215,0.6368704551707995,0.0194657797541384
17,SH2D2A,Pool,brain_cerebellum,117.66211962511221,7.244653367332669,241,0.4882245627598017,0.030060802354077463
17,SH2D2A,Pool,brain_cortex,133.42983092399916,11.784382444736673,255,0.5232542389176438,0.04621326448916342
17,SH2D2A,Pool,brain_frontal_cortex_ba9,93.1449195781306,8.965465515080872,209,0.44566947166569665,0.04289696418698982
17,SH2D2A,Pool,brain_hypothalamus,130.46022205369883,13.482096345425107,202,0.6458426834341526,0.06674305121497578
17,SH2D2A,Pool,brain_nucleus_accumbens_basal_ganglia,190.50870481516668,12.103939541275254,246,0.7744256293299459,0.049203006265346565
17,SH2D2A,Pool,brain_putamen_basal_ganglia,110.77507535687731,9.529169071565756,205,0.54036622125306,0.046483751568613445
17,SH2D2A,Pool,brain_spinal_cord_cervical_c-1,99.3110725656339,16.66738223073837,159,0.6245979406643642,0.10482630333797716
17,SH2D2A,STL,brain_amygdala,286.0302028471066,18.435744804556634,152,1.8817776503099117,0.12128779476681996
17,SH2D2A,STL,brain_anterior_cingulate_cortex_ba24,297.5163449929525,19.142675261419694,176,1.6904337783690482,0.10876520034897554
17,SH2D2A,STL,brain_caudate_basal_ganglia,164.23736742522476,14.436885640719382,246,0.6676315748992876,0.058686526994794236
17,SH2D2A,STL,brain_cerebellar_hemisphere,160.16655957822564,4.702737447464043,215,0.7449607422243053,0.021873197430065314
17,SH2D2A,STL,brain_cerebellum,123.91330930314962,7.591578595128544,241,0.5141631091416996,0.03150032612086533
17,SH2D2A,STL,brain_cortex,153.66337630226874,13.416961914906622,255,0.6026014756951715,0.05261553692120244
17,SH2D2A,STL,brain_frontal_cortex_ba9,108.57875801171109,10.354292255885923,209,0.5195155885727804,0.04954206820998049
17,SH2D2A,STL,brain_hypothalamus,169.4675121429279,17.57910438271482,202,0.8389480799154846,0.0870252692213605
17,SH2D2A,STL,brain_nucleus_accumbens_basal_ganglia,187.08664878989322,12.093823591155195,246,0.7605148324792407,0.04916188451689103
17,SH2D2A,STL,brain_putamen_basal_ganglia,105.98841823719005,9.38418251894943,205,0.5170166743277563,0.045776500092436244
17,SH2D2A,STL,brain_spinal_cord_cervical_c-1,98.91142759543504,16.66446495572552,159,0.622084450285755,0.10480795569638693
18,JAM2,ARMUL,brain_amygdala,41.29038122416237,11.879255989633892,152,0.27164724489580505,0.07815299993180191
18,JAM2,ARMUL,brain_anterior_cingulate_cortex_ba24,75.43519681510536,12.52977917564231,176,0.4286090728130986,0.0711919271343313
18,JAM2,ARMUL,brain_caudate_basal_ganglia,50.31206100412425,12.192472134062001,246,0.20452057318749697,0.04956289485391057
18,JAM2,ARMUL,brain_cerebellar_hemisphere,34.33208711969644,10.139246170725196,215,0.15968412613812297,0.04715928451500091
18,JAM2,ARMUL,brain_cerebellum,57.85660299844615,13.377590587176254,241,0.24006889210973506,0.05550867463558612
18,JAM2,ARMUL,brain_cortex,108.29138703540161,19.999138809560215,255,0.42467210602118277,0.07842799533160869
18,JAM2,ARMUL,brain_frontal_cortex_ba9,89.43685489144734,14.044991629101373,209,0.42792753536577677,0.06720091688565251
18,JAM2,ARMUL,brain_hypothalamus,54.12902222656163,15.57959487727134,202,0.2679654565671368,0.07712670731322446
18,JAM2,ARMUL,brain_nucleus_accumbens_basal_ganglia,69.76011615555913,20.689973750837133,246,0.2835777079494274,0.08410558435299648
18,JAM2,ARMUL,brain_putamen_basal_ganglia,38.34145809760441,9.005837967222826,205,0.18703150291514345,0.043930916913282075
18,JAM2,ARMUL,brain_spinal_cord_cervical_c-1,27.940456594031254,15.502207036723746,159,0.1757261421008255,0.09749815746367135
18,JAM2,COVER,brain_amygdala,41.574235715351236,11.938481883591878,152,0.27351470865362654,0.07854264397099919
18,JAM2,COVER,brain_anterior_cingulate_cortex_ba24,78.51788556013965,12.966423232536023,176,0.4461243497735207,0.07367285927577286
18,JAM2,COVER,brain_caudate_basal_ganglia,48.2591077398948,11.70844487004531,246,0.19617523471501952,0.047595304349777684
18,JAM2,COVER,brain_cerebellar_hemisphere,33.380202495350595,9.855981301633772,215,0.15525675579232834,0.04584177349597103
18,JAM2,COVER,brain_cerebellum,57.774965397604426,13.347047131167521,241,0.23973014687802666,0.05538193830359967
18,JAM2,COVER,brain_cortex,109.02093872088284,20.17262514589882,255,0.42753309302306997,0.07910833390548556
18,JAM2,COVER,brain_frontal_cortex_ba9,88.77638135618062,13.968713040625211,209,0.42476737490995514,0.06683594756280005
18,JAM2,COVER,brain_hypothalamus,54.48069036519198,15.691271293662513,202,0.269706387946495,0.07767956085971542
18,JAM2,COVER,brain_nucleus_accumbens_basal_ganglia,68.64175618348753,20.381782687287902,246,0.2790315292011688,0.08285277515157684
18,JAM2,COVER,brain_putamen_basal_ganglia,39.581559412545616,9.285627215450507,205,0.19308077762217374,0.045295742514392716
18,JAM2,COVER,brain_spinal_cord_cervical_c-1,27.465242035064428,15.282732843243826,159,0.1727373712897134,0.09611781662417501
18,JAM2,FLARCC,brain_amygdala,43.544466126016125,12.46267722252301,152,0.28647675082905344,0.08199129751659874
18,JAM2,FLARCC,brain_anterior_cingulate_cortex_ba24,81.23912809275853,13.44649659287901,176,0.46158595507249167,0.07640054882317619
18,JAM2,FLARCC,brain_caudate_basal_ganglia,50.7732773817798,12.305918881441054,246,0.2063954365113,0.05002406049366282
18,JAM2,FLARCC,brain_cerebellar_hemisphere,33.93819983564809,10.029881687175068,215,0.15785209225882835,0.04665061249848869
18,JAM2,FLARCC,brain_cerebellum,55.8358844719377,12.912570036588367,241,0.23168416793335148,0.05357912878252434
18,JAM2,FLARCC,brain_cortex,111.94275526906246,20.662660732176988,255,0.43899119713357826,0.08103004208696858
18,JAM2,FLARCC,brain_frontal_cortex_ba9,94.6953920618856,14.864138359782693,209,0.45308800029610335,0.07112027923341001
18,JAM2,FLARCC,brain_hypothalamus,55.19491566408554,15.884314166083108,202,0.2732421567528987,0.07863521864397578
18,JAM2,FLARCC,brain_nucleus_accumbens_basal_ganglia,71.05216480848155,21.06888618953684,246,0.28882993824585995,0.08564587881925545
18,JAM2,FLARCC,brain_putamen_basal_ganglia,39.53341670244985,9.257672258150576,205,0.1928459351339017,0.0451593768690272
18,JAM2,FLARCC,brain_spinal_cord_cervical_c-1,28.807380337835088,16.080903278918427,159,0.18117849269078673,0.10113775647118507
18,JAM2,HPS,brain_amygdala,42.90830782156171,12.166820528433805,152,0.2822914988260639,0.08004487189759082
18,JAM2,HPS,brain_anterior_cingulate_cortex_ba24,77.2610403552187,12.778472560651736,176,0.4389831838364699,0.07260495773097576
18,JAM2,HPS,brain_caudate_basal_ganglia,51.0026647870899,12.370312964768077,246,0.2073279056385768,0.05028582506003283
18,JAM2,HPS,brain_cerebellar_hemisphere,31.385792479224552,9.26913245679505,215,0.14598043013592815,0.04311224398509326
18,JAM2,HPS,brain_cerebellum,58.90218265797429,13.60080822437083,241,0.24440739692105515,0.05643488889780428
18,JAM2,HPS,brain_cortex,109.66759732580302,20.22837892686745,255,0.43006900912079615,0.07932697618379392
18,JAM2,HPS,brain_frontal_cortex_ba9,92.07379771405188,14.456067868552392,209,0.4405444866701047,0.06916778884474828
18,JAM2,HPS,brain_hypothalamus,54.66393234204666,15.738424100855749,202,0.2706135264457755,0.07791299059829579
18,JAM2,HPS,brain_nucleus_accumbens_basal_ganglia,72.05916991376948,21.33682628864769,246,0.2929234549340223,0.086735066214015
18,JAM2,HPS,brain_putamen_basal_ganglia,39.23599525308409,9.212140539759753,205,0.19139509879553215,0.04493727092565733
18,JAM2,HPS,brain_spinal_cord_cervical_c-1,28.01382483142312,15.582811466314142,159,0.17618757755612025,0.09800510356172416
18,JAM2,MMoE,brain_amygdala,42.50284247523018,12.366256312996548,152,0.27962396365283015,0.08135694942760886
18,JAM2,MMoE,brain_anterior_cingulate_cortex_ba24,90.5403055833613,15.233698201592281,176,0.5144335544509165,0.08655510341813796
18,JAM2,MMoE,brain_caudate_basal_ganglia,56.79924403494361,13.800391050832362,246,0.23089123591440494,0.056099150613139685
18,JAM2,MMoE,brain_cerebellar_hemisphere,30.917175160578417,9.145168964209677,215,0.14380081470036474,0.04253566960097525
18,JAM2,MMoE,brain_cerebellum,60.2467302923889,13.815883221943443,241,0.24998643274850166,0.057327316273624244
18,JAM2,MMoE,brain_cortex,105.69060341024723,19.396598376007642,255,0.41447295454998917,0.0760650916706182
18,JAM2,MMoE,brain_frontal_cortex_ba9,91.65501221496041,14.4496823119088,209,0.43854072830124596,0.06913723594214737
18,JAM2,MMoE,brain_hypothalamus,73.23522048665617,21.042065308273116,202,0.36255059646859494,0.10416864013996592
18,JAM2,MMoE,brain_nucleus_accumbens_basal_ganglia,74.26446756525209,21.90477820132252,246,0.3018880795335451,0.08904381382651431
18,JAM2,MMoE,brain_putamen_basal_ganglia,48.10615569202726,11.26610943020583,205,0.23466417410745005,0.05495663136685771
18,JAM2,MMoE,brain_spinal_cord_cervical_c-1,24.913149048431947,13.826458698932456,159,0.15668647200271665,0.08695885974171355
18,JAM2,Pool,brain_amygdala,54.40557617298949,15.455208020546896,152,0.3579314221907203,0.10167900013517694
18,JAM2,Pool,brain_anterior_cingulate_cortex_ba24,88.43092427949296,14.762052345312469,176,0.5024484334062099,0.08387529741654812
18,JAM2,Pool,brain_caudate_basal_ganglia,64.06597131048713,15.489972735820364,246,0.260430777684907,0.06296736884479823
18,JAM2,Pool,brain_cerebellar_hemisphere,42.18091573255175,12.416526753281179,215,0.19619030573279886,0.05775128722456362
18,JAM2,Pool,brain_cerebellum,65.69071548397602,15.104658155010563,241,0.2725755829210623,0.06267493010377827
18,JAM2,Pool,brain_cortex,111.42143710262924,20.850446322927684,255,0.4369468121671735,0.08176645616834385
18,JAM2,Pool,brain_frontal_cortex_ba9,95.93717589757844,14.988311341234008,209,0.45902954974917914,0.07171440833126319
18,JAM2,Pool,brain_hypothalamus,59.4339037830632,17.169761450167684,202,0.29422724645080794,0.08499881906023606
18,JAM2,Pool,brain_nucleus_accumbens_basal_ganglia,70.71459152256256,20.807728218037468,246,0.287457689116108,0.0845842610489328
18,JAM2,Pool,brain_putamen_basal_ganglia,49.317082486569284,11.537478065965319,205,0.24057113408082578,0.05628038080958692
18,JAM2,Pool,brain_spinal_cord_cervical_c-1,28.771139585216957,15.981091620970165,159,0.18095056342903748,0.10051001019478091
18,JAM2,STL,brain_amygdala,57.317606465236175,16.169670967656494,152,0.37708951621865905,0.10637941426089799
18,JAM2,STL,brain_anterior_cingulate_cortex_ba24,87.60226571874095,14.620141185243025,176,0.49774014612920997,0.08306898400706264
18,JAM2,STL,brain_caudate_basal_ganglia,63.059456298102184,15.307249527727564,246,0.25633925324431783,0.06222459157612831
18,JAM2,STL,brain_cerebellar_hemisphere,31.74850124361569,9.391117675842407,215,0.14766744764472414,0.04367961709694143
18,JAM2,STL,brain_cerebellum,57.064691761224914,13.06466454090653,241,0.2367829533660785,0.05421022631081548
18,JAM2,STL,brain_cortex,117.81936928100885,21.72502690056379,255,0.4620367422784661,0.08519618392377958
18,JAM2,STL,brain_frontal_cortex_ba9,110.5028964076608,17.333506767722128,209,0.5287219923811521,0.08293543908001018
18,JAM2,STL,brain_hypothalamus,65.947646188682,19.120828656260166,202,0.3264734959835743,0.09465756760524835
18,JAM2,STL,brain_nucleus_accumbens_basal_ganglia,82.15521017546412,24.19431347223581,246,0.3339642690059517,0.0983508677733163
18,JAM2,STL,brain_putamen_basal_ganglia,47.65935325669062,11.274800218775704,205,0.23248465003263719,0.05499902545744246
18,JAM2,STL,brain_spinal_cord_cervical_c-1,28.839232779977582,15.991428850255748,159,0.18137882251558227,0.10057502421544495
18,SH2D2A,ARMUL,brain_amygdala,180.2085884393262,14.827337074925998,152,1.1855828186797777,0.0975482702297763
18,SH2D2A,ARMUL,brain_anterior_cingulate_cortex_ba24,160.99691143150866,12.334832862909494,176,0.9147551785881174,0.07008427763016757
18,SH2D2A,ARMUL,brain_caudate_basal_ganglia,142.13115937939497,12.073415349651048,246,0.5777689405666462,0.049078924185573365
18,SH2D2A,ARMUL,brain_cerebellar_hemisphere,140.62748012075414,4.363561290138035,215,0.6540813028872285,0.02029563390761877
18,SH2D2A,ARMUL,brain_cerebellum,115.0137723968563,7.131244999645677,241,0.4772355701114369,0.029590228214297416
18,SH2D2A,ARMUL,brain_cortex,134.30115088404844,12.432413612881822,255,0.5266711799374448,0.048754563187771854
18,SH2D2A,ARMUL,brain_frontal_cortex_ba9,97.3919507884307,9.896320099176117,209,0.46599019515995554,0.047350813871656065
18,SH2D2A,ARMUL,brain_hypothalamus,127.81007136581879,16.023441995660324,202,0.6327231255733603,0.07932397027554616
18,SH2D2A,ARMUL,brain_nucleus_accumbens_basal_ganglia,153.94890377274623,11.55591862770044,246,0.6258085519217327,0.04697527897439203
18,SH2D2A,ARMUL,brain_putamen_basal_ganglia,111.22548722098475,9.822401438076223,205,0.5425633522974865,0.04791415335646938
18,SH2D2A,ARMUL,brain_spinal_cord_cervical_c-1,91.79890268187303,15.863168618614711,159,0.57735158919417,0.09976835609191642
18,SH2D2A,COVER,brain_amygdala,184.28927659284622,15.126716806183863,152,1.212429451268725,0.09951787372489383
18,SH2D2A,COVER,brain_anterior_cingulate_cortex_ba24,161.41077352067373,12.360203953636415,176,0.9171066677311007,0.07022843155475235
18,SH2D2A,COVER,brain_caudate_basal_ganglia,150.19112565423768,12.849118576198748,246,0.6105330311147873,0.052232189334141255
18,SH2D2A,COVER,brain_cerebellar_hemisphere,142.71211955560133,4.425206604433922,215,0.6637773002586108,0.02058235629969266
18,SH2D2A,COVER,brain_cerebellum,120.15627090425176,7.458594259121322,241,0.49857373819191597,0.030948523896768974
18,SH2D2A,COVER,brain_cortex,139.28210026225977,12.893551354989775,255,0.5462043147539599,0.05056294649015598
18,SH2D2A,COVER,brain_frontal_cortex_ba9,99.98390816617336,10.237043691271595,209,0.47839190510130797,0.04898107029316552
18,SH2D2A,COVER,brain_hypothalamus,126.47676007128526,15.7137653811095,202,0.6261225746103231,0.07779091772826485
18,SH2D2A,COVER,brain_nucleus_accumbens_basal_ganglia,168.15063881730555,12.606330279016488,246,0.6835391821841689,0.05124524503665239
18,SH2D2A,COVER,brain_putamen_basal_ganglia,114.07161369373542,10.043842377163148,205,0.556446896067002,0.04899435305933243
18,SH2D2A,COVER,brain_spinal_cord_cervical_c-1,101.93383622872246,17.50302124774107,159,0.6410933096146066,0.11008189463988095
18,SH2D2A,FLARCC,brain_amygdala,184.2394765130281,14.988374523409814,152,1.2121018191646586,0.09860772712769614
18,SH2D2A,FLARCC,brain_anterior_cingulate_cortex_ba24,163.7020122533056,12.465996689363017,176,0.9301250696210546,0.07082952664410805
18,SH2D2A,FLARCC,brain_caudate_basal_ganglia,145.00948016059104,12.349258365276516,246,0.5894694315471181,0.05020023725722161
18,SH2D2A,FLARCC,brain_cerebellar_hemisphere,140.2318717519244,4.350373111789195,215,0.652241263962439,0.020234293543205557
18,SH2D2A,FLARCC,brain_cerebellum,115.31731815685086,7.158620759891217,241,0.4784950960865181,0.02970382058046148
18,SH2D2A,FLARCC,brain_cortex,138.0935806446737,12.784152083858688,255,0.5415434535085243,0.05013392974062231
18,SH2D2A,FLARCC,brain_frontal_cortex_ba9,99.5369022946763,10.118439482581604,209,0.47625312102715933,0.0484135860410603
18,SH2D2A,FLARCC,brain_hypothalamus,128.92976219690811,16.102211444334415,202,0.6382661494896441,0.07971391804125948
18,SH2D2A,FLARCC,brain_nucleus_accumbens_basal_ganglia,154.71948878841442,11.598990409080717,246,0.628941011335018,0.04715036751658828
18,SH2D2A,FLARCC,brain_putamen_basal_ganglia,114.25715015455523,9.992825014698735,205,0.5573519519734401,0.048745487876579195
18,SH2D2A,FLARCC,brain_spinal_cord_cervical_c-1,94.6138218490829,16.35290666235053,159,0.5950554833275654,0.10284846957453164
18,SH2D2A,HPS,brain_amygdala,181.13677999052493,14.696618525723373,152,1.191689342042927,0.09668827977449587
18,SH2D2A,HPS,brain_anterior_cingulate_cortex_ba24,160.7477854102977,12.22434264255163,176,0.9133396898312369,0.06945649228722517
18,SH2D2A,HPS,brain_caudate_basal_ganglia,149.6012970808614,12.722720807784091,246,0.6081353539872415,0.051718377267415
18,SH2D2A,HPS,brain_cerebellar_hemisphere,142.4757714060492,4.4183646624920705,215,0.6626780065397637,0.020550533313916607
18,SH2D2A,HPS,brain_cerebellum,117.8148825444609,7.316296978174357,241,0.48885843379444355,0.030358078747611438
18,SH2D2A,HPS,brain_cortex,134.43051272868763,12.45420046634883,255,0.5271784812889712,0.04884000182881894
18,SH2D2A,HPS,brain_frontal_cortex_ba9,100.15786949456981,10.241550170196867,209,0.47922425595487944,0.04900263239328644
18,SH2D2A,HPS,brain_hypothalamus,128.09102487782351,16.094104316427497,202,0.6341139845436807,0.07967378374469058
18,SH2D2A,HPS,brain_nucleus_accumbens_basal_ganglia,157.89387102909114,11.878570958559656,246,0.6418450041832974,0.048286873815283154
18,SH2D2A,HPS,brain_putamen_basal_ganglia,119.60358298457018,10.416415289333575,205,0.5834321121198546,0.05081178189918817
18,SH2D2A,HPS,brain_spinal_cord_cervical_c-1,95.37591239697016,16.52564467761026,159,0.5998485056413217,0.10393487218622804
18,SH2D2A,MMoE,brain_amygdala,181.74199844479455,14.278425765734008,152,1.1956710423999641,0.0939370116166711
18,SH2D2A,MMoE,brain_anterior_cingulate_cortex_ba24,199.61562917163474,14.427725568088219,176,1.13417971120247,0.0819757134550467
18,SH2D2A,MMoE,brain_caudate_basal_ganglia,160.83261737495795,13.7515170084119,246,0.6537911275404794,0.055900475643950814
18,SH2D2A,MMoE,brain_cerebellar_hemisphere,154.36900716693123,4.776072511101944,215,0.7179953821717732,0.022214290749311368
18,SH2D2A,MMoE,brain_cerebellum,136.39111388242677,8.502736761750748,241,0.5659382318772895,0.03528106540145539
18,SH2D2A,MMoE,brain_cortex,141.4836378142912,13.100972310629949,255,0.5548377953501615,0.05137636200247039
18,SH2D2A,MMoE,brain_frontal_cortex_ba9,106.71287717561952,10.655943613506084,209,0.5105879290699499,0.05098537614117744
18,SH2D2A,MMoE,brain_hypothalamus,114.82405394360313,14.782751491302658,202,0.5684359106118967,0.07318193807575574
18,SH2D2A,MMoE,brain_nucleus_accumbens_basal_ganglia,169.2833578876503,12.606624956237294,246,0.688143731250611,0.05124644291153371
18,SH2D2A,MMoE,brain_putamen_basal_ganglia,110.62394214319481,9.7294840670651,205,0.5396289860643649,0.04746089788812244
18,SH2D2A,MMoE,brain_spinal_cord_cervical_c-1,91.13159292229906,15.569584823416806,159,0.5731546724672897,0.09792191712840759
18,SH2D2A,Pool,brain_amygdala,171.07307037222114,14.48400664125602,152,1.1254807261330337,0.09528951737668434
18,SH2D2A,Pool,brain_anterior_cingulate_cortex_ba24,173.53458703526442,12.757734552467031,176,0.9859919717912752,0.07248712813901723
18,SH2D2A,Pool,brain_caudate_basal_ganglia,145.77397536767592,12.46829581192288,246,0.592577135640959,0.050684129316759675
18,SH2D2A,Pool,brain_cerebellar_hemisphere,133.85479526288938,4.152032358443801,215,0.6225804430832065,0.019311778411366515
18,SH2D2A,Pool,brain_cerebellum,124.37419208452917,7.726365803842166,241,0.5160754858279218,0.0320596091445733
18,SH2D2A,Pool,brain_cortex,134.42696878331313,12.505893160721104,255,0.5271645834639731,0.049042718277337666
18,SH2D2A,Pool,brain_frontal_cortex_ba9,95.7055226998823,9.68671323283809,209,0.45792116124345594,0.04634791020496693
18,SH2D2A,Pool,brain_hypothalamus,120.07759863388006,14.704138486146562,202,0.5944435575934657,0.07279276478290377
18,SH2D2A,Pool,brain_nucleus_accumbens_basal_ganglia,156.5668817070377,11.687105094933628,246,0.6364507386464947,0.04750855729647816
18,SH2D2A,Pool,brain_putamen_basal_ganglia,106.46699153064846,9.35792544764582,205,0.5193511781982851,0.04564841681778449
18,SH2D2A,Pool,brain_spinal_cord_cervical_c-1,90.96738231041445,15.829416260676302,159,0.5721219013233613,0.09955607711117172
18,SH2D2A,STL,brain_amygdala,176.50120794340762,14.364438708675365,152,1.1611921575224187,0.09450288624128529
18,SH2D2A,STL,brain_anterior_cingulate_cortex_ba24,256.49175833620177,18.11433137280641,176,1.4573395360011465,0.10292233734549097
18,SH2D2A,STL,brain_caudate_basal_ganglia,169.69085577903178,14.643947902304943,246,0.6898002267440316,0.05952824350530465
18,SH2D2A,STL,brain_cerebellar_hemisphere,181.37960000909766,5.673452678280984,215,0.8436260465539426,0.026388151992004578
18,SH2D2A,STL,brain_cerebellum,149.66555825402395,9.352281271715981,241,0.6210189139171118,0.038806146355667974
18,SH2D2A,STL,brain_cortex,150.22949684330064,13.934590714304665,255,0.5891352817384339,0.054645453781586924
18,SH2D2A,STL,brain_frontal_cortex_ba9,126.44911354037194,12.63531268730218,209,0.605019682011349,0.06045604156603914
18,SH2D2A,STL,brain_hypothalamus,143.8574065430376,17.37541260876217,202,0.7121653789259287,0.08601689410278301
18,SH2D2A,STL,brain_nucleus_accumbens_basal_ganglia,180.2308977451312,13.319406254191636,246,0.7326459257932162,0.05414392786256762
18,SH2D2A,STL,brain_putamen_basal_ganglia,148.37883026742324,12.935287303409996,205,0.7237991720362109,0.06309896245565852
18,SH2D2A,STL,brain_spinal_cord_cervical_c-1,98.05413198674279,16.913733099572603,159,0.6166926540046717,0.10637567987152581
19,JAM2,ARMUL,brain_amygdala,44.7396432315709,12.827680296420505,152,0.2943397581024401,0.08439263352908227
19,JAM2,ARMUL,brain_anterior_cingulate_cortex_ba24,68.30752689809601,11.44585705000966,176,0.38811094828463644,0.0650332786932367
19,JAM2,ARMUL,brain_caudate_basal_ganglia,58.147552707110634,13.626262921078641,246,0.2363721654760595,0.05539131268731155
19,JAM2,ARMUL,brain_cerebellar_hemisphere,29.7740916880228,8.844489209841662,215,0.13848414738615256,0.04113715911554261
19,JAM2,ARMUL,brain_cerebellum,62.54859497187925,13.74862331984545,241,0.259537738472528,0.05704822954292718
19,JAM2,ARMUL,brain_cortex,102.64085475441408,19.758289834714258,255,0.4025131558996631,0.07748348954789905
19,JAM2,ARMUL,brain_frontal_cortex_ba9,85.58180391847372,13.371708366801034,209,0.40948231539939584,0.0639794658698614
19,JAM2,ARMUL,brain_hypothalamus,72.22209944798144,20.598924070204106,202,0.35753514578208634,0.1019748716346738
19,JAM2,ARMUL,brain_nucleus_accumbens_basal_ganglia,63.310544111699826,19.02323515265899,246,0.25735993541341395,0.07733022419780078
19,JAM2,ARMUL,brain_putamen_basal_ganglia,43.957941417311154,9.72640291209499,205,0.21442898252346904,0.047445867863878
19,JAM2,ARMUL,brain_spinal_cord_cervical_c-1,26.52663152559205,14.749540396656123,159,0.1668341605383148,0.09276440501041587
19,JAM2,COVER,brain_amygdala,43.40583963777541,12.358516770755163,152,0.28556473445904873,0.08130603138654713
19,JAM2,COVER,brain_anterior_cingulate_cortex_ba24,75.23588851212958,12.692522721152557,176,0.4274766392734635,0.07211660637018498
19,JAM2,COVER,brain_caudate_basal_ganglia,59.22471056990104,13.83376240629718,246,0.24075085597520748,0.05623480652966333
19,JAM2,COVER,brain_cerebellar_hemisphere,30.517293583625698,9.094147400504877,215,0.14194090038895674,0.04229836000234827
19,JAM2,COVER,brain_cerebellum,60.600338834275234,13.288633344655402,241,0.25145368810902585,0.05513955744670291
19,JAM2,COVER,brain_cortex,104.39811204234033,20.013225712417167,255,0.4094043609503542,0.07848323808791045
19,JAM2,COVER,brain_frontal_cortex_ba9,80.5960349452451,12.60329725467133,209,0.38562696146050285,0.060302857677853254
19,JAM2,COVER,brain_hypothalamus,73.56940340031409,20.787172590471386,202,0.36420496732828755,0.10290679500233359
19,JAM2,COVER,brain_nucleus_accumbens_basal_ganglia,67.01482261070683,20.174925620841044,246,0.27241797809230417,0.08201189276764652
19,JAM2,COVER,brain_putamen_basal_ganglia,43.12472889910353,9.558749686097539,205,0.21036453121513918,0.04662804724925629
19,JAM2,COVER,brain_spinal_cord_cervical_c-1,27.826164347639413,15.6456169129022,159,0.1750073229411284,0.09840010637045409
19,JAM2,FLARCC,brain_amygdala,45.53158125368434,13.091630530448436,152,0.2995498766689759,0.08612914822663445
19,JAM2,FLARCC,brain_anterior_cingulate_cortex_ba24,73.97787422878754,12.426242707820094,176,0.42032883084538375,0.07060365174897781
19,JAM2,FLARCC,brain_caudate_basal_ganglia,60.92313124623129,14.379440990890078,246,0.24765500506598087,0.05845301215808975
19,JAM2,FLARCC,brain_cerebellar_hemisphere,31.25282168277053,9.262761824132225,215,0.14536196131521176,0.04308261313549872
19,JAM2,FLARCC,brain_cerebellum,62.97271283454394,13.840613548497116,241,0.261297563628813,0.05742993173650256
19,JAM2,FLARCC,brain_cortex,108.03100409092654,20.80070879932469,255,0.42365099643500603,0.08157140705617524
19,JAM2,FLARCC,brain_frontal_cortex_ba9,86.90927506591522,13.573051478558634,209,0.415833851990025,0.0649428300409504
19,JAM2,FLARCC,brain_hypothalamus,73.6515175538922,21.0322570078781,202,0.3646114730390703,0.10412008419741635
19,JAM2,FLARCC,brain_nucleus_accumbens_basal_ganglia,67.32700550088352,20.268504945871697,246,0.2736870142312338,0.08239229652793373
19,JAM2,FLARCC,brain_putamen_basal_ganglia,43.645304921065076,9.66019561176494,205,0.21290392644421988,0.04712290542324361
19,JAM2,FLARCC,brain_spinal_cord_cervical_c-1,26.093181394912595,14.557460051271969,159,0.1641080590875006,0.09155635252372307
19,JAM2,HPS,brain_amygdala,48.259087311115465,13.777428701228072,152,0.3174939954678649,0.0906409782975531
19,JAM2,HPS,brain_anterior_cingulate_cortex_ba24,76.00188418293082,12.682392656653391,176,0.43182888740301606,0.07205904918553063
19,JAM2,HPS,brain_caudate_basal_ganglia,59.616476187355204,13.940034881810421,246,0.24234339913559025,0.056666808462643985
19,JAM2,HPS,brain_cerebellar_hemisphere,30.602691657256294,9.072608680645846,215,0.1423381007314246,0.042198179909980676
19,JAM2,HPS,brain_cerebellum,61.6295572135171,13.483972287658267,241,0.2557243037905274,0.05595009247990982
19,JAM2,HPS,brain_cortex,107.75470904395634,20.733457690473962,255,0.42256748644688763,0.08130767721754495
19,JAM2,HPS,brain_frontal_cortex_ba9,85.44605437529103,13.357279161524275,209,0.40883279605402406,0.063910426610164
19,JAM2,HPS,brain_hypothalamus,78.05262067924915,22.189239972304453,202,0.3863991122735106,0.10984772263517056
19,JAM2,HPS,brain_nucleus_accumbens_basal_ganglia,67.48884679076131,20.289088789294922,246,0.2743449056535013,0.08247597068819074
19,JAM2,HPS,brain_putamen_basal_ganglia,44.712789073460364,9.873940664331549,205,0.21811116621200177,0.04816556421625146
19,JAM2,HPS,brain_spinal_cord_cervical_c-1,25.612601794657863,14.240642699229419,159,0.16108554587835133,0.0895637905611913
19,JAM2,MMoE,brain_amygdala,45.90520753847227,13.01504895757321,152,0.3020079443320544,0.08562532208929743
19,JAM2,MMoE,brain_anterior_cingulate_cortex_ba24,102.11956945041902,17.315914342775592,176,0.5802248264228353,0.09838587694758859
19,JAM2,MMoE,brain_caudate_basal_ganglia,53.02642731374083,12.589798024135785,246,0.21555458257618224,0.05117804074851945
19,JAM2,MMoE,brain_cerebellar_hemisphere,33.65732952110591,9.888770342284577,215,0.15654571870281817,0.045994280661788726
19,JAM2,MMoE,brain_cerebellum,57.07852856383752,12.492732996457523,241,0.236840367484803,0.05183706637534242
19,JAM2,MMoE,brain_cortex,109.34497997977194,20.914586814644153,255,0.4288038430579292,0.08201798750840844
19,JAM2,MMoE,brain_frontal_cortex_ba9,93.99019445102691,14.576468499682436,209,0.4497138490479756,0.06974386841953319
19,JAM2,MMoE,brain_hypothalamus,81.49006868957792,22.493341335579654,202,0.4034161816315739,0.11135317492861214
19,JAM2,MMoE,brain_nucleus_accumbens_basal_ganglia,67.32678707407396,20.235363985886664,246,0.2736861263173738,0.08225757717840107
19,JAM2,MMoE,brain_putamen_basal_ganglia,43.5607379592128,9.682630042897344,205,0.21249140467908684,0.04723234167266997
19,JAM2,MMoE,brain_spinal_cord_cervical_c-1,28.078403188799353,15.270336989632733,159,0.17659373074716575,0.09603985528070902
19,JAM2,Pool,brain_amygdala,47.13895166955668,13.337277429460425,152,0.31012468203655713,0.08774524624645016
19,JAM2,Pool,brain_anterior_cingulate_cortex_ba24,80.24587378647023,13.548993964835315,176,0.4559424646958536,0.07698292025474611
19,JAM2,Pool,brain_caudate_basal_ganglia,65.46236695966981,15.446514565119578,246,0.2661071827628854,0.06279070961430723
19,JAM2,Pool,brain_cerebellar_hemisphere,37.0090755990748,11.04804529006123,215,0.17213523534453395,0.05138625716307549
19,JAM2,Pool,brain_cerebellum,73.17039544729859,16.057743156063072,241,0.3036115993663842,0.06662963965171399
19,JAM2,Pool,brain_cortex,111.52725613202692,21.379229624595904,255,0.43736178875304677,0.0838401161748859
19,JAM2,Pool,brain_frontal_cortex_ba9,94.26297608008855,14.696943221728459,209,0.45101902430664376,0.07032030249630841
19,JAM2,Pool,brain_hypothalamus,65.39415641973706,18.3163476328112,202,0.3237334476224607,0.09067498828124357
19,JAM2,Pool,brain_nucleus_accumbens_basal_ganglia,67.31583131588653,20.26272736764171,246,0.2736415907149859,0.08236881043756793
19,JAM2,Pool,brain_putamen_basal_ganglia,52.179629700010395,11.4481030274736,205,0.25453477902444094,0.05584440501206634
19,JAM2,Pool,brain_spinal_cord_cervical_c-1,26.215502327341174,14.820862924215895,159,0.1648773731279319,0.09321297436613771
19,JAM2,STL,brain_amygdala,46.43523426113683,13.271634405881738,152,0.3054949622443212,0.08731338424922196
19,JAM2,STL,brain_anterior_cingulate_cortex_ba24,94.6287923665051,15.673255569696881,176,0.5376635929915062,0.08905258846418683
19,JAM2,STL,brain_caudate_basal_ganglia,54.866250340139786,12.778058706065604,246,0.2230335379680479,0.05194332807343741
19,JAM2,STL,brain_cerebellar_hemisphere,29.248970603963038,8.679399828907743,215,0.13604172373936296,0.040369301529803454
19,JAM2,STL,brain_cerebellum,49.54229678283137,10.857171843121815,241,0.20556969619432106,0.04505050557311956
19,JAM2,STL,brain_cortex,111.98371229663667,21.619282594805917,255,0.43915181292798694,0.0847815003717879
19,JAM2,STL,brain_frontal_cortex_ba9,107.69159880313349,16.757545934779767,209,0.5152708076704952,0.08017964562095582
19,JAM2,STL,brain_hypothalamus,71.76359712105108,20.507351024007917,202,0.35526533228243107,0.10152153972281147
19,JAM2,STL,brain_nucleus_accumbens_basal_ganglia,80.11516285067401,24.09114013139006,246,0.3256713937019269,0.09793146394874008
19,JAM2,STL,brain_putamen_basal_ganglia,42.24879702212938,9.606125666814401,205,0.20609169279087503,0.046859149594216595
19,JAM2,STL,brain_spinal_cord_cervical_c-1,28.56711263920275,15.489667803044481,159,0.17966737508932548,0.09741929435877032
19,SH2D2A,ARMUL,brain_amygdala,138.4682743399911,12.848469086064826,152,0.9109754890788888,0.08452940188200543
19,SH2D2A,ARMUL,brain_anterior_cingulate_cortex_ba24,150.13119775872298,12.238089372825508,176,0.8530181690836532,0.06953459870923584
19,SH2D2A,ARMUL,brain_caudate_basal_ganglia,166.28232770816936,14.535112959769851,246,0.6759444215779242,0.059085825039714844
19,SH2D2A,ARMUL,brain_cerebellar_hemisphere,144.27302179104888,4.365216759055081,215,0.6710373106560413,0.02030333376304689
19,SH2D2A,ARMUL,brain_cerebellum,133.9231647985482,7.776057769951233,241,0.5556977792470881,0.03226579987531632
19,SH2D2A,ARMUL,brain_cortex,162.35614187467027,14.325190442584487,255,0.6366907524496873,0.05617721742189995
19,SH2D2A,ARMUL,brain_frontal_cortex_ba9,106.41309371831709,10.771781636137954,209,0.5091535584608473,0.05153962505329165
19,SH2D2A,ARMUL,brain_hypothalamus,121.49173052790763,15.196807337185948,202,0.6014442105341962,0.07523171949101955
19,SH2D2A,ARMUL,brain_nucleus_accumbens_basal_ganglia,175.3460179015741,11.326070917221477,246,0.7127886906568053,0.046040938687892184
19,SH2D2A,ARMUL,brain_putamen_basal_ganglia,140.4182056738747,11.24419547241488,205,0.6849668569457302,0.0548497340117799
19,SH2D2A,ARMUL,brain_spinal_cord_cervical_c-1,94.46407624767569,16.286470390664014,159,0.5941136870923,0.10243063138782399
19,SH2D2A,COVER,brain_amygdala,137.05237540030953,12.774751825958559,152,0.9016603644757206,0.0840444199076221
19,SH2D2A,COVER,brain_anterior_cingulate_cortex_ba24,149.5778748019049,12.052278318942832,176,0.849874288647187,0.06847885408490245
19,SH2D2A,COVER,brain_caudate_basal_ganglia,154.67167884347833,13.641585675209187,246,0.6287466619653591,0.05545360030572841
19,SH2D2A,COVER,brain_cerebellar_hemisphere,142.2613160174521,4.30725991450898,215,0.6616805396160562,0.020033767044227813
19,SH2D2A,COVER,brain_cerebellum,128.248005686733,7.4037503165191465,241,0.5321494011897635,0.030720955670203928
19,SH2D2A,COVER,brain_cortex,153.61185702603092,13.428934699328721,255,0.6023994393177683,0.05266248901697538
19,SH2D2A,COVER,brain_frontal_cortex_ba9,106.41563636111628,10.771290974453109,209,0.5091657242158674,0.05153727738972779
19,SH2D2A,COVER,brain_hypothalamus,121.89741750279558,15.250590000541745,202,0.6034525618950276,0.07549797029971161
19,SH2D2A,COVER,brain_nucleus_accumbens_basal_ganglia,185.24191382240915,12.083978690468003,246,0.7530159098471917,0.049121864595398385
19,SH2D2A,COVER,brain_putamen_basal_ganglia,133.43418697441,10.635265193921814,205,0.6508984730459025,0.0518793424093747
19,SH2D2A,COVER,brain_spinal_cord_cervical_c-1,93.26933568953261,16.112793808571542,159,0.5865995955316516,0.10133832584007259
19,SH2D2A,FLARCC,brain_amygdala,147.3114629838479,13.399450308753242,152,0.9691543617358414,0.0881542783470608
19,SH2D2A,FLARCC,brain_anterior_cingulate_cortex_ba24,151.56786135104156,12.553902102055119,176,0.8611810304036452,0.07132898921622227
19,SH2D2A,FLARCC,brain_caudate_basal_ganglia,166.69137470966922,14.629486690303,246,0.677607214266948,0.059469458090662605
19,SH2D2A,FLARCC,brain_cerebellar_hemisphere,148.6940934229097,4.481077377050515,215,0.6916004345251614,0.020842220358374488
19,SH2D2A,FLARCC,brain_cerebellum,132.35730774956036,7.675810259610986,241,0.5492004470936115,0.03184983510212028
19,SH2D2A,FLARCC,brain_cortex,155.99438738806597,13.774556580879118,255,0.6117426956394744,0.054017868944623994
19,SH2D2A,FLARCC,brain_frontal_cortex_ba9,106.49930278487803,10.820947250220533,209,0.5095660420329092,0.051774867225935564
19,SH2D2A,FLARCC,brain_hypothalamus,127.776853143324,16.06549032155394,202,0.6325586789273465,0.07953213030472248
19,SH2D2A,FLARCC,brain_nucleus_accumbens_basal_ganglia,175.95486183473844,11.373881005137713,246,0.7152636659948717,0.046235288638771195
19,SH2D2A,FLARCC,brain_putamen_basal_ganglia,140.49872416976115,11.155369958253203,205,0.6853596300963959,0.054416438820747336
19,SH2D2A,FLARCC,brain_spinal_cord_cervical_c-1,97.09011008298938,16.737404605893055,159,0.6106296231634553,0.10526669563454752
19,SH2D2A,HPS,brain_amygdala,129.1256512296966,11.97542211243012,152,0.849510863353267,0.07878567179230342
19,SH2D2A,HPS,brain_anterior_cingulate_cortex_ba24,156.09559842538357,12.747942676010455,176,0.8869068092351339,0.07243149247733213
19,SH2D2A,HPS,brain_caudate_basal_ganglia,163.87596074901114,14.485216260514921,246,0.666162442069151,0.05888299292892244
19,SH2D2A,HPS,brain_cerebellar_hemisphere,142.30922621834185,4.31573613076951,215,0.6619033777597295,0.020073191305904698
19,SH2D2A,HPS,brain_cerebellum,128.33415261812777,7.454908886329953,241,0.5325068573366297,0.03093323189348528
19,SH2D2A,HPS,brain_cortex,159.6840312564751,14.013219978542601,255,0.6262118872802945,0.05495380383742197
19,SH2D2A,HPS,brain_frontal_cortex_ba9,105.65783157699191,10.725725255343658,209,0.5055398640047459,0.05131925959494573
19,SH2D2A,HPS,brain_hypothalamus,124.790917112731,15.582448458585688,202,0.6177768173897574,0.0771408339533945
19,SH2D2A,HPS,brain_nucleus_accumbens_basal_ganglia,170.36765548598913,11.088540232461419,246,0.6925514450649964,0.04507536679862365
19,SH2D2A,HPS,brain_putamen_basal_ganglia,137.86812483144013,11.138192768452868,205,0.672527438202147,0.0543326476509896
19,SH2D2A,HPS,brain_spinal_cord_cervical_c-1,98.68012821906072,17.049464984805375,159,0.6206297372267969,0.10722933952707783
19,SH2D2A,MMoE,brain_amygdala,127.43403454273118,11.69814663995379,152,0.8383818062021788,0.07696149105232757
19,SH2D2A,MMoE,brain_anterior_cingulate_cortex_ba24,282.8340897118092,21.198386774621767,176,1.6070118733625522,0.12044537940126004
19,SH2D2A,MMoE,brain_caudate_basal_ganglia,171.04965659809406,15.094777994397422,246,0.6953238073093254,0.061360886156087084
19,SH2D2A,MMoE,brain_cerebellar_hemisphere,146.58157593371868,4.434963045262933,215,0.6817747717847381,0.0206277350942462
19,SH2D2A,MMoE,brain_cerebellum,139.17212129112417,8.008716797688166,241,0.5774776817059094,0.0332311900319011
19,SH2D2A,MMoE,brain_cortex,156.54375924465862,13.764242807039745,255,0.6138970950770927,0.05397742277270488
19,SH2D2A,MMoE,brain_frontal_cortex_ba9,116.89912036983954,11.654436251866755,209,0.5593259347839212,0.055762852879745244
19,SH2D2A,MMoE,brain_hypothalamus,173.35060106313225,21.215911390090508,202,0.8581712923917438,0.10502926430737874
19,SH2D2A,MMoE,brain_nucleus_accumbens_basal_ganglia,194.74075336502744,12.540159510171543,246,0.7916290787196237,0.05097625817142904
19,SH2D2A,MMoE,brain_putamen_basal_ganglia,123.9713222257219,9.998713410612595,205,0.6047381571986434,0.04877421175908583
19,SH2D2A,MMoE,brain_spinal_cord_cervical_c-1,109.87169634088552,18.798825249482977,159,0.6910169581187768,0.11823160534266024
19,SH2D2A,Pool,brain_amygdala,149.30478225031848,14.469536562169937,152,0.982268304278411,0.09519431948796012
19,SH2D2A,Pool,brain_anterior_cingulate_cortex_ba24,151.01771677435568,11.903394706393545,176,0.8580552089452027,0.06763292446814514
19,SH2D2A,Pool,brain_caudate_basal_ganglia,136.5898732429463,11.94013486176798,246,0.5552433871664484,0.04853713358442268
19,SH2D2A,Pool,brain_cerebellar_hemisphere,139.8842488852186,4.287145523074124,215,0.6506244134196214,0.019940211735228485
19,SH2D2A,Pool,brain_cerebellum,128.7993898983976,7.5811015180955525,241,0.5344373024829776,0.031456852772180716
19,SH2D2A,Pool,brain_cortex,138.992575469377,11.915473405306022,255,0.5450689234093216,0.046727346687474594
19,SH2D2A,Pool,brain_frontal_cortex_ba9,96.00526714520278,9.64706991133465,209,0.4593553451923578,0.046158229240835645
19,SH2D2A,Pool,brain_hypothalamus,114.64512208318679,14.655533523767005,202,0.5675501093227069,0.0725521461572624
19,SH2D2A,Pool,brain_nucleus_accumbens_basal_ganglia,189.90286705870093,12.483321239664894,246,0.7719628742223615,0.05074520829132071
19,SH2D2A,Pool,brain_putamen_basal_ganglia,122.59025911191462,9.929507410126824,205,0.5980012639605591,0.04843662151281378
19,SH2D2A,Pool,brain_spinal_cord_cervical_c-1,102.4367201124422,17.63626903725175,159,0.6442561013361144,0.1109199310518978
19,SH2D2A,STL,brain_amygdala,119.47097079140723,11.304429101728605,152,0.785993228890837,0.07437124409031977
19,SH2D2A,STL,brain_anterior_cingulate_cortex_ba24,168.94863525325331,13.953470016858645,176,0.9599354275753029,0.0792810796412423
19,SH2D2A,STL,brain_caudate_basal_ganglia,161.14949951966727,14.264564187558797,246,0.6550792663401108,0.057986033282759336
19,SH2D2A,STL,brain_cerebellar_hemisphere,149.5962028545538,4.578938713352632,215,0.6957962923467619,0.021297389364430847
19,SH2D2A,STL,brain_cerebellum,135.41100096944226,7.8535150468958985,241,0.5618713733171878,0.03258719936471327
19,SH2D2A,STL,brain_cortex,156.59612977053672,13.649426204795866,255,0.6141024696883793,0.053527161587434764
19,SH2D2A,STL,brain_frontal_cortex_ba9,104.3902271381612,10.643924488073273,209,0.4994747709959866,0.05092786836398695
19,SH2D2A,STL,brain_hypothalamus,147.61900160673568,19.000671449194122,202,0.7307871366670083,0.09406272994650555
19,SH2D2A,STL,brain_nucleus_accumbens_basal_ganglia,187.37514199922262,12.297769948806359,246,0.761687569102531,0.04999093475124536
19,SH2D2A,STL,brain_putamen_basal_ganglia,131.91574033059027,10.810467081681804,205,0.6434914162467817,0.05273398576430148
19,SH2D2A,STL,brain_spinal_cord_cervical_c-1,109.76095655593039,18.909047710648817,159,0.690320481483839,0.11892482836886048
