cv_repeat,response,left_tissue,right_tissue,normalized_overlap_trace,overlap_effective_rank,supported_contrast_fraction,overlap_weighted_head_energy,pairwise_penalty_contribution,overlap_eigenvalue_1,overlap_eigenvalue_2,overlap_eigenvalue_3,overlap_eigenvalue_4,overlap_eigenvalue_5,overlap_eigenvalue_6,overlap_eigenvalue_7,overlap_eigenvalue_8
0,JAM2,brain_amygdala,brain_anterior_cingulate_cortex_ba24,0.6042016818184678,2.753134701688385,0.7335184019827721,0.0481745164356505,8.767041099765131e-05,2.175493403823098,0.5214735523134711,0.3870552990996452,0.2679627591272452,0.14701059655742427,0.08226665585786604,0.04533652095952646,0.02736219738762688
0,JAM2,brain_amygdala,brain_caudate_basal_ganglia,0.4148767153726859,3.704025755800616,0.3165907922920598,0.1550033844055459,0.00012808529846427408,1.4605040482448675,0.4275874308596648,0.30621356432486097,0.2259666794822416,0.14237190050865633,0.08991446107651714,0.05388860192296156,0.02482776678131536
0,JAM2,brain_amygdala,brain_cerebellar_hemisphere,0.2970187705635589,4.073657988301973,0.3734407221798411,0.07102707796114463,8.767006756822928e-05,0.8546361541116184,0.4215567163237862,0.27997456142445826,0.22845964554136783,0.12797125480870813,0.06448083182973884,0.04069882866067928,0.02478055639959454
0,JAM2,brain_amygdala,brain_cerebellum,0.41059083049753947,3.638998120752022,0.3785728294231158,0.11250312525915737,0.00014157794692979704,1.160880345649708,0.43834622797827993,0.3101986493859462,0.22790741533809117,0.11557915345457248,0.06361996563781305,0.0475832881654081,0.025630898454730176
0,JAM2,brain_amygdala,brain_cortex,0.5467857787320597,3.2842405054650063,0.5618767129071737,0.14695060428242765,9.516226497380778e-05,2.019793809705404,0.49926490829674003,0.3551285963669774,0.23164817241699423,0.12454392098021709,0.08513151524345733,0.0459867894778722,0.022746718002972722
0,JAM2,brain_amygdala,brain_frontal_cortex_ba9,0.5431159344530718,3.4045036710909478,0.47342858527703974,0.25519592741513486,0.00018166674570512,1.6707328952180784,0.4472240412187694,0.36755583295414895,0.2489058489607948,0.1374184707645999,0.0856438306091238,0.04762452616633994,0.0247491727396434
0,JAM2,brain_amygdala,brain_hypothalamus,0.5499587890524069,3.48253241003855,0.5440499704609717,0.058765438686471216,7.674586777704454e-05,1.6760666309247518,0.5140855388756748,0.4000639201206958,0.25135469266467336,0.15002531813790088,0.0855865782926769,0.052304285229974434,0.026009915893202777
0,JAM2,brain_amygdala,brain_nucleus_accumbens_basal_ganglia,0.4810904909144013,3.3163880578544322,0.4860646100112283,0.06934855165537508,8.175702685928912e-05,2.0015867034225083,0.5011855876024874,0.39522440084420696,0.2261203427975209,0.14739919136416213,0.09206440805804483,0.057510509408563115,0.03357095233800672
0,JAM2,brain_amygdala,brain_putamen_basal_ganglia,0.4322469432053153,3.7094744355128695,0.43779637513481245,0.12979227110843555,8.714210187610429e-05,1.436882747635168,0.43938003245029,0.3247826828976185,0.24218994516385633,0.1513575429977266,0.09112379055077124,0.05453491480753446,0.027600500746906943
0,JAM2,brain_amygdala,brain_spinal_cord_cervical_c-1,0.48717010814256323,3.8856946773872187,0.428517590505071,0.05888849415151622,7.280809713687532e-05,1.647017436580964,0.6202489474514538,0.40019973628234984,0.2731328077158127,0.14506723743380476,0.09192356135485516,0.05227570812862488,0.03038514851729438
0,JAM2,brain_anterior_cingulate_cortex_ba24,brain_caudate_basal_ganglia,0.34568558134038174,4.677750000690795,0.2955765124714194,0.07947793310064072,6.886863057338166e-05,0.778446939671299,0.42833819952268043,0.31887347477860567,0.2280471965851793,0.12452780625431607,0.08225466993362543,0.052212965470255036,0.023876069763331002
0,JAM2,brain_anterior_cingulate_cortex_ba24,brain_cerebellar_hemisphere,0.31785661795182946,4.066257204112062,0.4220963063393472,0.10241869489507194,0.00011449875144832,0.7920705595181936,0.4109632519214811,0.2942778093053671,0.21230810248994786,0.11409883898238546,0.06623711565860112,0.04128198041561154,0.021273873208895823
0,JAM2,brain_anterior_cingulate_cortex_ba24,brain_cerebellum,0.42293921765429293,4.060412975439165,0.4485004658216016,0.13168119615173607,0.00014889970920302,0.9630623398834638,0.4296516546884693,0.29525058218979067,0.22272374243322118,0.11111586573765024,0.06591300809482908,0.04380161708167108,0.0239406775784228
0,JAM2,brain_anterior_cingulate_cortex_ba24,brain_cortex,0.6674245727813314,2.6528738484381806,0.7688932736270637,0.1524371618276321,0.0001881679153018,1.988099008725851,0.5081265456979651,0.3849863320483911,0.23295953499774572,0.11957332405197611,0.07301327163000776,0.044199293271782424,0.020284481981712378
0,JAM2,brain_anterior_cingulate_cortex_ba24,brain_frontal_cortex_ba9,0.7589474588008658,2.6191910101270635,0.7595625943701224,0.24927808962356862,0.00036794696086864004,2.039505112043112,0.5392160958388337,0.3665417791148981,0.25328977521920415,0.13619615382998962,0.07992008557429442,0.04618726976793922,0.02045480476240256
0,JAM2,brain_anterior_cingulate_cortex_ba24,brain_hypothalamus,0.5297939299751899,4.06779873656338,0.5445568216212683,0.04199004576735868,6.197170473731662e-05,1.1731793815073757,0.49390020110221367,0.3531815614541849,0.23452793087393453,0.14384502516441508,0.07622778635446256,0.0492132353120025,0.0229059014277809
0,JAM2,brain_anterior_cingulate_cortex_ba24,brain_nucleus_accumbens_basal_ganglia,0.4199771906456437,3.9863341935341703,0.47635882758405834,0.0434186051810075,4.72999021323621e-05,1.2211559874987894,0.4469835921626123,0.3571519814156664,0.2580859706372224,0.14188763502071788,0.07683426959736703,0.053373654558127336,0.03016449322127428
0,JAM2,brain_anterior_cingulate_cortex_ba24,brain_putamen_basal_ganglia,0.39099966284817766,4.512769569704295,0.556742528174773,0.09370317416114385,8.013503296556244e-05,0.9226250562624776,0.4283474714281696,0.33671430518214607,0.2627166085089708,0.12938174845218714,0.08143366556509483,0.05345638307271052,0.024982012595440382
0,JAM2,brain_anterior_cingulate_cortex_ba24,brain_spinal_cord_cervical_c-1,0.4885789194328415,4.191224802682373,0.594641669056537,0.07613857406212007,0.00010374808390144681,1.3439959062785154,0.5079817510652342,0.39854055756626866,0.27700434774390204,0.1397994802764487,0.08299785581599416,0.05225949932786522,0.026398589816576203
0,JAM2,brain_caudate_basal_ganglia,brain_cerebellar_hemisphere,0.26152598485387096,4.293193337031129,0.23050714758107166,0.09573648875139847,9.00199350418387e-05,0.6574111948995538,0.3683049409182943,0.27844031859005314,0.19371779503500847,0.12046388582439797,0.06663956595986278,0.04152612225952614,0.020663023264589558
0,JAM2,brain_caudate_basal_ganglia,brain_cerebellum,0.37064293057649716,3.9286799739976934,0.24806370759757743,0.15077979335460304,0.00012752393620115503,0.9922257992047865,0.3969282255523139,0.2711011509028226,0.19859251244587134,0.11260182991379282,0.07018340296352624,0.04757968898979742,0.02194505088191642
0,JAM2,brain_caudate_basal_ganglia,brain_cortex,0.3868775012220229,4.4188540813152954,0.357700671868605,0.10899073022510675,0.00014609601966714,1.1521641506179119,0.4467635134070361,0.28428103885821837,0.20065271592979408,0.1138773615346482,0.08118893838701798,0.04933333246759214,0.020216651926387698
0,JAM2,brain_caudate_basal_ganglia,brain_frontal_cortex_ba9,0.38125439140490563,4.718916571125065,0.3247012627114319,0.08062166535877566,0.00010121884615908428,0.8030629038904922,0.4722297830295653,0.2798527035384412,0.22906250905961184,0.12199198951262265,0.0905516114833248,0.0528558687436105,0.02215328241009944
0,JAM2,brain_caudate_basal_ganglia,brain_hypothalamus,0.4753830270856261,3.692358887140693,0.35671043405717684,0.18520465117150448,0.00012359820206735945,1.2625224488761284,0.47198251049848927,0.31566256619139377,0.233662114904522,0.12302582748218491,0.08083653313151018,0.058109778915680345,0.021621831631656603
0,JAM2,brain_caudate_basal_ganglia,brain_nucleus_accumbens_basal_ganglia,0.5476033797503224,2.5139383243443674,0.4530399609615917,0.1042408799230817,0.00011145445246655386,2.393207401962489,0.5862308876843701,0.3110906184718231,0.23808519441142267,0.1320487974174845,0.08712428278873145,0.0650416503600532,0.02615796606497376
0,JAM2,brain_caudate_basal_ganglia,brain_putamen_basal_ganglia,0.8113884077998407,2.0832894091489647,0.8087257026945245,0.05909164876253363,0.00010416711920587104,3.8968966981501736,0.6638049669764678,0.32188886042084175,0.232791511727196,0.1358779678568097,0.08542534917737535,0.06456736178171654,0.02228358923863758
0,JAM2,brain_caudate_basal_ganglia,brain_spinal_cord_cervical_c-1,0.42100273072394384,3.823097138780639,0.3951928869539413,0.12081931410276252,8.93358484665801e-05,1.407287087756658,0.4594635644751344,0.33766175177317503,0.24913873694549205,0.1276083212239055,0.08945975150043746,0.061178691905645996,0.02426287059236952
0,JAM2,brain_cerebellar_hemisphere,brain_cerebellum,0.548870735660811,2.5458028283917207,0.5239326363582387,0.12375820827747026,0.00014419596070914,1.7951816633194653,0.6102627641238224,0.3761023411882645,0.20046021156464447,0.09154358897294314,0.06262229150001798,0.035533042425758596,0.01892430404109838
0,JAM2,brain_cerebellar_hemisphere,brain_cortex,0.28507313391055605,4.284291415151203,0.30702629010061255,0.08565768122794806,8.121510971439024e-05,0.7204152757608616,0.3943349415217605,0.260447506020525,0.18019411091250376,0.09533867067078625,0.060902215592701,0.04128309655885176,0.019646875902023818
0,JAM2,brain_cerebellar_hemisphere,brain_frontal_cortex_ba9,0.33786806409011777,4.02676739266176,0.41221710923864663,0.11501456225339465,0.00011549835233924,0.8075982042845654,0.3931066601349541,0.29272505461996123,0.19306061209161562,0.11018822947721404,0.0689934726875927,0.043198425549351896,0.01926231815428652
0,JAM2,brain_cerebellar_hemisphere,brain_hypothalamus,0.33801294104579194,4.266634167299582,0.4235607626193284,0.0561283314628737,6.90067378524725e-05,0.7457138414823679,0.4497292831598839,0.280390215598496,0.21036853670453987,0.11955508574860021,0.06609222429289399,0.04170617860246386,0.019239681722328462
0,JAM2,brain_cerebellar_hemisphere,brain_nucleus_accumbens_basal_ganglia,0.2834733608868517,4.1514040554666405,0.22540680127643992,0.06971252668438657,8.316356299206366e-05,0.8171084436849793,0.43140116228639896,0.29151189733316457,0.21299525340081754,0.12527704473565282,0.06654287676337875,0.047612830370812445,0.025305005962612037
0,JAM2,brain_cerebellar_hemisphere,brain_putamen_basal_ganglia,0.2922026595126523,4.171857143350604,0.22113016424505022,0.052110221113625343,3.8481524527350346e-05,0.7531713228774033,0.40835588268346135,0.2914025362575242,0.20141817257816577,0.1246807299685679,0.06616866267824299,0.04294154235826942,0.02207573998815994
0,JAM2,brain_cerebellar_hemisphere,brain_spinal_cord_cervical_c-1,0.34621050575422285,3.878640901168859,0.36671500516602656,0.029705483427470904,3.1280778633553384e-05,1.0163004355237406,0.5057102454400837,0.3448118875941383,0.2344094461800263,0.12135620849459108,0.06996323935543558,0.04411992151874608,0.0237660166944408
0,JAM2,brain_cerebellum,brain_cortex,0.43078173071320636,3.9351502919733283,0.5130769899148634,0.06451191039753525,9.633636334964869e-05,1.0996448935922267,0.4420019241281614,0.3099760888483088,0.17236436030914756,0.09335459022620982,0.06476609231000283,0.045012168042317134,0.02031305142596568
0,JAM2,brain_cerebellum,brain_frontal_cortex_ba9,0.41934991803628296,4.370311200047848,0.4035495431824746,0.1133248003884203,0.0001041423500024,0.8307143366806973,0.38749341999824655,0.3033347485530958,0.1870742222792622,0.10984834394254821,0.07153153765386722,0.04455255908300576,0.021931382242706042
0,JAM2,brain_cerebellum,brain_hypothalamus,0.5043739895095245,3.526649308767528,0.45038849154009164,0.11002572869774441,8.817153792669702e-05,1.1762957889364178,0.440638184648666,0.2965123712930486,0.2007992238713056,0.10911241177395789,0.06546165322136191,0.04687445237338298,0.02249367839435594
0,JAM2,brain_cerebellum,brain_nucleus_accumbens_basal_ganglia,0.43826702219166014,3.4282839481372407,0.3791256012410892,0.1707155218200244,0.00018327162814298,1.4033206089785462,0.5009094432196972,0.2849319838860745,0.20516582469952196,0.12453083477571573,0.06879899326791578,0.051682348937898824,0.02592967477331174
0,JAM2,brain_cerebellum,brain_putamen_basal_ganglia,0.42563832537808055,3.663840412039832,0.32801968039561513,0.10499083537969116,0.0001067197672473287,1.185139926654185,0.4163059301941788,0.28197425901332734,0.2171984749174709,0.11233956854720821,0.06806314123239376,0.050123717401585346,0.023851963186032783
0,JAM2,brain_cerebellum,brain_spinal_cord_cervical_c-1,0.4901933899024531,3.295846390421899,0.4184471697397621,0.10587548755645101,9.387078343212703e-05,1.3675850141167412,0.6098330746340057,0.3546863837074105,0.22330944206858794,0.10952973760006617,0.07174018281974844,0.04784768264706738,0.02402719229462994
0,JAM2,brain_cortex,brain_frontal_cortex_ba9,0.7096634051766215,2.6926887686581535,0.6636286836484082,0.1371764269959366,0.0002178738714855288,1.8313728731485241,0.5229254843881829,0.35866854452016,0.22316487523875747,0.12189720345323003,0.08552549916468424,0.04397471336941266,0.01798555497490036
0,JAM2,brain_cortex,brain_hypothalamus,0.5481736852083641,3.81992468194803,0.6594315010679851,0.21266475064288004,0.00018750912245474,1.3941844699799986,0.5225713780798583,0.31565999727445204,0.20442578651570367,0.11937320675045344,0.07742002577888556,0.04594891757900938,0.02083669008477928
0,JAM2,brain_cortex,brain_nucleus_accumbens_basal_ganglia,0.45311929060099876,3.800303705098898,0.4548407409061831,0.14994036460726737,0.00017680690339528,1.5648971213594676,0.49079424053758897,0.3242719806268919,0.21728285165191624,0.12476567200584325,0.07838493587433588,0.05421767679134955,0.023493604824320162
0,JAM2,brain_cortex,brain_putamen_basal_ganglia,0.42243860904366465,4.101491125246688,0.4578446233543011,0.10629681941546629,0.000126446018825,1.2029447279882954,0.41461680426410963,0.33759916833776693,0.2193153824902807,0.11416665394626753,0.08277579873228227,0.050929823196995884,0.021738198128582097
0,JAM2,brain_cortex,brain_spinal_cord_cervical_c-1,0.5076878299424693,4.053487869925219,0.5349457422181516,0.14291051353474554,0.00011232332703903218,1.6015356987211269,0.6391413000685573,0.3665317091023571,0.20969527199171378,0.12283135056623244,0.0821358184941627,0.051364145309150025,0.02203381933739696
0,JAM2,brain_frontal_cortex_ba9,brain_hypothalamus,0.5386434641474651,4.3171816432345524,0.4478363336478048,0.16834326571138075,0.00012022399605838215,1.0567614109939687,0.4873973009455669,0.31602153057692306,0.24907895262974727,0.13010178550100565,0.08885537921675281,0.04782774758671088,0.02101602070506092
0,JAM2,brain_frontal_cortex_ba9,brain_nucleus_accumbens_basal_ganglia,0.4288080573898685,4.213584531337889,0.47654108585198596,0.12217738225666404,0.00013100681473486,1.1289276150340972,0.44293864115873866,0.3229298574044007,0.25150808072275355,0.13838932074607577,0.08544155389259488,0.055650594267842114,0.025128934354069
0,JAM2,brain_frontal_cortex_ba9,brain_putamen_basal_ganglia,0.4416747659962061,4.3575034706948745,0.4373468548776643,0.06406917240842233,9.940425661608987e-05,1.007826467555177,0.4538613361209807,0.3163458803784433,0.26035584205661455,0.123049172340183,0.09097742150029889,0.05526333464181214,0.02214709072245946
0,JAM2,brain_frontal_cortex_ba9,brain_spinal_cord_cervical_c-1,0.48129282288608105,4.453121001546814,0.44041144793566006,0.1456762508290508,9.615067771364378e-05,1.199756949689481,0.4718157220607103,0.3458570162079998,0.27819081290457187,0.1431070365964769,0.09436711463800633,0.053896425577006156,0.0226867414489591
0,JAM2,brain_hypothalamus,brain_nucleus_accumbens_basal_ganglia,0.551055315082614,3.187579664360146,0.554623436947957,0.057296526469166234,4.434688588390741e-05,1.6400966576444251,0.4891906620525015,0.37382621442520325,0.23564020080382292,0.1427560027019919,0.08128702157564852,0.05915875708652546,0.02605068937045236
0,JAM2,brain_hypothalamus,brain_putamen_basal_ganglia,0.4861661562439479,3.8854553237770753,0.459766887855512,0.10656895403508826,7.561553385968675e-05,1.1531564583857647,0.46991521737805614,0.36896183819305095,0.24602505443316441,0.1314157789228426,0.08119736611517628,0.0579128920203581,0.02417282035052016
0,JAM2,brain_hypothalamus,brain_spinal_cord_cervical_c-1,0.5711148467023858,3.718766410767303,0.5027234684547587,0.05558602374486303,6.048434999894358e-05,1.3833328154625169,0.5933547124654978,0.40030503595894434,0.26933195662383086,0.14708924986506489,0.08365022648454055,0.05507063336867496,0.02312613285629436
0,JAM2,brain_nucleus_accumbens_basal_ganglia,brain_putamen_basal_ganglia,0.5590581969033389,2.516593972939635,0.6005304732441168,0.04360884645573238,5.333978049519362e-05,2.3314297760779437,0.5654331504578707,0.35558308562937146,0.25685226740506917,0.1363095445612948,0.08609037625876795,0.06403657251387204,0.02908506847294336
0,JAM2,brain_nucleus_accumbens_basal_ganglia,brain_spinal_cord_cervical_c-1,0.46777647945659345,3.2297836754974094,0.46722695918350593,0.045660820688576284,3.946128066504562e-05,1.5524020246170647,0.5532775452245607,0.35376383641227127,0.2685063231357775,0.15078027134467561,0.08985234953533117,0.06130935104474442,0.03292513649588676
0,JAM2,brain_putamen_basal_ganglia,brain_spinal_cord_cervical_c-1,0.465829138240739,3.5513974331527267,0.5227993056836832,0.07186128995706656,4.451082317495727e-05,1.5647195076074325,0.4624417141929521,0.3777227329678651,0.26442212919816566,0.14457463545628552,0.087474766444161,0.06148507740165904,0.02694112636970264
0,SH2D2A,brain_amygdala,brain_anterior_cingulate_cortex_ba24,0.719301933311164,3.341071241102477,0.7572703289790657,0.021568184576921313,6.339669700110486e-05,0.9455083550949566,0.41053683983111633,0.24742009130119333,0.14711365706434426,0.07094171658041663,0.051632365934707956,0.025808860964141624,0.014586076971040241
0,SH2D2A,brain_amygdala,brain_caudate_basal_ganglia,0.48245581334863213,4.486961566354556,0.5433692005213192,0.031079182552903928,5.5669070444855094e-05,0.5867365072323645,0.29957786269915926,0.2052049552914937,0.14007876578008868,0.07940802961210489,0.04794955232718856,0.0246966320863723,0.01332783851941422
0,SH2D2A,brain_amygdala,brain_cerebellar_hemisphere,0.43591454321049267,4.385162876105757,0.35538585586778615,0.04971379811225847,8.929836916685076e-05,0.5044033921700825,0.27150796557672274,0.15308750749065902,0.11021858119940094,0.06683714427133762,0.05096264200904438,0.02130627549171164,0.0131714492072214
0,SH2D2A,brain_amygdala,brain_cerebellum,0.3414554840337759,4.6766902394446035,0.2940430839441218,0.024589106244698063,5.647321708343625e-05,0.3138154999498842,0.23801064345352926,0.15731470300832434,0.07828928937963395,0.05788410332167131,0.04851151314779986,0.023927002898193862,0.01404470690371828
0,SH2D2A,brain_amygdala,brain_cortex,0.45217376677290355,4.647388696986619,0.5179452816011114,0.01988944851793842,5.976743767451087e-05,0.4554901207429218,0.20154061259799644,0.1658968966222547,0.11249905097817783,0.07417084674845051,0.054152675440202455,0.02107826475533378,0.013530017697866801
0,SH2D2A,brain_amygdala,brain_frontal_cortex_ba9,0.49261403631269757,4.4646744312247595,0.49969024117824423,0.03546233042282868,6.270628631011031e-05,0.46125304367338354,0.28878581059569264,0.21975484056397449,0.12954423239668353,0.06731685936534722,0.04648956660505452,0.02450751541116774,0.01410333206838634
0,SH2D2A,brain_amygdala,brain_hypothalamus,0.522511117377267,3.9199978227659313,0.487897193123913,0.02094722833063897,5.9412018143115096e-05,1.077207347540533,0.3674139057455575,0.2609155172050669,0.15919707293036517,0.0826992517294292,0.05009494663879762,0.027840031446372742,0.01754884253287138
0,SH2D2A,brain_amygdala,brain_nucleus_accumbens_basal_ganglia,0.5800062199502809,3.241365263520401,0.6400835664061097,0.01979636870626008,6.216611164161807e-05,1.1623797908883915,0.3301646238725298,0.23017385141244082,0.1516810983781194,0.08941398562587677,0.05253751207280516,0.0275159040875607,0.014702000863580839
0,SH2D2A,brain_amygdala,brain_putamen_basal_ganglia,0.4469182401883593,4.4345938739949355,0.4605568805757373,0.04283591154161196,8.085882502693309e-05,0.6005097989523287,0.27039395831306984,0.2268920274090669,0.12444978028717321,0.07333516393726866,0.050229758114581156,0.021061472750500597,0.01293376265791554
0,SH2D2A,brain_amygdala,brain_spinal_cord_cervical_c-1,0.39175329770512846,4.31432792404355,0.3776636477023018,0.053701911051671616,0.00014479435240242084,0.6525388010904635,0.2990946465271211,0.21653068160045913,0.16264697496057598,0.0839543607590324,0.0568726676730076,0.028377372081398337,0.0187297184311429
0,SH2D2A,brain_anterior_cingulate_cortex_ba24,brain_caudate_basal_ganglia,0.5374317999964504,4.582724390564559,0.4920282751064822,0.02992484117633119,6.61377044626024e-05,0.45576068738277786,0.29319299696448103,0.2014308096240455,0.13718381696854026,0.0698986607406689,0.04529461892552254,0.0244530078884072,0.01355724696106926
0,SH2D2A,brain_anterior_cingulate_cortex_ba24,brain_cerebellar_hemisphere,0.5318344620010697,4.307509037420209,0.4761353958408788,0.033125530755733705,7.807472516203141e-05,0.4759860886349118,0.26776552075148025,0.15615761427313685,0.1076541074053721,0.06557993191878833,0.046975090476284856,0.02115745675921672,0.01309499348964118
0,SH2D2A,brain_anterior_cingulate_cortex_ba24,brain_cerebellum,0.44829129063877743,4.253935999768415,0.35019780733049105,0.03191462881173093,6.325557288980404e-05,0.36657556585078255,0.23808262127748075,0.14994029463182432,0.08157959674406276,0.055803120430777876,0.04281843896670092,0.02292975575689212,0.01344896952529758
0,SH2D2A,brain_anterior_cingulate_cortex_ba24,brain_cortex,0.6587846765801849,3.7043689948152747,0.5686737258229331,0.02811516951698818,7.883884138084146e-05,0.5232453291877677,0.21205028368462395,0.17223569726724144,0.11703485888669003,0.0664736109353101,0.046706104924484404,0.02181241265687382,0.013155613542229619
0,SH2D2A,brain_anterior_cingulate_cortex_ba24,brain_frontal_cortex_ba9,0.7182293002570768,3.665413256787313,0.7514749747680428,0.010684064221060142,3.214350935357801e-05,0.5370501832664588,0.2930328170856962,0.2351516337677128,0.1352567563199972,0.06313652057217363,0.04772492883887434,0.0233675026673087,0.01406184956072024
0,SH2D2A,brain_anterior_cingulate_cortex_ba24,brain_hypothalamus,0.5168998500365168,4.3015784648553215,0.5063773855264013,0.025992606195008604,7.305141720267134e-05,0.6889113856468164,0.37545237253364055,0.2389596536214343,0.15049744264399606,0.0741459540369691,0.0458995136394337,0.026751263270038562,0.01781620020649452
0,SH2D2A,brain_anterior_cingulate_cortex_ba24,brain_nucleus_accumbens_basal_ganglia,0.5280685616170919,3.918644263459253,0.565629038404839,0.008609260320279758,3.476215922092998e-05,0.6797354430190694,0.31249232098213214,0.2214805335871656,0.14086169309231458,0.08404437852701681,0.04646530141701546,0.0276631223833226,0.014764546077418981
0,SH2D2A,brain_anterior_cingulate_cortex_ba24,brain_putamen_basal_ganglia,0.4980022826781815,4.549853100209167,0.42527408331924,0.03892622867426844,0.000100412486762074,0.46873501697791076,0.25256603638592257,0.21381687439767028,0.14367678484500734,0.0635837831973493,0.0440582676514591,0.02078681604698416,0.013206577076734139
0,SH2D2A,brain_anterior_cingulate_cortex_ba24,brain_spinal_cord_cervical_c-1,0.4500327569677995,4.190145882895568,0.35337766315042185,0.0584819823775937,0.0001568529784027243,0.5596196133373863,0.29616641611233263,0.21111908192550147,0.16493518579247546,0.07154486821649077,0.05316149583135225,0.029358008523427282,0.0176581042642963
0,SH2D2A,brain_caudate_basal_ganglia,brain_cerebellar_hemisphere,0.4817264221834453,4.542414465267944,0.480906404525991,0.051740640160916875,0.00012167651826954333,0.4078539754658655,0.20932134596216884,0.15781645936662012,0.11240226978416212,0.06707823815638345,0.0409890964140477,0.01959656642685786,0.01241746140120056
0,SH2D2A,brain_caudate_basal_ganglia,brain_cerebellum,0.4425075892236417,4.31071907936348,0.3785103039769101,0.030760613841526323,6.875343328612917e-05,0.4559880821188315,0.22092670076280121,0.14784647680640317,0.08010531891386745,0.05608510921111196,0.03918286765276362,0.0222684865238256,0.012715353307816502
0,SH2D2A,brain_caudate_basal_ganglia,brain_cortex,0.5245378384333328,4.406623085644622,0.5815298650324324,0.039095180696415065,8.371151526030057e-05,0.46160068327454284,0.1928223483626826,0.1557129449657344,0.10247678843490446,0.07112823150723771,0.044864061587469715,0.02035931605147124,0.012710926264041819
0,SH2D2A,brain_caudate_basal_ganglia,brain_frontal_cortex_ba9,0.5454176519971197,4.437979552575423,0.4314228091348884,0.037578535601756016,7.771265044872471e-05,0.482273977595397,0.2588098271578689,0.18272159304308033,0.12221317019379666,0.06420594996429756,0.041290538036611105,0.0222073591378595,0.01352346565504672
0,SH2D2A,brain_caudate_basal_ganglia,brain_hypothalamus,0.4553557845908959,4.104055200717394,0.36420292659845654,0.01899929365641358,3.956713978882764e-05,0.5804711857071314,0.3049797972697648,0.2182355625626026,0.15612621329546447,0.07609534649987655,0.040562747047374545,0.02718962619648496,0.016261542044120458
0,SH2D2A,brain_caudate_basal_ganglia,brain_nucleus_accumbens_basal_ganglia,0.5793472107467407,3.228709263029662,0.7111905738487722,0.02560260272604677,6.838955483519122e-05,0.7960384634077814,0.3118862823753977,0.2032898344859393,0.15348449229876865,0.08022278674420832,0.04407949887381536,0.026345777491679157,0.013636659659657921
0,SH2D2A,brain_caudate_basal_ganglia,brain_putamen_basal_ganglia,0.8650412997497614,2.2760272228791614,0.885635201127703,0.021333473646238506,7.075856102998964e-05,1.1926929464066156,0.2751619569813678,0.20703335557622232,0.14055614384505083,0.06758454092545477,0.041859947746910584,0.021278495263408942,0.011589450892825339
0,SH2D2A,brain_caudate_basal_ganglia,brain_spinal_cord_cervical_c-1,0.38235969198571146,4.334465342176162,0.3444713640398142,0.07319691101981096,0.00016911817923256133,0.48114350303677844,0.2865227845438208,0.20105131308544122,0.1487217287886823,0.07440404204018751,0.0452332977385887,0.02721182241187916,0.016598843073025837
0,SH2D2A,brain_cerebellar_hemisphere,brain_cerebellum,0.6840305526548937,2.6766700105546906,0.7191459036168856,0.027070112305266913,7.216609899325718e-05,0.8010209110502856,0.2874066783957652,0.14277143398939568,0.07415020200818714,0.053772227278295025,0.036421782724651,0.01867352788162278,0.012400377173777979
0,SH2D2A,brain_cerebellar_hemisphere,brain_cortex,0.50441175715336,4.322324642887823,0.434868954234639,0.021663835410779236,5.106484515508844e-05,0.43266208119933525,0.18255658736329447,0.12656771856089052,0.10047251881674782,0.05864423976435532,0.04253842822591478,0.018062612680082198,0.0124754186658979
0,SH2D2A,brain_cerebellar_hemisphere,brain_frontal_cortex_ba9,0.5002521633263053,4.642443796083004,0.43045588120719314,0.01597364613313657,6.054536064958287e-05,0.4136146792654836,0.21281475602008712,0.1604111259013782,0.10239534316911221,0.061614797387617534,0.04118026551330944,0.01987689572360592,0.01316273388722842
0,SH2D2A,brain_cerebellar_hemisphere,brain_hypothalamus,0.42669835796839556,4.263453265454181,0.3839157523022497,0.08513206140707222,0.00018667033533239304,0.5170342155832671,0.25517559402596496,0.162846651114589,0.11432308778738236,0.0709625568671252,0.041579353031807056,0.022142054635979642,0.01594040856355464
0,SH2D2A,brain_cerebellar_hemisphere,brain_nucleus_accumbens_basal_ganglia,0.42317899558384264,4.263841336764996,0.39811657382873616,0.02840846923560327,7.430959658859115e-05,0.43628285723643306,0.24027379477262514,0.17869842474442552,0.11474772031770582,0.07230108915973876,0.044423734700241455,0.0221209226138721,0.013845616897205839
0,SH2D2A,brain_cerebellar_hemisphere,brain_putamen_basal_ganglia,0.44810070185393414,4.419929000521728,0.4012455234364172,0.060328737284985834,0.00015330436127999824,0.3882398909132393,0.20397776831914988,0.16086988441066263,0.10120653148376765,0.06804223390545391,0.042478478951865815,0.01784824535363578,0.01193970470291584
0,SH2D2A,brain_cerebellar_hemisphere,brain_spinal_cord_cervical_c-1,0.3893805527987492,4.33717736547473,0.3138374037359952,0.08702010167947723,0.00023312244536121432,0.5045362304435578,0.24312138730545732,0.166404370833821,0.1101757616321429,0.06947189999858691,0.0463716742310401,0.022977943866467242,0.01640146818921278
0,SH2D2A,brain_cerebellum,brain_cortex,0.4875939416381233,3.7731244081968156,0.4894434348348818,0.010082749618681138,3.533531731235076e-05,0.4358976267708308,0.1929456437136636,0.12575937850612345,0.07022648714424481,0.05528679337989102,0.04103503914113018,0.01974358949201248,0.012431258294323561
0,SH2D2A,brain_cerebellum,brain_frontal_cortex_ba9,0.4571770169999329,4.4589461415239615,0.4080360215240765,0.02982563879354221,6.001777204277848e-05,0.39547819873825735,0.212347258092681,0.16011672296167995,0.07538274733851824,0.05357346643348626,0.03736572635252314,0.0201481412551208,0.01385107716111506
0,SH2D2A,brain_cerebellum,brain_hypothalamus,0.3927170065168366,3.7526627691411356,0.39231389676622264,0.06410258234392015,0.00015171328184931677,0.45484489576608544,0.23695720541874463,0.1464653649953151,0.08720833145871545,0.06033259549966632,0.04055671065418032,0.02449147475354446,0.0170475654126604
0,SH2D2A,brain_cerebellum,brain_nucleus_accumbens_basal_ganglia,0.3585561017998061,4.368930222482445,0.3107020977430066,0.024545825928266308,6.598710340651388e-05,0.35511205101944243,0.2396313009199182,0.1739404801934238,0.08618285821244438,0.05860374066777365,0.0420350354613217,0.024493289907352743,0.01464835522910182
0,SH2D2A,brain_cerebellum,brain_putamen_basal_ganglia,0.42014638814352717,4.359267846526102,0.3957744298325004,0.032045622773425916,7.363184773279702e-05,0.4724672458754037,0.21617842462594244,0.14395321703107025,0.07733830639956499,0.056273554006062085,0.03896736333040518,0.01940051290575876,0.012549504661462601
0,SH2D2A,brain_cerebellum,brain_spinal_cord_cervical_c-1,0.3660194228194641,4.131283194594487,0.2742487930253651,0.05240052966351192,0.0001898340591627085,0.45996554018039626,0.26286361118436885,0.17328157527901028,0.08287398496026449,0.058033381051018185,0.044299848482967544,0.026234557664469083,0.016504894736557897
0,SH2D2A,brain_cortex,brain_frontal_cortex_ba9,0.8125051571918946,3.0362209036170276,0.7778350918295587,0.03623709581152759,6.546340731643852e-05,0.6510369928193562,0.22183135186929442,0.15675332262845934,0.11103504770207095,0.0614290513159789,0.04120058662223462,0.01959604815271104,0.01324394956218194
0,SH2D2A,brain_cortex,brain_hypothalamus,0.4228460658199089,4.2132229924733,0.3265689605391185,0.0477676258388866,0.0001220757167598394,0.5108682475359991,0.20606857099647083,0.1727490496182892,0.10704729589430144,0.07010527117468737,0.04800730129476788,0.02248533153513168,0.0162280361976959
0,SH2D2A,brain_cortex,brain_nucleus_accumbens_basal_ganglia,0.4147479664831798,4.540847516360971,0.5468970331055248,0.018998868082731806,4.982272058452442e-05,0.4404970458934234,0.19527175973477598,0.15830437030541206,0.11396849855669189,0.0793477479947566,0.04996674323199092,0.022083031255834978,0.014069796859513862
0,SH2D2A,brain_cortex,brain_putamen_basal_ganglia,0.5126227299363906,4.096260124106638,0.4515137029409744,0.015452038075481086,4.3135976346958643e-05,0.5452846080761108,0.18225279057494817,0.1546551388513935,0.1110870065093795,0.06168919349442532,0.045168330506632604,0.017656025816709258,0.01268998483910964
0,SH2D2A,brain_cortex,brain_spinal_cord_cervical_c-1,0.4210928654988207,4.319019633408094,0.3156197585486802,0.0374561798364686,0.00014512725340887073,0.5186493226119594,0.22086149542525707,0.15069700668010308,0.12589691371790201,0.06938633553207814,0.053250641466472404,0.02420842378580478,0.015522147027627243
0,SH2D2A,brain_frontal_cortex_ba9,brain_hypothalamus,0.443100286054689,4.677202325241964,0.36062074129511074,0.038295899510472076,8.148465690809152e-05,0.4824389039986691,0.3088924966883956,0.21235857020802343,0.1346587351762542,0.06641313443572378,0.04360307753245832,0.025162228140379116,0.0170572922825174
0,SH2D2A,brain_frontal_cortex_ba9,brain_nucleus_accumbens_basal_ganglia,0.4300967864514651,4.72115851130928,0.4864167730024693,0.006872457593075601,2.6385780383683624e-05,0.45640166727672077,0.28775328774496695,0.1893309516905905,0.12885202641111454,0.07557348370652162,0.043460540362751245,0.02491609293177158,0.0147840028434821
0,SH2D2A,brain_frontal_cortex_ba9,brain_putamen_basal_ganglia,0.5317641126477126,4.245601494886945,0.4028324339441595,0.05043407355448857,0.00010389156413804034,0.4698202472465745,0.2898311434944915,0.19231583061639956,0.12442612706649259,0.06029619257939922,0.0397815818377898,0.019756151338316,0.012924622368500338
0,SH2D2A,brain_frontal_cortex_ba9,brain_spinal_cord_cervical_c-1,0.4769194173206869,4.315343011856035,0.35912247211814885,0.07535315645032147,0.00018514407576830882,0.5444808783046191,0.332020078961279,0.19685953633551861,0.13725069900662865,0.07177682651646786,0.0450010725228304,0.02652208676602764,0.01698459683662946
0,SH2D2A,brain_hypothalamus,brain_nucleus_accumbens_basal_ganglia,0.5113849770656375,3.478477079101625,0.4622865291435681,0.03012147234819168,8.781857207430807e-05,0.8251135408743029,0.34039390879831416,0.24237172065028628,0.1608943326277662,0.09536381389740253,0.04556104803526516,0.029281566428937377,0.01777843548684746
0,SH2D2A,brain_hypothalamus,brain_putamen_basal_ganglia,0.43264224967628645,4.021798345919184,0.32480119802340895,0.035356399436319706,8.108751810855002e-05,0.602309465913802,0.26858469020148606,0.22052845059717355,0.15232425940294486,0.07474294748304972,0.040777258815516845,0.0247665798478862,0.01523867720661946
0,SH2D2A,brain_hypothalamus,brain_spinal_cord_cervical_c-1,0.44094513531164414,3.7461513635847288,0.4100274476886233,0.052689515761921636,0.00016895067650172,0.6629147123354981,0.36596077459405446,0.21412887373291115,0.17781069265654104,0.08288319917231403,0.051858505132968004,0.029255101225643843,0.02331583025309196
0,SH2D2A,brain_nucleus_accumbens_basal_ganglia,brain_putamen_basal_ganglia,0.5245846026344434,3.2644265422106855,0.5090158318989358,0.043286034007525453,0.00014308661736028898,0.7303821838250735,0.28200951129600965,0.22733385029991773,0.13441087402187746,0.07520061355401676,0.047046306771803104,0.02362874411364834,0.01275434686091682
0,SH2D2A,brain_nucleus_accumbens_basal_ganglia,brain_spinal_cord_cervical_c-1,0.3874932074441864,4.250881192774679,0.35488214375815413,0.07320279733204885,0.00019881452564728518,0.6448791190487545,0.3339578235723482,0.21586001265393845,0.15749746118983182,0.08744453316428476,0.04971149506954006,0.028635935930961122,0.01920031436115778
0,SH2D2A,brain_putamen_basal_ganglia,brain_spinal_cord_cervical_c-1,0.3784036409429107,4.342741760102184,0.3513775783946565,0.05592181353120318,0.00017181181128200125,0.49264086028463294,0.2996163240614938,0.24092229753567337,0.13050790505972573,0.07079209244544832,0.0456565894296686,0.0235739506867667,0.01591563134268084
1,JAM2,brain_amygdala,brain_anterior_cingulate_cortex_ba24,0.6458752769701184,3.0226689940202767,0.7356404962929165,0.08841326303889183,7.265617624806008e-05,2.239156841468602,0.7485812278784262,0.48413067342542104,0.3144245436786265,0.14199301003927284,0.10271695790057622,0.053657563253077925,0.02493118157062622
1,JAM2,brain_amygdala,brain_caudate_basal_ganglia,0.43063447115224696,3.6942943504917665,0.33626836597986137,0.18700935495136944,0.00010544625953508649,1.4055805429789503,0.6975866481881012,0.32164246321179524,0.23597816961166201,0.14616257277059522,0.09442562608937277,0.0603273305944159,0.028434343154757718
1,JAM2,brain_amygdala,brain_cerebellar_hemisphere,0.3132920545376831,3.7076006603126173,0.39805865186767597,0.12644786821409235,7.045277010837515e-05,1.2011214817667633,0.5319878117611896,0.28021303070823467,0.1973145014914168,0.12305908692786774,0.0815599290396437,0.055348184606993533,0.0213024016382031
1,JAM2,brain_amygdala,brain_cerebellum,0.3802740710744286,3.817181919231234,0.464332131654987,0.21721538966491288,0.0001145094160587573,1.2270170265918405,0.609014474728645,0.35270416973879876,0.21162497957530263,0.1284140319984111,0.07948003729523842,0.05027899317976901,0.02215122543684154
1,JAM2,brain_amygdala,brain_cortex,0.5357776059626301,3.2077692821233668,0.4748628922752511,0.13210660438123042,6.92101878367011e-05,1.711960316387468,0.5945152441525267,0.38820464197066873,0.2554086980477249,0.14680163914600292,0.08393689657136624,0.04834738767154316,0.02233900009755466
1,JAM2,brain_amygdala,brain_frontal_cortex_ba9,0.5251903486800551,3.5585653896364144,0.46293948559226783,0.27913040037896303,0.00014113681921976962,1.543164352615171,0.604318964714969,0.42553546230262684,0.27269238685448044,0.1524163267206721,0.09825456530084656,0.0507969012317819,0.026496764288692982
1,JAM2,brain_amygdala,brain_hypothalamus,0.5950034916750304,2.994300312827383,0.7946810701229577,0.07385705359663328,4.9462796028538545e-05,2.383673013139621,0.7878353927400241,0.485289566469781,0.279693053602528,0.16257870887218176,0.10039678686794029,0.06681204077378068,0.032573507591648884
1,JAM2,brain_amygdala,brain_nucleus_accumbens_basal_ganglia,0.4686997694802938,3.555906631409205,0.5548919283296844,0.05116918989557302,4.38405722384704e-05,1.5679401724954434,0.7825117356596317,0.4236220431569981,0.27123253512410667,0.1463280124563744,0.09011114989824683,0.06282208170110386,0.029716932121507823
1,JAM2,brain_amygdala,brain_putamen_basal_ganglia,0.4549309835746686,3.5280613877058946,0.4323099597190966,0.14836244262392645,8.492788640916526e-05,1.660290551416623,0.6029794323667345,0.35965121734614175,0.2537269877871958,0.15390750026276784,0.101674460485689,0.057057382371278484,0.026107512889187563
1,JAM2,brain_amygdala,brain_spinal_cord_cervical_c-1,0.5391479616577882,3.2226313751478357,0.5445177548538588,0.07163870600868824,3.7518651921723225e-05,1.9288236080423427,0.686822622937945,0.44171348104697616,0.2680001476322783,0.15960396287375983,0.1102706626043094,0.06888266548257838,0.028150772296998
1,JAM2,brain_anterior_cingulate_cortex_ba24,brain_caudate_basal_ganglia,0.45232527013340695,3.8799899512051383,0.34070645636780394,0.13005874945111615,8.281436384120299e-05,1.192426922375018,0.6369606890560835,0.33579120014397007,0.23556147173875272,0.146719542808024,0.08715539674473916,0.0517514178483927,0.027286384379577738
1,JAM2,brain_anterior_cingulate_cortex_ba24,brain_cerebellar_hemisphere,0.36842569719280716,3.5680723734223916,0.44792835853253044,0.10351940050145987,6.134773983600163e-05,1.1753543494897722,0.609908431463231,0.2703857729179241,0.19893722541501696,0.12563130374268278,0.07954719130716018,0.05050698128664842,0.02055498962199664
1,JAM2,brain_anterior_cingulate_cortex_ba24,brain_cerebellum,0.46951799840716557,3.661152172918958,0.5323643818844295,0.129995831689878,7.51733515410932e-05,1.287701815632201,0.6117738097684896,0.3522691160199394,0.22819505474493562,0.12795227573963946,0.07796617356621502,0.04695168476752404,0.02093940875105196
1,JAM2,brain_anterior_cingulate_cortex_ba24,brain_cortex,0.6444429985761229,3.2200671628975988,0.7491183005568773,0.1604164919298599,0.0001173936612449066,1.6016897769638985,0.616192419102014,0.42351404407146215,0.2764370840393601,0.14074895224185485,0.08094557066862709,0.04634559013013588,0.02097333859511996
1,JAM2,brain_anterior_cingulate_cortex_ba24,brain_frontal_cortex_ba9,0.7477086720489009,2.973071493390664,0.7368852390872717,0.26979918380147716,0.00018807772170038653,1.9827568211554596,0.707577554161276,0.4262038301942576,0.2768174756999694,0.14979369166543227,0.09908431012262339,0.046879609849811744,0.02373921460667976
1,JAM2,brain_anterior_cingulate_cortex_ba24,brain_hypothalamus,0.6365036951650926,3.3206980570427325,0.6650294482163136,0.062264753527758177,5.136903753780297e-05,2.101659646611081,0.7656124545573821,0.42757344091940963,0.31607758473385583,0.15472578943127263,0.10701261674063738,0.059654602476066264,0.03020465216536476
1,JAM2,brain_anterior_cingulate_cortex_ba24,brain_nucleus_accumbens_basal_ganglia,0.5179249925633139,3.6760616402914943,0.5988875376784967,0.07192520237887519,5.5967911953245404e-05,1.421001952877193,0.6543919758263714,0.4434106924501327,0.3300081458784996,0.14265994403857887,0.09129438259085361,0.05353451044313938,0.029031102582481278
1,JAM2,brain_anterior_cingulate_cortex_ba24,brain_putamen_basal_ganglia,0.518537044816689,3.502212347279296,0.4944900577132577,0.10789763324372585,6.384800200443937e-05,1.5849604929483632,0.5251617156010069,0.36524761013079227,0.26144698298165736,0.15864314698705134,0.09794250184862427,0.05220092413658434,0.0241880978521227
1,JAM2,brain_anterior_cingulate_cortex_ba24,brain_spinal_cord_cervical_c-1,0.5956294107331701,3.4410419428611076,0.698722393302263,0.08770841081769984,4.963320053332194e-05,1.8533383446015264,0.6368495085869605,0.4148656942155501,0.29416542762049874,0.1641535006032336,0.11308307239252416,0.06020496747398376,0.02653518390550218
1,JAM2,brain_caudate_basal_ganglia,brain_cerebellar_hemisphere,0.29311933459637185,4.046664774154929,0.27863625352940846,0.1883953217114589,8.013170252338618e-05,1.1204364738618877,0.5282257029148443,0.24231222280480705,0.16838563433668935,0.12435548676106797,0.07798932670750004,0.052981162029208495,0.022828054562838478
1,JAM2,brain_caudate_basal_ganglia,brain_cerebellum,0.36363152324773634,3.8893536036053185,0.36587902068807315,0.178034385982165,0.0001181954987797125,1.182111640283864,0.5687623761305552,0.2866589617761873,0.18866699786230476,0.12427541532861083,0.07189060722113966,0.05050214274162086,0.02384883385529938
1,JAM2,brain_caudate_basal_ganglia,brain_cortex,0.5595910645802281,3.032064283722527,0.5255679947221086,0.12414272098791637,8.11189821383271e-05,1.9487463586875653,0.5425275329338325,0.301359895207411,0.22118270016596292,0.14553900241610404,0.07419829036225252,0.04880970308840944,0.0241723031714353
1,JAM2,brain_caudate_basal_ganglia,brain_frontal_cortex_ba9,0.49265370519910007,3.5245506656575833,0.4628705832710365,0.039259992752254405,3.2721553860923156e-05,1.4811321121874905,0.5764370264994284,0.2978280007516779,0.22379381225334338,0.15118330794494778,0.08984413279598855,0.05008603588695628,0.02769504682817072
1,JAM2,brain_caudate_basal_ganglia,brain_hypothalamus,0.4721091509159212,3.589342110099671,0.38013775337007377,0.17103156595985797,7.185470488451764e-05,1.6063837631256752,0.7870074308980719,0.3161150030330139,0.2343182022914258,0.14977746466738612,0.10453070691701831,0.06303037834664886,0.0361057563402613
1,JAM2,brain_caudate_basal_ganglia,brain_nucleus_accumbens_basal_ganglia,0.5995946240329814,2.4470590939903487,0.473072513509978,0.12599840751500443,6.971939590283133e-05,2.46210769739372,0.8555516977558542,0.30884039973582683,0.2202238276782802,0.1371799930531188,0.08593060559838778,0.05708295074694012,0.03394934668897316
1,JAM2,brain_caudate_basal_ganglia,brain_putamen_basal_ganglia,0.7594998193528433,2.0071743006388623,0.7590702199533869,0.07653475722079706,6.54864571144887e-05,3.61832376592764,0.6761176352370522,0.3048438248569581,0.22403805322618622,0.1454305782627253,0.08747411852064174,0.0555336377752901,0.02685924394117172
1,JAM2,brain_caudate_basal_ganglia,brain_spinal_cord_cervical_c-1,0.44052105182707174,3.4452133364868907,0.406849644054143,0.13856206752857697,6.753963328602845e-05,1.4330617930197938,0.561204323227861,0.3323866951440563,0.2209492545743621,0.16058223348656933,0.0982288353386085,0.0651572192181549,0.031248076231335457
1,JAM2,brain_cerebellar_hemisphere,brain_cerebellum,0.5980736507991866,2.2451849366810657,0.5627585437820505,0.1870656280630282,0.00013220908593753234,2.765303814938001,1.0854414326156,0.25637834930199244,0.1723228932310889,0.10685492156326945,0.0678913954606298,0.04297394904676004,0.01845480967493314
1,JAM2,brain_cerebellar_hemisphere,brain_cortex,0.3339353259743249,3.8448949699972195,0.452079974579335,0.13166958203191476,7.686583211516077e-05,1.0469036903246733,0.4875482091219556,0.2404807608522793,0.1887135733195551,0.1139823049412398,0.06981022505216719,0.04738438250290922,0.01896435580293518
1,JAM2,brain_cerebellar_hemisphere,brain_frontal_cortex_ba9,0.3753991045939524,3.746740499211119,0.5054591793151381,0.1851362777078715,0.00011332214199050815,1.153881555161974,0.6046692567295286,0.24878446359365514,0.19725983406656716,0.12335737077310552,0.07320408541230841,0.051452913350492555,0.021151299455545662
1,JAM2,brain_cerebellar_hemisphere,brain_hypothalamus,0.35188003091481135,3.550899962778336,0.38103483191343424,0.09895608661554096,5.849929660468459e-05,1.3347615006412603,0.6078681394200824,0.2655803101810696,0.18692052052811858,0.1267272159105446,0.08548748771289552,0.06284886794885576,0.026857783192987837
1,JAM2,brain_cerebellar_hemisphere,brain_nucleus_accumbens_basal_ganglia,0.3360491944103877,3.5239503416437508,0.367348687565511,0.1434619881649532,7.885082600334945e-05,1.283919851022547,0.5569537470060814,0.274229812328702,0.18637238281314722,0.12106540876939605,0.07897144521892818,0.054423724829262096,0.02471828320541564
1,JAM2,brain_cerebellar_hemisphere,brain_putamen_basal_ganglia,0.3072285789240347,3.7818698015327685,0.26869458874198765,0.098714360885111,4.278680600953348e-05,1.230000161794411,0.4975434845517084,0.26331884466732214,0.1759928423853525,0.12456585742323052,0.07638523160030418,0.054435674233454454,0.0207684683815939
1,JAM2,brain_cerebellar_hemisphere,brain_spinal_cord_cervical_c-1,0.34969783165859764,3.6613118445159607,0.5012465936527845,0.044197241320790934,3.1985016271843695e-05,1.2474062014665492,0.5387765069172112,0.3003804924730426,0.1962329955636036,0.12667227448683058,0.09421505567931407,0.05988815579241524,0.02299559456815726
1,JAM2,brain_cerebellum,brain_cortex,0.4505079613375176,3.701101891963989,0.5376208800743839,0.1478222859774913,9.477234650789572e-05,1.2551078648356317,0.5676629562183324,0.3597586225320173,0.21124160050557358,0.11907343021499357,0.06663824558005492,0.04464950502980594,0.019046675354643
1,JAM2,brain_cerebellum,brain_frontal_cortex_ba9,0.4424449936090754,3.9088495784804307,0.5012308590433003,0.14596269786962449,8.9797295290016e-05,1.0787917215167167,0.6217579320215684,0.3339898675792526,0.21270537381118015,0.12316226264310401,0.07358652035093605,0.04974908282148718,0.020979928839030042
1,JAM2,brain_cerebellum,brain_hypothalamus,0.4201658157330284,3.7079831263989282,0.5176201137015304,0.20621033756042023,0.00012031084668791556,1.3697530317359468,0.6913613682374826,0.33516984545307515,0.20508987180103722,0.13641493559424994,0.0832061621180035,0.05696990664868008,0.02672946667114668
1,JAM2,brain_cerebellum,brain_nucleus_accumbens_basal_ganglia,0.42350988673312984,3.3858293040031464,0.4991548888064649,0.2147814659169221,0.00014199899276900145,1.4994785318335815,0.6371042582751508,0.3383599087784771,0.22802998678580427,0.12477678475889734,0.07702705801260121,0.04826561220856224,0.025010848786650143
1,JAM2,brain_cerebellum,brain_putamen_basal_ganglia,0.40470021809273327,3.632686107202351,0.418029688974946,0.09764560132962312,6.402297895133946e-05,1.467785217954118,0.5711239750101258,0.3224834497035404,0.1931676834493374,0.13110011385799056,0.07243972042887596,0.0538517307983026,0.02096809391960398
1,JAM2,brain_cerebellum,brain_spinal_cord_cervical_c-1,0.4315592251136848,3.6527228348598064,0.5442268873361468,0.1218344333309325,7.336479857555361e-05,1.274530869776559,0.6245822776219023,0.4021972020770194,0.22785010809848974,0.13756313525237865,0.08557123955034987,0.05267900762775204,0.02340348673511896
1,JAM2,brain_cortex,brain_frontal_cortex_ba9,0.6847426770513518,3.0409994964211626,0.7044715799923349,0.139966089844675,0.00010194608866127815,1.7312409771482362,0.6031055781896497,0.3983884834201207,0.24730830554152733,0.13751506820418355,0.08160496467661163,0.04647182894171572,0.02116131961297038
1,JAM2,brain_cortex,brain_hypothalamus,0.5740110022686811,3.465378524440741,0.6153451657629201,0.22859045551052432,0.00010572476917310367,1.8534353726436006,0.6219583742662355,0.36631051536689013,0.2586144304675079,0.15774590141688324,0.08645374167268198,0.05509930246849641,0.02690688758718312
1,JAM2,brain_cortex,brain_nucleus_accumbens_basal_ganglia,0.5579883623948434,3.2686292468184073,0.5557186903942153,0.13888053540560857,7.2500294061849e-05,1.82826818411814,0.6355084787971059,0.3661040505970077,0.26797894448596216,0.13371413610223898,0.07889039416581269,0.04982095412911862,0.025324925632849278
1,JAM2,brain_cortex,brain_putamen_basal_ganglia,0.612840999924597,2.8166335291623907,0.6368658467512464,0.08941352120155222,5.487927217402975e-05,2.2679640181231937,0.5361006430540581,0.3384210913739746,0.2343785244950345,0.15319413393232742,0.08055816772902662,0.04801091810404812,0.02140182628162886
1,JAM2,brain_cortex,brain_spinal_cord_cervical_c-1,0.5457145838497608,3.610412265247971,0.6247470397118228,0.11423939256429108,7.164034872259904e-05,1.519772515841133,0.6268778882844241,0.37559774608204466,0.25835907538842895,0.169112094390593,0.09196114563384886,0.05453979023906558,0.02353505052064834
1,JAM2,brain_frontal_cortex_ba9,brain_hypothalamus,0.5801024482888988,3.477647727847141,0.6002534384197242,0.2356517564724418,0.00012750674355587266,1.6935601946126018,0.688797165192627,0.40150452465379516,0.2534983075551858,0.1557517910416913,0.10500912719726385,0.060111609360796056,0.03179751348997722
1,JAM2,brain_frontal_cortex_ba9,brain_nucleus_accumbens_basal_ganglia,0.49389589104169246,3.9047956353218227,0.4665657926692327,0.14210415462563247,0.00010980360635647017,1.3600085255180077,0.632596357685921,0.3934137624627704,0.26098589990836935,0.1467485099420213,0.09085769084871029,0.053131968927610386,0.029499379247748758
1,JAM2,brain_frontal_cortex_ba9,brain_putamen_basal_ganglia,0.5439063091903013,3.1495727970208764,0.6287877859464144,0.08333726728092088,5.630259048750758e-05,1.7698398935720134,0.49837063191570774,0.34297182529788794,0.24608439749538494,0.15694191981114108,0.09319313187643058,0.051860065268717226,0.02428918320766138
1,JAM2,brain_frontal_cortex_ba9,brain_spinal_cord_cervical_c-1,0.5499755242582898,3.759135755878485,0.5597791910753742,0.18651732431013757,8.828064617205368e-05,1.5679040584638089,0.5883317039259229,0.3961171259999866,0.25411129929535897,0.15969255307303146,0.10695330891125887,0.06397616113017872,0.027257274762396477
1,JAM2,brain_hypothalamus,brain_nucleus_accumbens_basal_ganglia,0.564536308088158,3.2001947874760335,0.6379836311623087,0.03922921741661382,2.580836212742707e-05,2.0393476949133977,0.8551439245785634,0.39453912766527016,0.2963275790984741,0.1485773206410483,0.10304524190431799,0.0664192209069398,0.039639076636531365
1,JAM2,brain_hypothalamus,brain_putamen_basal_ganglia,0.5022027657693139,3.3405719118760806,0.4434665155054544,0.12704210862944348,4.523464910907238e-05,1.890859216139549,0.6048421483705634,0.35473920726455493,0.25139727867104816,0.15282702238922058,0.10475590384661253,0.06592281418529557,0.03118532605193574
1,JAM2,brain_hypothalamus,brain_spinal_cord_cervical_c-1,0.6411475353852066,2.8774492271139347,0.6294899214430704,0.05829065358019444,3.883461844555571e-05,2.421112889481944,0.7295632124624822,0.42559080881204636,0.2805918589705564,0.16965205603194397,0.12388829193023695,0.08315067797170958,0.03591073604882998
1,JAM2,brain_nucleus_accumbens_basal_ganglia,brain_putamen_basal_ganglia,0.6421867929537777,2.400552743597707,0.5283824114161052,0.06670754995095456,3.350906901753171e-05,2.754666059539594,0.7231042241976137,0.34335758861140037,0.23162702415853134,0.14421281663323793,0.08899290832358989,0.05822914211494604,0.02905831659219888
1,JAM2,brain_nucleus_accumbens_basal_ganglia,brain_spinal_cord_cervical_c-1,0.5642187118894733,3.006995982217892,0.6592753750311531,0.054682682902864196,2.8353949977628657e-05,1.9648595984654633,0.6666051811799291,0.45151529652201444,0.2725540893280028,0.1535243339245136,0.10403994626227206,0.0721989808094711,0.03291226109578324
1,JAM2,brain_putamen_basal_ganglia,brain_spinal_cord_cervical_c-1,0.4788924580953429,3.372835614352666,0.488950324380727,0.06330651321951686,3.153688434956127e-05,1.6319784898417153,0.5893437169834878,0.3562291755446868,0.2301678640664302,0.16246867581151375,0.10366513849170327,0.06670134727249764,0.0271480270558253
1,SH2D2A,brain_amygdala,brain_anterior_cingulate_cortex_ba24,0.7371771272659988,3.608851317454088,0.6627654010201522,0.04990728157385446,4.557135415102308e-05,1.0254952613161845,0.5163820804546295,0.328801064410596,0.22616985961972452,0.09946828250101777,0.058621287614902116,0.036008182617089254,0.0240310773637656
1,SH2D2A,brain_amygdala,brain_caudate_basal_ganglia,0.579372237672642,3.8520449473984044,0.5807164234468453,0.04789378698792969,5.142158657346994e-05,1.2279762633788187,0.4647479713057601,0.3262838588017984,0.18461318685342454,0.10247549087798558,0.05630698346587236,0.03691005303528272,0.02308246668337156
1,SH2D2A,brain_amygdala,brain_cerebellar_hemisphere,0.48691343094364453,4.626561895811708,0.5691411438216684,0.06653662166182635,7.124690656247449e-05,0.755271706716593,0.36656926357659125,0.23456377537603573,0.13071198993635375,0.08111138568324427,0.056009850092585634,0.030659574550290003,0.01926668459563676
1,SH2D2A,brain_amygdala,brain_cerebellum,0.5251378055658414,4.572441383684411,0.4037215637180786,0.05426556299443206,5.7785314406472255e-05,0.8332863804306019,0.4100609399680695,0.25842002294250266,0.16123731969654487,0.08873454477518096,0.05375148630896568,0.02976019288177606,0.017781967287469717
1,SH2D2A,brain_amygdala,brain_cortex,0.583017289724663,3.990498807611356,0.592646364609857,0.046530454222465004,4.480815658140451e-05,0.9204603671285373,0.40650303781785,0.2688760547120121,0.18670110900495632,0.08898423629532094,0.04519998646142296,0.033738077604661174,0.018219297958809038
1,SH2D2A,brain_amygdala,brain_frontal_cortex_ba9,0.6420075284653348,4.0051895154035675,0.60339380315982,0.07570730762586873,5.9286530732256254e-05,0.9412729889847331,0.43308546903305684,0.2989845487927491,0.18517901272007337,0.09641076159020776,0.05904577189652464,0.034151680999923516,0.02248132832553164
1,SH2D2A,brain_amygdala,brain_hypothalamus,0.45473720104395854,4.435289346864559,0.5428522001138891,0.02416513898496676,2.816368290393407e-05,0.8967614857709574,0.5934404748546089,0.3148841204933003,0.2174149862388496,0.10604501375653912,0.0642564333202917,0.04006813655090038,0.02553852189365118
1,SH2D2A,brain_amygdala,brain_nucleus_accumbens_basal_ganglia,0.5793629119494795,3.757935744583007,0.6283080759063535,0.0372220190484797,4.6669457039224835e-05,1.2999251236427178,0.42196627504398077,0.3246508120788088,0.2038139604822901,0.09932934120513673,0.05451946644584669,0.03757943690907522,0.02353693987172264
1,SH2D2A,brain_amygdala,brain_putamen_basal_ganglia,0.5298880321053063,4.002277951346903,0.4198666382247511,0.06270776464093542,7.970385847593864e-05,1.1938383950218392,0.49555686219151945,0.32851907400933444,0.1986388162308788,0.10590010029242827,0.055013885928719544,0.03601834789562272,0.02188898345871976
1,SH2D2A,brain_amygdala,brain_spinal_cord_cervical_c-1,0.48557423933800503,4.344572022284294,0.40438723515724667,0.13860981838282532,0.00016862210075534547,0.9770526666523052,0.506386754991148,0.31042268080507524,0.18606203980287914,0.11131718291177913,0.06919496236600316,0.03817221611239602,0.02568905647116464
1,SH2D2A,brain_anterior_cingulate_cortex_ba24,brain_caudate_basal_ganglia,0.5203940527570804,4.532061516779943,0.4016173941248723,0.054005703381252726,5.6033555941563886e-05,0.7535301108599508,0.3751604743470126,0.2803403668021221,0.1841267437847982,0.08895312759812717,0.04942223941162062,0.0359975434921874,0.02388424224889076
1,SH2D2A,brain_anterior_cingulate_cortex_ba24,brain_cerebellar_hemisphere,0.530551789174317,4.41155857917846,0.5258783818728221,0.038621692203306864,6.79652497877441e-05,0.6143372240406529,0.3003588241441843,0.21409815457968007,0.12826486370624068,0.06875259599815328,0.04952898364792418,0.030568026095444723,0.01987631476199232
1,SH2D2A,brain_anterior_cingulate_cortex_ba24,brain_cerebellum,0.5595419530710453,4.5364746835625755,0.5674921379017102,0.05382277231738538,4.975980297726966e-05,0.6107134830850127,0.34046211383253844,0.24373686692901858,0.16532063148110887,0.07570634051622305,0.04609327966046706,0.030444339772876517,0.01796174848292034
1,SH2D2A,brain_anterior_cingulate_cortex_ba24,brain_cortex,0.7679269489240685,3.393080484507899,0.7215032149255453,0.060903995696083416,5.88474541917818e-05,1.0735931508585685,0.4037303288102744,0.2703637486010873,0.179348495439102,0.08523468030456947,0.04428872995982856,0.03266868946902906,0.017629123212543518
1,SH2D2A,brain_anterior_cingulate_cortex_ba24,brain_frontal_cortex_ba9,0.8533636064255559,3.373494133507388,0.8781201824377906,0.019362090703628407,2.3728728193876265e-05,1.1343712440016982,0.4002076013462223,0.3175922877687401,0.18385309479066417,0.08884904668706498,0.04765771664673531,0.036596772157157856,0.02201085461811806
1,SH2D2A,brain_anterior_cingulate_cortex_ba24,brain_hypothalamus,0.4769540406933518,4.723245408403916,0.4403081888050672,0.062731566302098,5.077214809070701e-05,0.8393807537678157,0.4495757612584299,0.28284392155550464,0.22999735937020316,0.09934278792360804,0.0561011465000401,0.04142234454071552,0.02459197091401772
1,SH2D2A,brain_anterior_cingulate_cortex_ba24,brain_nucleus_accumbens_basal_ganglia,0.5772892599845854,3.9579973589019155,0.6925983616849967,0.030116368742393117,3.990436186873607e-05,0.9657198686048636,0.3743962950511803,0.2777900152484884,0.20580251997944873,0.09036420045340945,0.0524895059959379,0.03754251611905102,0.023178511837188658
1,SH2D2A,brain_anterior_cingulate_cortex_ba24,brain_putamen_basal_ganglia,0.4894298351895487,4.4894508850596715,0.3350438587478769,0.08916005568127774,0.00010874883745302835,0.7584384279218858,0.41718358152903345,0.282979328546832,0.1969495881283362,0.09313108028397475,0.04734408738316908,0.03705194999077246,0.02184739725636332
1,SH2D2A,brain_anterior_cingulate_cortex_ba24,brain_spinal_cord_cervical_c-1,0.4852741112007184,4.641995837699108,0.3774245831641677,0.17240688701480505,0.00016697596226734987,0.7713533528478085,0.39702324279342066,0.31904903758887937,0.18521256133115868,0.0941935221306203,0.05870270390005934,0.04056511792300596,0.026132609313189503
1,SH2D2A,brain_caudate_basal_ganglia,brain_cerebellar_hemisphere,0.4356946016117663,4.827161427707324,0.4261611142666853,0.0954386794271325,8.379594043575362e-05,0.6757588902521874,0.32425767486673246,0.25975224972491817,0.132125567569987,0.06777611684629203,0.0486076887966788,0.03190673665356454,0.01863793739087592
1,SH2D2A,brain_caudate_basal_ganglia,brain_cerebellum,0.4610571977460619,4.6839558215608665,0.35586980073328256,0.05981820603706208,9.696133997643619e-05,0.6960108289911802,0.3538013931600406,0.25248116019348926,0.15717916872631066,0.0720206555415577,0.0450287972730693,0.029966674457346375,0.01836515389797332
1,SH2D2A,brain_caudate_basal_ganglia,brain_cortex,0.47753851461409147,4.341976280832183,0.43380331658327764,0.029124938537598,4.1536225202171896e-05,0.773540653165639,0.3396414433046414,0.23784413703006982,0.1547731755197273,0.0777416890183611,0.042451919112772143,0.0316035514796417,0.019259371349427762
1,SH2D2A,brain_caudate_basal_ganglia,brain_frontal_cortex_ba9,0.5285483209605254,4.275494388673957,0.4182346202978026,0.08253753133478621,5.072973724016906e-05,0.8094506813045215,0.3285546685616656,0.26799975969126605,0.1740637134708848,0.08798053683988281,0.04954254556543962,0.03329321974067178,0.02277723204274068
1,SH2D2A,brain_caudate_basal_ganglia,brain_hypothalamus,0.45118097693940085,4.228539868464428,0.4227076445140215,0.05988808001955672,4.927671497102611e-05,0.8421902855001431,0.49209717960309673,0.35599986514658366,0.19046420018802146,0.10790823171372614,0.05301101583574772,0.037026848287938605,0.0251447093753445
1,SH2D2A,brain_caudate_basal_ganglia,brain_nucleus_accumbens_basal_ganglia,0.6559128722965644,3.067099158751931,0.5687589882304255,0.03652185268671468,4.4774345073956214e-05,1.4789586544379358,0.467729552447839,0.29684934599614565,0.179429106809407,0.09264613291599486,0.04756891262935716,0.034108110737488914,0.02389927119922524
1,SH2D2A,brain_caudate_basal_ganglia,brain_putamen_basal_ganglia,0.8912637563702249,2.181867422702892,0.878866074929898,0.0397106569353114,0.00010349013955802226,2.29476220973615,0.5494285269840324,0.3362581797478235,0.1735384468169085,0.10217235520859909,0.0453180688619257,0.03502995468976946,0.02174225102571432
1,SH2D2A,brain_caudate_basal_ganglia,brain_spinal_cord_cervical_c-1,0.44096864671298996,3.9206106580273277,0.43861941115130987,0.23903965641066233,0.00021068022210847756,0.9083578728637001,0.36788843179978686,0.28071207468823134,0.16890125245919957,0.10689934052058828,0.053592414187556656,0.03979449245573206,0.025463517995749363
1,SH2D2A,brain_cerebellar_hemisphere,brain_cerebellum,0.7611077692254825,3.3427646905444055,0.7406564522250119,0.0333501334023801,4.8399803350599756e-05,0.9844043936315237,0.44792658774092153,0.21897876821168424,0.12884637956597184,0.06678310882289136,0.04549179452749924,0.024225436616160577,0.015213153349656222
1,SH2D2A,brain_cerebellar_hemisphere,brain_cortex,0.5028050689924679,4.2898270396973,0.4582466833406545,0.03934244243551508,5.2236260312977614e-05,0.6047353444890884,0.26850013208572954,0.20457444688671034,0.11572106516947198,0.0635928865146003,0.04152223479035908,0.026767152150459522,0.01687148594947244
1,SH2D2A,brain_cerebellar_hemisphere,brain_frontal_cortex_ba9,0.5630327686051404,4.295702570256315,0.5456425511397146,0.0641225263507732,8.654490144424288e-05,0.5778454754017728,0.3276251392966393,0.21081373530414052,0.12316198158885934,0.06659117227819986,0.050506291141582935,0.027817972815516755,0.01889090925077872
1,SH2D2A,brain_cerebellar_hemisphere,brain_hypothalamus,0.4246443535394082,4.259124175807989,0.48293426446008836,0.09519044990447914,9.898658162017741e-05,0.8231676458088246,0.4231774789489351,0.26943872693819726,0.13665879376372875,0.06988733854130776,0.05442611033616708,0.03369531380284662,0.0200565651518789
1,SH2D2A,brain_cerebellar_hemisphere,brain_nucleus_accumbens_basal_ganglia,0.4377401919945661,4.565183659810228,0.4518411048864855,0.0814848920466775,8.174879544687539e-05,0.8319425433173351,0.3227217395538728,0.2521488212244521,0.1329009272359763,0.06930847100383154,0.04766155594136216,0.031318365222866164,0.0198352204576632
1,SH2D2A,brain_cerebellar_hemisphere,brain_putamen_basal_ganglia,0.4116540185446656,4.53298269209766,0.34004786935684894,0.15797261229328866,9.194624720342885e-05,0.772942487221765,0.3274677294678816,0.25639356835631333,0.12235973510557022,0.07193802058463768,0.04679664223225238,0.031115008862569217,0.01810337081513138
1,SH2D2A,brain_cerebellar_hemisphere,brain_spinal_cord_cervical_c-1,0.4896399415340464,3.8824055241933744,0.43417695708694765,0.226413503022833,0.00019897206272239608,0.8876965696947137,0.37453339423193394,0.23400014115746406,0.12598739028011421,0.0780122752563967,0.056464891907493375,0.032943819902872616,0.020651641325332197
1,SH2D2A,brain_cerebellum,brain_cortex,0.5694565001401921,4.047126489501862,0.49893730226373467,0.019407016631842557,3.28671225628952e-05,0.6554366134902658,0.3159581254533717,0.22073613871079178,0.14388171965528962,0.06966910373580738,0.04103842429938376,0.026903729287171656,0.014647699321731161
1,SH2D2A,brain_cerebellum,brain_frontal_cortex_ba9,0.5803492383274549,4.275957633556071,0.5190296998402854,0.0735606895056195,6.291572023147384e-05,0.6079712838206645,0.3274151882378006,0.21393644471511325,0.15882937269520297,0.07369913816307679,0.0456878753409485,0.028973844691255902,0.01717352383705862
1,SH2D2A,brain_cerebellum,brain_hypothalamus,0.4566394979597569,4.2062425076975885,0.5021658531992303,0.09845099172051132,9.115907965398123e-05,0.8107123336348874,0.4299606790085849,0.26739166950890925,0.15519402342764424,0.08201043130003688,0.05562811316544828,0.03215840147205682,0.018928750134633198
1,SH2D2A,brain_cerebellum,brain_nucleus_accumbens_basal_ganglia,0.4817700039712559,4.384598748373031,0.4980989728318395,0.09001992473163047,8.292611079361571e-05,0.855272549777497,0.33678541078198665,0.26068046681793455,0.15569238072726316,0.07419330617424161,0.04698246005393482,0.030872314507247922,0.01784236257001574
1,SH2D2A,brain_cerebellum,brain_putamen_basal_ganglia,0.4294223424837356,4.45149943896129,0.26216837068879084,0.08158467024238718,7.619139117940948e-05,0.7845657197484235,0.34480866837217566,0.24875281499496796,0.14667069779784064,0.07778617758073134,0.04426666743641538,0.029429073748822178,0.017490794714090978
1,SH2D2A,brain_cerebellum,brain_spinal_cord_cervical_c-1,0.5085953437984128,3.975059843556602,0.4210195118633912,0.15939380214864726,0.0001257287443299997,0.905776052890767,0.35770205782122233,0.25945736108727824,0.14829285740803633,0.08535539307211068,0.052657072482633335,0.03184056767928866,0.0190827884458839
1,SH2D2A,brain_cortex,brain_frontal_cortex_ba9,0.8103256459391803,3.037810330232196,0.8024562875207122,0.06101427843726848,6.206211427919763e-05,1.0364351149817737,0.3323850236258671,0.24657542189774745,0.17634145197168755,0.07568915190679096,0.03978528851737798,0.03318050400557684,0.01670801943714856
1,SH2D2A,brain_cortex,brain_hypothalamus,0.41578942080692516,4.70680947923278,0.5672247427988436,0.07246653258732308,7.178111591528172e-05,0.7348151859704715,0.3684478679767861,0.23927134729025173,0.18760253805238802,0.09136991751691056,0.05101629329360028,0.03721732318956312,0.01877422036092432
1,SH2D2A,brain_cortex,brain_nucleus_accumbens_basal_ganglia,0.5069873377876906,4.00506789815529,0.504555474660038,0.06209365074649844,5.7838621698657396e-05,0.9558863580605316,0.2964990593230833,0.24043457509944174,0.167946923722809,0.08184373770583242,0.04660402646562588,0.03273199553139972,0.0179273120456657
1,SH2D2A,brain_cortex,brain_putamen_basal_ganglia,0.4468752499562563,4.422534957030394,0.2943120181471872,0.058892919665785505,4.685760862431207e-05,0.7973671126349801,0.37562315405333313,0.23669889553949855,0.16009453131522677,0.07916380738441649,0.040416962403341784,0.032073646899359,0.018426604729582262
1,SH2D2A,brain_cortex,brain_spinal_cord_cervical_c-1,0.4386540815501608,4.627617252627042,0.3609217906829678,0.16383150941520716,0.00016186734641069478,0.6775375444351753,0.3477463546836656,0.27137744914191964,0.16696160819351363,0.08553313377762474,0.04767977862670182,0.0360246972782549,0.0202830818706009
1,SH2D2A,brain_frontal_cortex_ba9,brain_hypothalamus,0.47302364041687567,4.472259971519103,0.5443160763089621,0.08127633416742762,5.8900276823694184e-05,0.8285534201730773,0.4122955779910539,0.2699413605232874,0.20433791233431942,0.09273034998522468,0.052124172907856293,0.039638196423691464,0.0233142921492139
1,SH2D2A,brain_frontal_cortex_ba9,brain_nucleus_accumbens_basal_ganglia,0.5486027559311449,4.047307143935932,0.5832208217753581,0.048411802409659775,5.574784590118688e-05,0.9156063757609468,0.33453620499676096,0.26905959912468386,0.17914794556059027,0.08793906079555033,0.046099160567126096,0.03775389077398958,0.02224387929767044
1,SH2D2A,brain_frontal_cortex_ba9,brain_putamen_basal_ganglia,0.4959412508434826,4.32471866018857,0.33913543914216054,0.1101136884263468,0.0001044295023346934,0.8386826992907912,0.37005373039389117,0.2776075167916427,0.18857056906935302,0.08696207466392389,0.046072604677123416,0.033932793558233545,0.02143764652274368
1,SH2D2A,brain_frontal_cortex_ba9,brain_spinal_cord_cervical_c-1,0.4892702378487053,4.41376252352244,0.4022177196566273,0.17089546373246836,0.00014375397628543576,0.8167247265201636,0.36959574747804824,0.2552023842997831,0.17370388848391505,0.09727409668609413,0.05495194362470892,0.03661360936990564,0.025373557812215796
1,SH2D2A,brain_hypothalamus,brain_nucleus_accumbens_basal_ganglia,0.5379252189283515,3.3260408235568546,0.48003925946980697,0.06488207285230843,0.00014132654992511976,1.2184511318643603,0.4610086078272545,0.34936606694078726,0.201649788015796,0.096249166770853,0.05776319500355988,0.03772523090945962,0.02530536361747062
1,SH2D2A,brain_hypothalamus,brain_putamen_basal_ganglia,0.43718350167616854,4.058629126968766,0.43787724205859774,0.06401009921022907,7.705949805335894e-05,0.9124645193515519,0.48119951108494774,0.37615039726724653,0.19986297018014765,0.10632344811251826,0.050832510342582626,0.03638148089102762,0.02379125334075414
1,SH2D2A,brain_hypothalamus,brain_spinal_cord_cervical_c-1,0.4707371230033006,3.9818893449655937,0.45047680186414596,0.16959549304370264,0.0002787439804170514,1.0919445301877198,0.48009797985054414,0.2843508166331919,0.19147592284773324,0.11517545265965132,0.06250140312447701,0.04473512657362978,0.02790775128916318
1,SH2D2A,brain_nucleus_accumbens_basal_ganglia,brain_putamen_basal_ganglia,0.606721848637473,3.090787674859161,0.5237372697329292,0.06356760280097747,0.00010290062127390557,1.4938728635848595,0.47486201959950225,0.3208317451591269,0.1821588534399005,0.10340407912597789,0.045546039974980024,0.03346933066192518,0.02250080617648682
1,SH2D2A,brain_nucleus_accumbens_basal_ganglia,brain_spinal_cord_cervical_c-1,0.435699959947826,4.077014958246928,0.3888492906747501,0.17221302236428487,0.00017666958612110747,0.9066443387563812,0.3976414974434114,0.27114440369712123,0.18073003711489943,0.10494147372229527,0.0552511746061245,0.038990943668269176,0.02720459096913052
1,SH2D2A,brain_putamen_basal_ganglia,brain_spinal_cord_cervical_c-1,0.42311338283404226,3.954295893175108,0.4525288656484272,0.201177846714105,0.000181355250932691,1.0459363652773526,0.3731029044089659,0.29447703479895615,0.17232762059019838,0.10484129750551366,0.05194276977385896,0.03928352223857544,0.023879899865470962
2,JAM2,brain_amygdala,brain_anterior_cingulate_cortex_ba24,0.6065310084022678,3.0625379081838773,0.7283765149740707,0.054022739407024734,6.453314579868576e-05,2.0944730014091535,0.5784248100622387,0.4307822068493131,0.3027915256289739,0.10357771272423792,0.06656130806217928,0.051784755090898124,0.02209327938904624
2,JAM2,brain_amygdala,brain_caudate_basal_ganglia,0.391592096980816,3.966051390894409,0.31838896617823165,0.1324155073584473,0.0001091552747531675,1.026143607266669,0.5099549590681146,0.36865423971197087,0.2066141140083463,0.10385309788717796,0.06376366381467584,0.046350955900962984,0.02463842118460814
2,JAM2,brain_amygdala,brain_cerebellar_hemisphere,0.31388226204171465,4.198989701052244,0.3065668731935724,0.09631906275835599,9.740976420066639e-05,0.891120111956574,0.5427234878074109,0.3266413879424107,0.16422834240737294,0.09853544492044292,0.06355177541385107,0.04185916724223706,0.020791743730108482
2,JAM2,brain_amygdala,brain_cerebellum,0.39160305101985926,4.0236039089037074,0.4085381368429243,0.16551185380985534,0.00015698923644233924,1.1156365345799997,0.5659616510323019,0.29242187468843994,0.18357247176791916,0.09136726798218567,0.05565186911001916,0.044952719552893664,0.022966054682118698
2,JAM2,brain_amygdala,brain_cortex,0.5019231860397488,3.7229851446272284,0.454899961334205,0.13381372733888447,0.00011852442888488914,1.534831544091975,0.5384865805063546,0.2957580478559753,0.23507157521013938,0.09148372241141194,0.061967394969994136,0.04717241229947184,0.02391222199478176
2,JAM2,brain_amygdala,brain_frontal_cortex_ba9,0.5251906699011035,3.6258001050283797,0.428931644725105,0.2655416737537325,0.00016570205319688146,1.639212289599638,0.5198719140450659,0.38519041049706654,0.2537132250838126,0.09687391443657631,0.06119425057712644,0.05333634686475104,0.02393288468805972
2,JAM2,brain_amygdala,brain_hypothalamus,0.5271220797030735,3.432277085146528,0.5981973750934733,0.08421145165060144,9.343171133629706e-05,1.5838096658361485,0.6396328984170266,0.3760200069276489,0.2681803208253178,0.12905449927825408,0.07046652111216446,0.055141863288092084,0.027745361944250257
2,JAM2,brain_amygdala,brain_nucleus_accumbens_basal_ganglia,0.4510840096834251,4.079630304980985,0.4912549286649745,0.055358699080824636,6.583780219074668e-05,1.3803815543885638,0.5535511701210082,0.4408276225750679,0.28176824744713197,0.11069553588576445,0.06907419117095073,0.05493767227385722,0.02571065308805274
2,JAM2,brain_amygdala,brain_putamen_basal_ganglia,0.42059089219138557,4.093481125780501,0.4389771972255912,0.11060757057103325,8.935062299473886e-05,1.1365823830811423,0.5328037350843153,0.3793769871344832,0.2343751384343077,0.10747617530312144,0.06499281401229247,0.05137516620773146,0.02416453949215798
2,JAM2,brain_amygdala,brain_spinal_cord_cervical_c-1,0.4516928263003221,3.346632016593265,0.4673216084700032,0.04665234984695778,5.2118562229227304e-05,1.6266291549217016,0.4758910541762885,0.3225180912748443,0.2315491613444233,0.12611696961576016,0.07257055188351608,0.05023460556803686,0.02840072291551794
2,JAM2,brain_anterior_cingulate_cortex_ba24,brain_caudate_basal_ganglia,0.37203499500726955,4.473369723309114,0.30357603818053747,0.07824787154611934,8.601757574544356e-05,0.6998166550503571,0.45461703034454837,0.33738440893839133,0.1998510512696378,0.10185685031693396,0.06661484783126789,0.04543211246193648,0.022901917468106
2,JAM2,brain_anterior_cingulate_cortex_ba24,brain_cerebellar_hemisphere,0.33910709894675156,4.0804784562572625,0.31857922795278704,0.08792045320286286,9.847068817146198e-05,0.8113050001477713,0.4994901198355935,0.29985825969049873,0.1665148863477648,0.09480646244306074,0.0641527537497798,0.04001675566148394,0.0193913821649574
2,JAM2,brain_anterior_cingulate_cortex_ba24,brain_cerebellum,0.4295582605702585,3.8504519909773167,0.44372250767053856,0.14467912754656734,0.00014934408637274426,1.0183053042682464,0.5094186530555009,0.2705868652936848,0.17928283970266845,0.09407461169182658,0.05610048960542772,0.04324301127290952,0.02166225265810474
2,JAM2,brain_anterior_cingulate_cortex_ba24,brain_cortex,0.668606226631882,3.324068769800175,0.8277916971279833,0.18489049759532333,0.00020850445267332437,1.4749471808710666,0.616983685327539,0.3216287834643155,0.21683438674657532,0.09639913794025376,0.06026719566915047,0.04242981315269122,0.022886030760806062
2,JAM2,brain_anterior_cingulate_cortex_ba24,brain_frontal_cortex_ba9,0.7243623136882096,2.848677315337709,0.7288118127978745,0.23009580954406578,0.00023706211195831167,1.8925560249276567,0.5506923147558471,0.40646564793316875,0.25478481300536526,0.09894212091640389,0.06869269040788403,0.045039909289739576,0.022520912797311422
2,JAM2,brain_anterior_cingulate_cortex_ba24,brain_hypothalamus,0.5810399709447136,3.517933040589912,0.6350589713101306,0.06205217563061762,7.263063712032589e-05,1.4639279964333531,0.5628233092444725,0.3464456782483783,0.2579373120816052,0.1324736914187409,0.0762867898270506,0.04906274142510984,0.02636317106489656
2,JAM2,brain_anterior_cingulate_cortex_ba24,brain_nucleus_accumbens_basal_ganglia,0.48534199248291143,4.146829675043167,0.6644712827799241,0.047413487875246824,3.436780888459329e-05,1.1948599337288477,0.5547196103568309,0.38286134631023466,0.2680279158643283,0.10024763536836301,0.07455521844938347,0.05191804730286485,0.0249203315080614
2,JAM2,brain_anterior_cingulate_cortex_ba24,brain_putamen_basal_ganglia,0.43681758323199177,4.250156733504445,0.5344212236011089,0.06679144526973321,8.32953350187407e-05,0.9517222674955679,0.49287714548468864,0.36340900570418155,0.21169996884230025,0.10614495097353856,0.07450521521160354,0.04688770827363718,0.02205584607090854
2,JAM2,brain_anterior_cingulate_cortex_ba24,brain_spinal_cord_cervical_c-1,0.4591361194694984,3.372044896087483,0.7412136694986593,0.04566171269158614,5.735989938963818e-05,1.4573491806938859,0.4677866286081828,0.3673312390076754,0.21644040385839167,0.11366810477041589,0.06698233024105096,0.05158725688110668,0.02629887672168904
2,JAM2,brain_caudate_basal_ganglia,brain_cerebellar_hemisphere,0.29726315598537134,4.086869416974638,0.2312163569361759,0.0776675602891487,6.431575124798778e-05,0.8106156307806426,0.4304618751313593,0.29493574562303954,0.14298352038036583,0.09372113007566793,0.06369701854356932,0.040164596926299326,0.021388131700885802
2,JAM2,brain_caudate_basal_ganglia,brain_cerebellum,0.3819731364941741,3.673614982357885,0.3441458768798359,0.13579716300280104,8.306324193047416e-05,1.0459780894179742,0.4464879151785519,0.25118910002395356,0.14938698478029339,0.08858599558606958,0.05719412464330529,0.04174174267166702,0.02422898059462156
2,JAM2,brain_caudate_basal_ganglia,brain_cortex,0.4574398560928367,3.896176327848361,0.4345931928385302,0.11020628121040754,0.0001242546477882739,1.111808585447056,0.48405177474555544,0.26728052306609884,0.1773394983056813,0.09560262381065886,0.06245437399364602,0.04207045456812514,0.0246260258015714
2,JAM2,brain_caudate_basal_ganglia,brain_frontal_cortex_ba9,0.403004895702651,4.178535245019313,0.4001215683804726,0.057254246961317826,8.570341027858798e-05,0.8655724546532619,0.47355562020063713,0.3068933525768249,0.1853267975415665,0.0981405075727379,0.06748368450699826,0.04582136552154702,0.02412074585203386
2,JAM2,brain_caudate_basal_ganglia,brain_hypothalamus,0.4604149418645494,3.717932980791155,0.3622232903027952,0.1198376041766741,0.00014056031153311137,1.1804364622248964,0.5298138672795456,0.35743586190683846,0.1903264420640642,0.11309037735194341,0.07976782584410258,0.0495279907821705,0.029097838825823064
2,JAM2,brain_caudate_basal_ganglia,brain_nucleus_accumbens_basal_ganglia,0.5834467561529694,2.635237585874936,0.4752447413271758,0.10015068681738042,0.00013600738022765757,1.8697940626077822,0.5461525112015085,0.37577672141275686,0.1958086905396079,0.09963511101131288,0.07381604770387744,0.049388852237049516,0.02567599938772886
2,JAM2,brain_caudate_basal_ganglia,brain_putamen_basal_ganglia,0.8030458063491492,2.1517443554206026,0.7693289558788992,0.05873999586243202,9.135929630375108e-05,3.0853753914236193,0.6698354650767472,0.3369966833157507,0.18872894191346035,0.10490159106601271,0.068216488121784,0.04633014967566462,0.02389130565654258
2,JAM2,brain_caudate_basal_ganglia,brain_spinal_cord_cervical_c-1,0.39665226676885446,3.3833810495730248,0.3524424190926708,0.11881813435753948,0.00011792604560149722,1.3904818655896158,0.42057996933681707,0.28983262779506386,0.1904477072434549,0.10827786887584127,0.0708886766455209,0.04804123109615026,0.02978743128387824
2,JAM2,brain_cerebellar_hemisphere,brain_cerebellum,0.6149908129523852,2.5075494216473695,0.5858155114030452,0.12667757527720885,0.00017559295594123854,2.0170475120400875,0.9540673544740675,0.2767829549738634,0.12867034813867995,0.09033563495774241,0.04919152413655138,0.0356188783737604,0.01899333399848418
2,JAM2,brain_cerebellar_hemisphere,brain_cortex,0.3224849941122268,4.174279509804695,0.430856734567588,0.09024743199698397,7.812445540243188e-05,0.7523988755882141,0.4050965107104349,0.24770172941026755,0.14263585749579472,0.09258845554550364,0.05796805998822302,0.038382194824289464,0.02105718492364178
2,JAM2,brain_cerebellar_hemisphere,brain_frontal_cortex_ba9,0.34654368449138245,4.112443817772873,0.42902298292857,0.13238642610221557,0.00010150396566372378,0.8403812343374991,0.44428402561448543,0.29801443041923126,0.15938787703101728,0.09599243945736664,0.06290025430528376,0.03918482465594278,0.02099842424731044
2,JAM2,brain_cerebellar_hemisphere,brain_hypothalamus,0.3685530293337148,3.960935796473451,0.40063891288243736,0.0344796130542865,5.454079763885267e-05,1.0167441662333534,0.5654258374923666,0.3265122129072201,0.16009789472028849,0.10920888306897567,0.06996888946110646,0.04502223526348834,0.02380274240879742
2,JAM2,brain_cerebellar_hemisphere,brain_nucleus_accumbens_basal_ganglia,0.3087486741114112,4.476075628609865,0.3561942969450864,0.051891757652032466,5.009538280229446e-05,0.7646038208696269,0.4905434098630474,0.3273241491499709,0.16021792190624634,0.09905758427434727,0.06952315963015018,0.04495021113303036,0.022007087906762722
2,JAM2,brain_cerebellar_hemisphere,brain_putamen_basal_ganglia,0.3249778074376636,3.8748664166401325,0.38995133600935816,0.0518678772451858,4.956513458308099e-05,0.9602966111745627,0.4155354777171006,0.30077731279946196,0.1518934616399984,0.10215158012844987,0.06371570294584242,0.041000914147788704,0.0211475484868815
2,JAM2,brain_cerebellar_hemisphere,brain_spinal_cord_cervical_c-1,0.26559620919430477,4.138380687600287,0.33798348841914116,0.06098661362731088,6.851372475448249e-05,0.7537863653961049,0.4428312025887978,0.27727763386849535,0.15914129574277588,0.10012525685811968,0.06462085178599541,0.04517679850735919,0.023965665630231458
2,JAM2,brain_cerebellum,brain_cortex,0.46477269483844885,3.579845786101406,0.5113831903454531,0.09002627038924575,0.00011730214820737837,1.0955879215472408,0.47963333206078895,0.2277288903277642,0.15298101693950555,0.09393182666604685,0.05385643892487112,0.03831534613280106,0.02356349630043842
2,JAM2,brain_cerebellum,brain_frontal_cortex_ba9,0.43124314096656924,3.9017289374914115,0.4742491627946904,0.13321485552830278,0.00011374095192896415,1.0009406539121743,0.4537653846736826,0.28191949428066426,0.1628592095034596,0.09977976191487739,0.057466746746851184,0.0417571853711662,0.02137538525030046
2,JAM2,brain_cerebellum,brain_hypothalamus,0.47909558547324005,3.4430270988551674,0.44762211141834696,0.08784084835458862,0.00010870303496692281,1.2965714408259894,0.5701999551097618,0.2952473461448505,0.16482675978388323,0.10274735535398441,0.06268991823911754,0.046564500938872,0.027362840515038622
2,JAM2,brain_cerebellum,brain_nucleus_accumbens_basal_ganglia,0.41499947421410627,3.8839335808728164,0.519152868264688,0.11433528358536246,0.00010425538945906675,1.1527296678286238,0.5193271633354721,0.28947763330339993,0.17391422970650247,0.0932354516117854,0.060380833713646685,0.046207990826317144,0.02532206861214844
2,JAM2,brain_cerebellum,brain_putamen_basal_ganglia,0.39611266408311474,3.766589252228015,0.4272822266922363,0.09763975314037918,8.324283392417582e-05,1.0215792323051656,0.49175070349647915,0.2733752648203298,0.15012490968761283,0.09537514621221103,0.05976609454602706,0.04122777163181324,0.02368413077147802
2,JAM2,brain_cerebellum,brain_spinal_cord_cervical_c-1,0.3710545808073615,3.534709815887654,0.39088440698413796,0.085307455554392,9.96132651632207e-05,1.1713851314092358,0.44726880912357936,0.27584279714915433,0.16006044913790013,0.10501028588886663,0.056651763825125045,0.04609435953336736,0.02596777655358376
2,JAM2,brain_cortex,brain_frontal_cortex_ba9,0.723258586138061,2.874968509459293,0.7634367917290141,0.10279216752763835,0.00017165933892604798,1.6751489268564275,0.6242989091209746,0.29302744647401113,0.19876111008151418,0.09687572355996779,0.0647594903511685,0.039956476160673,0.023921806240700623
2,JAM2,brain_cortex,brain_hypothalamus,0.5434418820551208,3.7377209166017336,0.6535692870140686,0.159215031061728,0.00014375929682040176,1.2287734342529828,0.4906017563291366,0.30861208047620237,0.21526977317049778,0.11085102334679824,0.0766493795702194,0.04661586833566002,0.02755947179810652
2,JAM2,brain_cortex,brain_nucleus_accumbens_basal_ganglia,0.5195689038737885,3.791368478605462,0.5621115523002451,0.11148852404351076,0.00015854731418866078,1.386828028581945,0.48546629391013507,0.2937719351282869,0.21657847551345338,0.1024958783255753,0.06680011854570098,0.046529221120865515,0.026192140123476083
2,JAM2,brain_cortex,brain_putamen_basal_ganglia,0.5074733455249385,3.7378827372260206,0.5360716906890319,0.09221513458078404,9.881080076618266e-05,1.329837686922633,0.48890878416771083,0.28491739964921037,0.17948758991747388,0.09904743690867937,0.06836272947360515,0.04206283322272618,0.02412734672645884
2,JAM2,brain_cortex,brain_spinal_cord_cervical_c-1,0.4874068839128741,3.420804891398794,0.498205491113948,0.08418181108587301,0.00012526842309290017,1.5203854034126991,0.5140124581614963,0.2908773997421008,0.15878177156902895,0.10485862434374223,0.06394406318167034,0.046949009955016205,0.02922040038793166
2,JAM2,brain_frontal_cortex_ba9,brain_hypothalamus,0.5323009713066962,3.7089602076329173,0.46045659456864474,0.17070441690793584,0.00011187878176770587,1.2915080301837678,0.5322407794759514,0.33428108152791686,0.22145599567568328,0.12099279364682787,0.08125739704951546,0.050953128509422116,0.027838799070595922
2,JAM2,brain_frontal_cortex_ba9,brain_nucleus_accumbens_basal_ganglia,0.45574754918385363,4.12007239287167,0.4611541087129645,0.124123424710246,8.091520902928345e-05,1.0946133261235276,0.4849449314845796,0.35240212488315376,0.22764537887434938,0.10142318311827292,0.07164470457226454,0.0512773062091476,0.026099091262956443
2,JAM2,brain_frontal_cortex_ba9,brain_putamen_basal_ganglia,0.46107306784048835,3.9447643745438397,0.5576735520628463,0.08277184471068044,0.00010400888306980822,1.0696917200620901,0.49617699665168047,0.33533254906674503,0.1966392245627832,0.10077187396453999,0.07289618798817807,0.0483345449638179,0.02354795799407394
2,JAM2,brain_frontal_cortex_ba9,brain_spinal_cord_cervical_c-1,0.47778264880517635,3.2243947201483416,0.4735626642736476,0.13035389180601603,0.00013626298900705787,1.546066430729875,0.46775225851536567,0.3051199522048136,0.19765141102932646,0.10736650837360048,0.0684987302213331,0.05219945140220318,0.0285438440383473
2,JAM2,brain_hypothalamus,brain_nucleus_accumbens_basal_ganglia,0.5195069283031012,3.8567126110200527,0.5958186241240818,0.038857540475555,4.467756075396729e-05,1.3162219324642677,0.5938274002298474,0.40397184285143223,0.2556619788869739,0.1332379342289069,0.08716855150898628,0.05307350039534213,0.0306875856184518
2,JAM2,brain_hypothalamus,brain_putamen_basal_ganglia,0.4977017363087823,3.618192784032387,0.5072647465088203,0.087721441556821,0.00011678018870796747,1.401913673269646,0.5445325401064001,0.3635407459007457,0.19926438747246866,0.11605241271877749,0.0857455750006112,0.051489921774036586,0.02874201081911228
2,JAM2,brain_hypothalamus,brain_spinal_cord_cervical_c-1,0.4414375131668864,3.5982625691784555,0.4370395480473109,0.04190273506016284,5.6165436035732384e-05,1.4120828204844142,0.5121917144266661,0.3384152247872336,0.22200354865083494,0.14156404405080053,0.08136370279212687,0.05726711261380866,0.03453892821063964
2,JAM2,brain_nucleus_accumbens_basal_ganglia,brain_putamen_basal_ganglia,0.6036374529048428,2.702576843023373,0.6353976626793338,0.049870319298261204,7.506635669996435e-05,1.8707795819193866,0.5776349451814606,0.38597716786787506,0.208151883377671,0.09912422678210273,0.07654492226230006,0.054389903763238955,0.02507054376740016
2,JAM2,brain_nucleus_accumbens_basal_ganglia,brain_spinal_cord_cervical_c-1,0.4808374318974459,3.2045599366808544,0.473480961820328,0.0464559768689914,5.323981956027869e-05,1.8646432338965482,0.5104050029683757,0.3729808846434946,0.2022887879164365,0.11053424531665867,0.07882545141289203,0.057481824243332744,0.03147651479220452
2,JAM2,brain_putamen_basal_ganglia,brain_spinal_cord_cervical_c-1,0.4360332890121331,3.2917494786004204,0.4539491706224007,0.06123950848716379,6.487368207121551e-05,1.559042713150059,0.45044930140123995,0.3347389659654743,0.18734483679519162,0.11539698856236287,0.07276979121049468,0.051347427147741674,0.02872423535965744
2,SH2D2A,brain_amygdala,brain_anterior_cingulate_cortex_ba24,0.6824136022280239,4.045983101106426,0.6079096286873984,0.04422043086285572,5.736920458077274e-05,0.8372316875073086,0.47028587131841526,0.24186772451315242,0.17512614696366402,0.1195707247906054,0.0698774660381345,0.04566117067279204,0.02702678691889706
2,SH2D2A,brain_amygdala,brain_caudate_basal_ganglia,0.5847634939312398,4.021219736508831,0.6466939506205555,0.041353560673861714,6.911801254529564e-05,0.9814126655735661,0.34423228683824536,0.22561271608910008,0.1313306218671936,0.10452431872449133,0.056391479856026286,0.04418790552457884,0.027691534550847365
2,SH2D2A,brain_amygdala,brain_cerebellar_hemisphere,0.4606101796150135,4.4848692569233775,0.4336996649797543,0.09468328071572858,9.129412481232029e-05,0.8006079662368633,0.35090106246797753,0.22086469792732685,0.1584809474592018,0.10316882765480387,0.05704217345988388,0.03921015394680148,0.024993928760032556
2,SH2D2A,brain_amygdala,brain_cerebellum,0.46854411500577153,4.465463603838385,0.38332264684402,0.06354946602346026,7.303871829836584e-05,0.8611795450411754,0.3397188909836176,0.21828931986274597,0.14167284221680387,0.10541191932262148,0.0628033101495293,0.03855411809222292,0.0238965186192032
2,SH2D2A,brain_amygdala,brain_cortex,0.5322596418315432,4.180308586474955,0.5762445919287098,0.045457445170771084,8.773283330757218e-05,0.7173929055234713,0.3024279110579283,0.2175320413766857,0.14878510284032273,0.093888913571151,0.06306218734962238,0.04398814416617644,0.023867093125554663
2,SH2D2A,brain_amygdala,brain_frontal_cortex_ba9,0.6173776197624141,4.271951161037237,0.5882655422497297,0.041166945213672576,5.789198284827432e-05,0.765399488064709,0.32072952607189886,0.24650621258388056,0.14608924931244144,0.11910352066039653,0.07295080960671842,0.04686754694825762,0.02774838557699318
2,SH2D2A,brain_amygdala,brain_hypothalamus,0.5824156411358137,4.295717350225474,0.5954313099910042,0.039666107292552,6.418532675691216e-05,1.0098232109166658,0.44893396013475134,0.28569568149202834,0.19489430006277092,0.15803366248414824,0.07380161434630095,0.0512549917454281,0.0318137543238012
2,SH2D2A,brain_amygdala,brain_nucleus_accumbens_basal_ganglia,0.7056796093688446,4.045289548145358,0.6111281908229745,0.0459093511552987,7.259948875962739e-05,1.0217847032777274,0.4315470320983768,0.23260212705847735,0.15918014761531568,0.12962735953001267,0.06617287124780549,0.046924900146382495,0.030724356799763174
2,SH2D2A,brain_amygdala,brain_putamen_basal_ganglia,0.4991344029675366,4.229013770817256,0.5167127158945951,0.046340634081032776,8.853960607535024e-05,0.8823347207439406,0.31185035505215214,0.24106478075015053,0.1438197706132642,0.11255945967751502,0.0673337956185089,0.04016081433460704,0.030367389049579217
2,SH2D2A,brain_amygdala,brain_spinal_cord_cervical_c-1,0.4262157474312816,4.4850086830688225,0.3364363662110972,0.08459653888427368,0.00014868152999102829,1.0200072441597388,0.46322202826124464,0.2644085633263496,0.18838444822859213,0.13713191127985314,0.07176263844693155,0.0484124633056802,0.03431766711108268
2,SH2D2A,brain_anterior_cingulate_cortex_ba24,brain_caudate_basal_ganglia,0.539746127063959,4.395650402944094,0.4923541677540883,0.08400885923215537,0.0001078978130821436,0.7808984180033051,0.3609248162082953,0.2060519444661772,0.12427800867620035,0.10040728208561545,0.05618507692747404,0.04306310524583862,0.02627797237763958
2,SH2D2A,brain_anterior_cingulate_cortex_ba24,brain_cerebellar_hemisphere,0.4465052798939979,4.74985741274052,0.4114042877845908,0.048060129115384057,6.145530718851519e-05,0.6106751712370898,0.3277642155821766,0.21620337157094713,0.14203075118335423,0.10503389196251638,0.0599509314694215,0.036328081428889034,0.02495473708421844
2,SH2D2A,brain_anterior_cingulate_cortex_ba24,brain_cerebellum,0.4473090883971277,4.632605464690568,0.4135034878369105,0.07077087872681373,9.515290453416172e-05,0.5905358343603611,0.33827305210730124,0.2200061410119812,0.1329888865495699,0.09245471109377336,0.06459900101404717,0.0390335903202769,0.02384251150333196
2,SH2D2A,brain_anterior_cingulate_cortex_ba24,brain_cortex,0.7210012403731331,2.8557620274414783,0.6558760059491521,0.06805913597833664,8.928937603587805e-05,1.1064555052295204,0.32160576646750116,0.19078312738601982,0.12139668028272403,0.09404933326818402,0.0642022192328414,0.04449057262475098,0.02154221785035912
2,SH2D2A,brain_anterior_cingulate_cortex_ba24,brain_frontal_cortex_ba9,0.8044550026513496,3.1117364243562675,0.8462480564551086,0.02403362431578488,2.6070390223666703e-05,1.0449632038738508,0.3474701338345981,0.23685922899812323,0.13105632854040186,0.11712978104021757,0.07173575248255329,0.04614729662907098,0.024660299504648438
2,SH2D2A,brain_anterior_cingulate_cortex_ba24,brain_hypothalamus,0.5666738405211641,4.376465384603412,0.49839569462452643,0.09596994625611585,8.958856840460169e-05,0.9519116890731633,0.4325131458221687,0.22847088301297508,0.19176745494525488,0.14630689746532624,0.07488803701899678,0.04875267638228028,0.0307491110113123
2,SH2D2A,brain_anterior_cingulate_cortex_ba24,brain_nucleus_accumbens_basal_ganglia,0.6554339510362668,4.330044884689444,0.6964419693717586,0.04374915182927543,4.671105213567903e-05,0.7856695556379993,0.3998014569159446,0.22576084002116917,0.1511594849982221,0.1017533150357294,0.06536467885700989,0.04824427414665268,0.02935989913889262
2,SH2D2A,brain_anterior_cingulate_cortex_ba24,brain_putamen_basal_ganglia,0.4779994832711248,4.412917332888101,0.42767955843398264,0.1119424417183783,0.00011728654937633307,0.7589915612505446,0.34983283057336934,0.2105851572085998,0.13719894471760394,0.10119204058288944,0.0698135509176827,0.03975653908455294,0.027766514774488698
2,SH2D2A,brain_anterior_cingulate_cortex_ba24,brain_spinal_cord_cervical_c-1,0.4014393159436026,4.531987131664347,0.30524837454400433,0.08983840236017578,8.200244701190605e-05,0.7964326384421909,0.5043441715069819,0.24362581537727773,0.1633065561337465,0.11566015766963016,0.07622711456659804,0.04795848510133452,0.03276919761890458
2,SH2D2A,brain_caudate_basal_ganglia,brain_cerebellar_hemisphere,0.4378601134265844,4.245970298462746,0.4365681721971534,0.08426783483515773,0.00011505724220886617,0.7840912610910264,0.3110541077754989,0.22050531713944338,0.11924201367396939,0.08328652189745282,0.053673388757186614,0.036683786278041364,0.02459255612347026
2,SH2D2A,brain_caudate_basal_ganglia,brain_cerebellum,0.42815426620529606,4.404854856998238,0.375932490057753,0.041088554363630556,6.455349630686072e-05,0.7646012917387912,0.2992192967093251,0.19324981366195812,0.10929168996766529,0.09021060305486014,0.05324049771606519,0.03840254724451243,0.0228185788144468
2,SH2D2A,brain_caudate_basal_ganglia,brain_cortex,0.4647541344089592,4.390148631944783,0.4473503642663035,0.029738087940255797,6.708126980503491e-05,0.6392244013307803,0.284481857054569,0.15203262367264975,0.11512825241961447,0.08748512481889788,0.05624114973393266,0.0412986727348929,0.02267572149157432
2,SH2D2A,brain_caudate_basal_ganglia,brain_frontal_cortex_ba9,0.5398822535375676,4.331140308192236,0.4727917918515236,0.0528077697164289,9.490739590673367e-05,0.7099868318603435,0.28962634045943647,0.19230725688370565,0.12442272315973431,0.10491726587066541,0.056000114184236914,0.04489259222515918,0.025959043818132077
2,SH2D2A,brain_caudate_basal_ganglia,brain_hypothalamus,0.528658328694511,3.8373782452753957,0.5039090247677703,0.07121408215904582,0.00012862688224696189,1.029917629036531,0.38023726985804296,0.23791248986589336,0.15772427212004797,0.12235871036456861,0.060186605393688045,0.04850312603487576,0.027984045122914598
2,SH2D2A,brain_caudate_basal_ganglia,brain_nucleus_accumbens_basal_ganglia,0.6596390074705745,3.5521838110550745,0.6467070456193166,0.04902040020465688,8.996494882420755e-05,1.1186918516014375,0.39173970253621243,0.23122285887446975,0.12730624860562334,0.0935697241133504,0.055324259544019184,0.04486263175410344,0.028560346816674558
2,SH2D2A,brain_caudate_basal_ganglia,brain_putamen_basal_ganglia,0.7984886845328354,2.314053312136954,0.8029645370778257,0.029578756075192596,7.673675324473413e-05,1.6233591803728715,0.4197578261164798,0.20215940234128205,0.12242980346236072,0.0937994627876596,0.056797956969226404,0.03785688624830868,0.02666735766020222
2,SH2D2A,brain_caudate_basal_ganglia,brain_spinal_cord_cervical_c-1,0.41848354703542406,3.8978229466984784,0.444575332207059,0.16158418714297235,0.0001665301382293902,1.0397108471857548,0.44385730189235917,0.2081167932016284,0.15055010805609798,0.10793988366318434,0.06854931606770778,0.0425099161575001,0.031226262893715478
2,SH2D2A,brain_cerebellar_hemisphere,brain_cerebellum,0.669836130262145,2.831022882782153,0.5715577923035751,0.07495771718652738,0.00013516882602704268,1.3533849510016587,0.447772121661438,0.2528541030121763,0.12258224244654208,0.09480397320463037,0.05261447439821092,0.031436243840541,0.0209920856147977
2,SH2D2A,brain_cerebellar_hemisphere,brain_cortex,0.3991844666028421,4.476652786139241,0.35660631324161174,0.06561727497306977,0.00011668455107908273,0.6196135862344162,0.25681147958290007,0.17186447980479386,0.10948813516438524,0.08578275491879547,0.058793917027756805,0.03641498727232888,0.022278011838064982
2,SH2D2A,brain_cerebellar_hemisphere,brain_frontal_cortex_ba9,0.48470933741869915,4.40251174866424,0.488141884785514,0.05566002936774832,8.017437696405528e-05,0.6918125793854201,0.31124792141379715,0.2015633120086779,0.14341137109229754,0.10277085847462772,0.05998561256785998,0.0381296546536893,0.024931341791889237
2,SH2D2A,brain_cerebellar_hemisphere,brain_hypothalamus,0.4980219063618499,4.053642082129559,0.43321813794882774,0.12568036324707946,8.678829504844802e-05,0.9022896090727448,0.38645316081250614,0.27323783121041834,0.17327581631072608,0.1177550789781729,0.06565888709338871,0.04230695375813618,0.025875083543578658
2,SH2D2A,brain_cerebellar_hemisphere,brain_nucleus_accumbens_basal_ganglia,0.5000913604103482,4.413291459871599,0.47613489395290054,0.04966972697500218,8.988621502949268e-05,0.8913257574479265,0.3149280109462801,0.2464621801263641,0.12773315219605433,0.10340345025365283,0.058180363524818854,0.04340323351055564,0.02491159519192114
2,SH2D2A,brain_cerebellar_hemisphere,brain_putamen_basal_ganglia,0.42996687138964723,4.023106291327099,0.4051576267567133,0.11950139399778589,0.00011806151300327555,0.8523622118770646,0.3544985813553213,0.22916293916289954,0.13039407100819073,0.0972713434775514,0.05984497701792306,0.03361455936605986,0.025101836701569243
2,SH2D2A,brain_cerebellar_hemisphere,brain_spinal_cord_cervical_c-1,0.3792977609926852,3.7196658267051133,0.3049717296340969,0.15613125315929924,0.00015020963231654775,1.051829609330838,0.39864079268402697,0.2115927762167364,0.16791282093786736,0.10876965418261306,0.06631036485470163,0.040850351371288965,0.029116097498679515
2,SH2D2A,brain_cerebellum,brain_cortex,0.40844976725016735,4.063818496779806,0.3856641500934821,0.04810514727544566,0.00010175815764995206,0.6061728475291482,0.26282903005984454,0.16181698929482904,0.1117050121606821,0.08846371779047393,0.060613979386227645,0.0380554664171774,0.020751528456660902
2,SH2D2A,brain_cerebellum,brain_frontal_cortex_ba9,0.47812146456031207,4.144977152221378,0.4454262571582979,0.04100388487473254,8.001920546806862e-05,0.6567151919738311,0.2920431580452284,0.18643029674237938,0.13417448885712763,0.09762334756485945,0.06380171225405391,0.03976663378216352,0.02470597222859226
2,SH2D2A,brain_cerebellum,brain_hypothalamus,0.46640687915879486,4.3876736713650955,0.3816220576098494,0.09611460870824987,9.836692279190775e-05,0.8680951842564761,0.4157769672350689,0.23289551729324137,0.14828756086511966,0.12367674109772778,0.0717795395037586,0.04163446936473958,0.02459951533230048
2,SH2D2A,brain_cerebellum,brain_nucleus_accumbens_basal_ganglia,0.47096316947118283,4.591754377273886,0.48200962286323856,0.04303669512381936,9.86460646197553e-05,0.8127955148809128,0.310087945083196,0.2080575907756624,0.12417817235065558,0.10417442352709698,0.06222470745544524,0.04345346882047272,0.022955437498760962
2,SH2D2A,brain_cerebellum,brain_putamen_basal_ganglia,0.3953500456023968,4.37330079523807,0.37010586429755565,0.047578887486749974,9.498357260343306e-05,0.7200152960358348,0.31510299435800804,0.20795613787883852,0.11659833295652482,0.0939733049756023,0.06337383963607855,0.0363364830862374,0.023608182136093357
2,SH2D2A,brain_cerebellum,brain_spinal_cord_cervical_c-1,0.35570254466352375,4.243198375296543,0.2932055509364164,0.10802163819750121,0.00015552799535612356,0.9520300501511535,0.3768216121104193,0.20477770344924892,0.1442551549399986,0.11469558041990831,0.06911924519008703,0.04134378483624844,0.02747111268180602
2,SH2D2A,brain_cortex,brain_frontal_cortex_ba9,0.7812348874949316,2.7324319054529775,0.7252632790903871,0.04376329581877242,6.825924853516831e-05,1.152263947721513,0.33031606005357766,0.18843795798944432,0.12589558730820158,0.09265422127041875,0.06232875634637266,0.04467206008409162,0.02116768820800534
2,SH2D2A,brain_cortex,brain_hypothalamus,0.5226309799113523,4.126898242592608,0.5405146488354056,0.09700072402591604,0.0001585563647558075,0.941953567278343,0.3688425385988814,0.2060620012732986,0.14538856406193712,0.10545370163014992,0.07238854024178902,0.04911683353566264,0.023896545607951642
2,SH2D2A,brain_cortex,brain_nucleus_accumbens_basal_ganglia,0.5569682388939826,4.1806336289089,0.5265326863136139,0.046722021668908945,7.212198154552397e-05,0.7714111491670261,0.28997228132411046,0.18143772375627415,0.13582560501620816,0.08362366163222874,0.05872621635153519,0.046166041997146814,0.026005609562612664
2,SH2D2A,brain_cortex,brain_putamen_basal_ganglia,0.40869687220471834,4.391644092879083,0.37644400371831466,0.04140305486841844,9.148332403528057e-05,0.6735818018060693,0.25099562566818306,0.1654615955174076,0.11236888130912046,0.0885734443516334,0.06587363748541038,0.04193269903197394,0.02326044344587212
2,SH2D2A,brain_cortex,brain_spinal_cord_cervical_c-1,0.34787962720287646,4.54682853571654,0.3218246581481699,0.06630814264249625,0.0001102998628307474,0.7337122942858254,0.39189066495903396,0.2110660247693092,0.1491416370597503,0.10128077804606025,0.06991660934239724,0.04682953636959672,0.025582760588829478
2,SH2D2A,brain_frontal_cortex_ba9,brain_hypothalamus,0.5978259561519595,4.1078083079847545,0.5394300947343383,0.08816988740997,0.00011237871160035004,0.9811145825172651,0.3959336512401143,0.22827581291827434,0.17756025848304313,0.13482785662369473,0.08023204202018965,0.0512836140039024,0.028306069013149037
2,SH2D2A,brain_frontal_cortex_ba9,brain_nucleus_accumbens_basal_ganglia,0.647303793215247,4.312761443129763,0.6232177987941594,0.0277640445093717,3.770510329245306e-05,0.8253169266111101,0.2999997525042389,0.22027726070932552,0.1403560429912804,0.10634470820079697,0.0681774426275034,0.04813943929214516,0.0301866742548135
2,SH2D2A,brain_frontal_cortex_ba9,brain_putamen_basal_ganglia,0.4799657026047436,4.367750549136825,0.43603711542465284,0.056009569631320796,0.00010396860365758588,0.7231820060483541,0.29146758761145575,0.20342894372654202,0.13353929250359126,0.10303481339509699,0.06876317214527841,0.04134350579792092,0.026994158328681517
2,SH2D2A,brain_frontal_cortex_ba9,brain_spinal_cord_cervical_c-1,0.3910479625507229,4.672079776143141,0.3205978860972453,0.0625006613525692,9.871607130889394e-05,0.7746857371519059,0.4028547431896817,0.2340307663790569,0.16644539250297727,0.12520607851685508,0.07748239041757439,0.04702660327168125,0.03117685671013498
2,SH2D2A,brain_hypothalamus,brain_nucleus_accumbens_basal_ganglia,0.6478251052182269,4.054460458776517,0.5361815630066988,0.08560333753523039,0.00010221159409019413,1.1217687887721255,0.43976416041375915,0.29475745374936535,0.1835020397823058,0.13599168661227373,0.07190696352429292,0.05539100453249944,0.029947515467717862
2,SH2D2A,brain_hypothalamus,brain_putamen_basal_ganglia,0.48689676366273166,3.5838310421071666,0.4098973329532599,0.056214652636138715,9.683878049524576e-05,1.0269439287445348,0.3608335563471389,0.24130357785214324,0.16070928189550887,0.13444431362688075,0.07486260506103293,0.04407917411609272,0.030188288917251997
2,SH2D2A,brain_hypothalamus,brain_spinal_cord_cervical_c-1,0.4882577982504254,3.487167490915322,0.476430156646205,0.08767990442342094,0.00013320213935204698,1.3678383339916662,0.5481732067791625,0.28883989106779523,0.23852965984933133,0.1544886653128626,0.08043034544885466,0.057151591453182535,0.03347407070719382
2,SH2D2A,brain_nucleus_accumbens_basal_ganglia,brain_putamen_basal_ganglia,0.5966425455661346,3.4473382176751812,0.511086612463907,0.06084843291892807,0.00010719609100123973,1.173973749428561,0.39189724945101007,0.21281884891098626,0.13405184608541781,0.0979644316336805,0.06946133678884728,0.0427654165296322,0.029981671697272838
2,SH2D2A,brain_nucleus_accumbens_basal_ganglia,brain_spinal_cord_cervical_c-1,0.4704275552327292,3.9584397566278313,0.40637343637131923,0.1258257444303265,0.00013816380044340398,1.1353159681386278,0.4570262107882094,0.2517198712980141,0.1798388703305002,0.11944032602508955,0.07101538510231252,0.04888075165132756,0.03702091059485788
2,SH2D2A,brain_putamen_basal_ganglia,brain_spinal_cord_cervical_c-1,0.39162837696598307,3.507001453922146,0.4623654356152699,0.10112622106518825,0.00010944061128212554,1.0210313891827156,0.40520938220226954,0.19622670752666932,0.1649185385995676,0.10665404657594875,0.07414096480487799,0.04607486720987382,0.03249153683390558
3,JAM2,brain_amygdala,brain_anterior_cingulate_cortex_ba24,0.5836968022988924,3.0240528582734334,0.630435780527111,0.08436743779684582,0.00017576262625322,1.7595826763862905,0.4480262179700835,0.3450704108926626,0.24814571453263481,0.1430881166981882,0.10150020067163479,0.05088767317385758,0.03292076551476772
3,JAM2,brain_amygdala,brain_caudate_basal_ganglia,0.35139395710761856,4.306724603990299,0.2660015523378954,0.05611180311969803,9.891657512099007e-05,0.7181826595086268,0.48581148147664377,0.28389010905440176,0.19826782266075496,0.13866816161220596,0.07333645280123022,0.04994877499019542,0.030742409532471197
3,JAM2,brain_amygdala,brain_cerebellar_hemisphere,0.29063285759494606,4.600811607863944,0.3595278111832979,0.08501380007355372,0.00014935211597834,0.6855463961118959,0.4380379531072604,0.2738612500020571,0.20228171457296718,0.1359006498011961,0.08954215385411665,0.049002698532030056,0.03359363460395934
3,JAM2,brain_amygdala,brain_cerebellum,0.35117091063444505,4.346516867446033,0.3532834383839661,0.09966816163624172,0.00018658247930777999,0.9216506857463059,0.41529641999134226,0.25699351021081196,0.19101229985686025,0.1282656298230591,0.09404027139654586,0.04860699529432844,0.03188117462373486
3,JAM2,brain_amygdala,brain_cortex,0.4423593287752432,3.9053545147552784,0.4163468067609279,0.09999359927366396,0.00020508118903340001,1.0557884192311922,0.4059601038867995,0.3003557624185638,0.19664959071178245,0.13544200549012822,0.09488668834554544,0.05213672752748416,0.032192936968306704
3,JAM2,brain_amygdala,brain_frontal_cortex_ba9,0.4401762347587164,4.097323003837182,0.31844450059978024,0.14166877810614906,0.00022608725488088003,0.9114181816412726,0.3646342876731721,0.2992459215105619,0.23156028927238906,0.15565668456253914,0.10681878754989127,0.05283033477691346,0.03297908196397648
3,JAM2,brain_amygdala,brain_hypothalamus,0.5088539969455349,3.9024154411887677,0.6049414715254412,0.054987267521452575,0.00010723876477897738,1.3042449853984006,0.41945851410176405,0.3205614905230988,0.24767002060902396,0.15920931155686088,0.11727950386902015,0.0573163424649879,0.041327866157559456
3,JAM2,brain_amygdala,brain_nucleus_accumbens_basal_ganglia,0.40328134208125865,4.092209783643279,0.2921518662734074,0.03666378034739914,8.098469705405386e-05,0.9870756147231553,0.5994359345091526,0.3283388250537569,0.21704993563376646,0.13762989827220246,0.09920646714055883,0.05431902758901262,0.036126702331806856
3,JAM2,brain_amygdala,brain_putamen_basal_ganglia,0.38413734758661927,4.362160179447942,0.36603884384153,0.050527475677656385,7.588784736779499e-05,0.8029764695130723,0.5160916226925221,0.31610739295683493,0.21616569972561517,0.15571751017061652,0.08003763072275466,0.048189670291988625,0.034252593296455
3,JAM2,brain_amygdala,brain_spinal_cord_cervical_c-1,0.4579272554922529,4.062763628986406,0.38691241177564695,0.033514856015380304,7.533011806361575e-05,1.180687934460402,0.3999383313104524,0.30346735267909225,0.21608451376104068,0.16535967054945439,0.10991995771872787,0.062357148411912554,0.036847012642938805
3,JAM2,brain_anterior_cingulate_cortex_ba24,brain_caudate_basal_ganglia,0.3149608824957054,4.85818781944033,0.30240222686291157,0.07522861738657119,0.00013793060144469985,0.5167025069094169,0.3588598320282089,0.2547778408477447,0.16744574191278103,0.1244563265257099,0.06676277448934756,0.044514134399238445,0.029537096837953202
3,JAM2,brain_anterior_cingulate_cortex_ba24,brain_cerebellar_hemisphere,0.29755664433664897,4.548634218489922,0.34944799518127706,0.06929456547293086,0.00013118896781359448,0.679541243912338,0.3777118917114525,0.2599571644061721,0.17680414953366355,0.12864039761384322,0.0807521839790323,0.04417624744883308,0.02931856230208734
3,JAM2,brain_anterior_cingulate_cortex_ba24,brain_cerebellum,0.3507143699760025,4.303824683946239,0.44457518520924977,0.09463147411174762,0.00015310864629154,0.774467743327439,0.33593522092389966,0.24215313615883544,0.17715245814059943,0.11718074018440225,0.0804898444413201,0.045597694305044824,0.02742415489526398
3,JAM2,brain_anterior_cingulate_cortex_ba24,brain_cortex,0.6244740134664694,2.819239621108979,0.6633397217411166,0.1240570945043555,0.00028674000073681996,1.5220913769593116,0.41353239968633304,0.27287670942467585,0.1850162223042378,0.12399947591591003,0.08062038001290864,0.04825730039587754,0.02754988898590256
3,JAM2,brain_anterior_cingulate_cortex_ba24,brain_frontal_cortex_ba9,0.6737462772656044,2.8843287521527463,0.6442116185970941,0.22444448490736274,0.00045308520774886,1.4594486657295573,0.4128454695509992,0.3134741881595426,0.21320693217211958,0.13228218800908237,0.09245941719641662,0.04723139491685626,0.0281635801981573
3,JAM2,brain_anterior_cingulate_cortex_ba24,brain_hypothalamus,0.4639729861859891,4.1263487915097325,0.566660818625022,0.07711841526255367,0.00013901586280548085,0.9603518808625399,0.36498371055558854,0.2900114804077689,0.22064752773270158,0.14115819350000586,0.0971662547780956,0.05303978881746232,0.03497058510752294
3,JAM2,brain_anterior_cingulate_cortex_ba24,brain_nucleus_accumbens_basal_ganglia,0.35444795564382103,4.41649596251615,0.37310875830756474,0.07343548392633706,0.00013720633164882672,0.7281038898083084,0.41043314626430566,0.2841822683425122,0.1995401298547179,0.12738220535424277,0.08138180495814676,0.0489440159480245,0.03276286828628102
3,JAM2,brain_anterior_cingulate_cortex_ba24,brain_putamen_basal_ganglia,0.362578114792748,4.5051274114126185,0.4219979025815606,0.06173934398931926,0.00012539866159039486,0.6767000397624205,0.3912608235087188,0.2957107271217871,0.18819963804223935,0.12129012497517473,0.0729652646630783,0.047053971959933015,0.030910598505536357
3,JAM2,brain_anterior_cingulate_cortex_ba24,brain_spinal_cord_cervical_c-1,0.37794897040256054,4.631930267685192,0.634028902529923,0.049106931173836854,7.52155678605712e-05,0.8210667456876461,0.3522764912807776,0.25065329579337714,0.19320297812286694,0.14890393228627719,0.09059608234447025,0.05799775540601314,0.03402531632985706
3,JAM2,brain_caudate_basal_ganglia,brain_cerebellar_hemisphere,0.2553157270261247,4.152752572579453,0.17231391116493477,0.0606470942253294,0.00010356537228458114,0.6789624258788681,0.30343999912805647,0.20977755653674093,0.16156429214657747,0.11124767924766907,0.06393081379304134,0.043507466690480764,0.029300487033770684
3,JAM2,brain_caudate_basal_ganglia,brain_cerebellum,0.2777218464041732,4.529476657490951,0.19337468776721925,0.08240274067517558,0.00013777865287042,0.5695265218598868,0.3340569410032498,0.22481078163496376,0.15712464460981887,0.10632475829554218,0.0607306798770344,0.0431267395098536,0.02694509030569104
3,JAM2,brain_caudate_basal_ganglia,brain_cortex,0.34123087834596716,4.64749309532854,0.3182047994296116,0.06463662795566391,0.00014002426001035107,0.6023820991503237,0.393216627770825,0.2293884767301805,0.16215388634351674,0.11203382000693565,0.06376133344235155,0.04549559024848598,0.02781964027336652
3,JAM2,brain_caudate_basal_ganglia,brain_frontal_cortex_ba9,0.34444114317622543,4.840491323617476,0.3171598151084211,0.06363368249208912,0.0001066976084282301,0.5621972857660636,0.36154469108332776,0.25056179374270504,0.1834026893960399,0.13408452219333727,0.06322123266949914,0.0455688270099835,0.02881779927620042
3,JAM2,brain_caudate_basal_ganglia,brain_hypothalamus,0.37082154870383865,4.302267907157967,0.26507439835772784,0.07880341314430336,0.0001373087225960407,0.763735677072012,0.3744023296807784,0.26739031920497686,0.19288989526092842,0.12805263831622377,0.07410767741109024,0.04978811438078288,0.03475717862206174
3,JAM2,brain_caudate_basal_ganglia,brain_nucleus_accumbens_basal_ganglia,0.487781851666075,2.9142707992288783,0.36417869167549144,0.06550407014074544,0.0001565494907783134,1.4378225130525248,0.6203665125616261,0.28497811507567444,0.17050826952224327,0.11777409668698909,0.06784700103990528,0.04673215637793252,0.029304761247661782
3,JAM2,brain_caudate_basal_ganglia,brain_putamen_basal_ganglia,0.8028953683436381,2.19143240260872,0.7612740971646216,0.05681218094427828,0.00011440991169459327,2.617733286050963,0.81008127435631,0.3095560300688426,0.16866868945072888,0.12054635746400373,0.061550061763079575,0.039000457278846615,0.02827036903219688
3,JAM2,brain_caudate_basal_ganglia,brain_spinal_cord_cervical_c-1,0.3193291116039553,4.4198136366709475,0.24296914504217676,0.05764931974630068,9.718551505410486e-05,0.6358036880154557,0.34899921774132725,0.26501660130263716,0.17690311007346077,0.1330802217216248,0.07474818323338754,0.05222483582617976,0.031371862902309984
3,JAM2,brain_cerebellar_hemisphere,brain_cerebellum,0.5590178971878139,2.435805125021663,0.5188840202854977,0.08882771493522927,0.00022316642214252136,2.054431525200137,0.8732871853463706,0.21890315618195463,0.1431331953903286,0.11268729050916666,0.06943052484847856,0.040319588898774475,0.0291158521236257
3,JAM2,brain_cerebellar_hemisphere,brain_cortex,0.2848239702223923,4.59515511136617,0.3352293038537527,0.05253407667233726,7.877448877827214e-05,0.6644847912927601,0.3636223135205717,0.20710867403119032,0.16670961193904962,0.11816653254197473,0.0729260415486746,0.04760045410291736,0.02970796967550588
3,JAM2,brain_cerebellar_hemisphere,brain_frontal_cortex_ba9,0.2992324047111722,4.6202938062006655,0.34759365474860415,0.0803613914162075,0.0001481602492015406,0.6151650892711714,0.3623660478637067,0.24584112975120695,0.19095267887464812,0.12448276168021506,0.07489281036254958,0.0474416629511991,0.028740092616279717
3,JAM2,brain_cerebellar_hemisphere,brain_hypothalamus,0.33780427452017864,4.238981884424789,0.5119685589237566,0.052221131774243854,8.814076075380711e-05,0.7980978201537127,0.4729048161231363,0.26316084746752716,0.19470653257635423,0.12307670467904659,0.08468360390426241,0.04892583718273228,0.03714128260908026
3,JAM2,brain_cerebellar_hemisphere,brain_nucleus_accumbens_basal_ganglia,0.2631548159323389,4.610509010257868,0.34750451039896946,0.07132900676203102,0.00011736477865001028,0.6647861358085116,0.41823491850308575,0.24703181635469368,0.17723315531033298,0.11024938563470062,0.07767089757142567,0.04831647751589124,0.032779551167319475
3,JAM2,brain_cerebellar_hemisphere,brain_putamen_basal_ganglia,0.2679547357550853,4.281870628173502,0.22323580301156562,0.03708554740680646,6.592096403613772e-05,0.7522586764723698,0.32021490792719687,0.22854464811973746,0.17820417546737072,0.12265394145384283,0.06807499234007668,0.04381135864260656,0.03154426126881374
3,JAM2,brain_cerebellar_hemisphere,brain_spinal_cord_cervical_c-1,0.2944491120396522,4.03627709376766,0.4068609359652221,0.060649479674792915,9.542165689984829e-05,0.8151730083612188,0.40423888662977603,0.23654237740312994,0.16813478433111734,0.13224582612320995,0.08180253922778316,0.052775284035253,0.033558711440262304
3,JAM2,brain_cerebellum,brain_cortex,0.3446402642327008,4.3213416201929835,0.34259236734786175,0.04653472827919612,8.936694170818968e-05,0.7177616569117183,0.39065901052978036,0.20725064028221732,0.16207688450315244,0.11492445314358408,0.07240722188851331,0.04341235584360008,0.029215569935612622
3,JAM2,brain_cerebellum,brain_frontal_cortex_ba9,0.3301655400511311,4.609843200323093,0.3314120411372888,0.06997794913020185,0.0001103998664553629,0.5466699234368302,0.3412116971193576,0.24256418238175187,0.17426248616619064,0.11585710442898167,0.07548971718944004,0.04597496593145748,0.028064513835202858
3,JAM2,brain_cerebellum,brain_hypothalamus,0.3908513023367305,4.069310561266734,0.3438171262413689,0.06581062715417207,0.00012327533947786612,0.8724661716392041,0.47804362718235033,0.24304487029686817,0.17431378968652878,0.12241137085188954,0.08225539174196987,0.05085541378920222,0.0337087105419075
3,JAM2,brain_cerebellum,brain_nucleus_accumbens_basal_ganglia,0.3123192186770421,4.501551815609463,0.3565471175170418,0.11011569241570765,0.00017947231373994,0.7373142735947023,0.4704529927597402,0.24276641567962454,0.17627555586402088,0.10987541687364862,0.075088825554173,0.0449861868903704,0.031107891823110623
3,JAM2,brain_cerebellum,brain_putamen_basal_ganglia,0.2868074479311845,4.615555040987166,0.3114594486890544,0.07886396881834584,0.00013396092553882342,0.6034305667277436,0.3513710385677399,0.25189591156247043,0.16037456890779184,0.1157202261983075,0.06707194477379383,0.046208979090640076,0.029239690711934403
3,JAM2,brain_cerebellum,brain_spinal_cord_cervical_c-1,0.39017314760918465,3.598751540244411,0.4327710346177261,0.0707418036290376,0.00011561019245635027,1.2064642081951742,0.4119441710260756,0.21459102799542987,0.15628306609169537,0.11883275888467115,0.08187111802053053,0.05391768184981738,0.030967337973288045
3,JAM2,brain_cortex,brain_frontal_cortex_ba9,0.7114430290024287,2.6138025990555667,0.7368846971040369,0.1307801954107915,0.000196940480282776,1.6180866333458777,0.4020372094942363,0.28040964203763935,0.1992621305405208,0.12262080959316579,0.07897001742992937,0.04864438865149258,0.026890695837547496
3,JAM2,brain_cortex,brain_hypothalamus,0.4564366999530872,4.36676346055892,0.39074101927355775,0.09972860872437309,0.00018896644987194,1.0062206185195466,0.33580389898579,0.24761091256511197,0.20467419271732507,0.13200688522799828,0.08525809852568296,0.05424098001559278,0.03535274064148184
3,JAM2,brain_cortex,brain_nucleus_accumbens_basal_ganglia,0.3699832123300458,4.2528945748767555,0.4258590060352908,0.08655452984943056,0.00014794571539861534,0.7789168616728326,0.4456365244547357,0.25648520554390225,0.1678899785279913,0.11741099871699681,0.0801054559370495,0.05193654283754308,0.03054771546929268
3,JAM2,brain_cortex,brain_putamen_basal_ganglia,0.404758903443949,4.201004056886982,0.5037741443280691,0.06698052885881953,0.00013336813788924188,0.8624962110753209,0.43144585123732215,0.25967317151928393,0.18471395877425198,0.1166563536357164,0.06752097958513145,0.04564305903780222,0.03059451900378878
3,JAM2,brain_cortex,brain_spinal_cord_cervical_c-1,0.41417942460094226,4.390318609223249,0.46769982824434625,0.0799644985007957,0.0001307739738365357,0.9198438636850707,0.4086685153123025,0.22701569836503435,0.1646854961834038,0.11786899073245113,0.09006979617291873,0.06057152438215786,0.03170839361068558
3,JAM2,brain_frontal_cortex_ba9,brain_hypothalamus,0.4440736468754472,4.7216655408506,0.3735143136093858,0.08147945064960589,0.00014810366542338,0.7754699958781957,0.34676190565223397,0.29452549824634566,0.21410896559982295,0.14308218039318232,0.09665003228418646,0.052674280425303824,0.03580467053852852
3,JAM2,brain_frontal_cortex_ba9,brain_nucleus_accumbens_basal_ganglia,0.3434520825339285,4.755718746445679,0.28008900510891876,0.06530548673832266,0.0001076452764900225,0.6485092611288948,0.3481337129670994,0.2730297588625481,0.1948091911287444,0.13168352583617707,0.0825722686079703,0.05252881583076863,0.0319058805951392
3,JAM2,brain_frontal_cortex_ba9,brain_putamen_basal_ganglia,0.4009240529316114,4.4402100336521055,0.3898911650682587,0.0408277207502274,9.246258001377237e-05,0.7989058425374921,0.3836689630319878,0.28229965869092044,0.21143741057684168,0.12843560985241004,0.06787012671407998,0.04661553120026896,0.03076007944045108
3,JAM2,brain_frontal_cortex_ba9,brain_spinal_cord_cervical_c-1,0.37843979188634186,4.978109687657302,0.4034161471652335,0.06521059758335403,0.00010572255027817005,0.6663182408508124,0.33777267585970094,0.2713784517767582,0.19582807573160982,0.1405428641213808,0.0951785044199811,0.060649637344562454,0.03363985743681444
3,JAM2,brain_hypothalamus,brain_nucleus_accumbens_basal_ganglia,0.4472604577019772,3.7766466429401127,0.4863561107331015,0.02208860018033194,4.573032692055428e-05,1.1348473700585238,0.4646030307564197,0.2913628674766161,0.21200616948039444,0.12227447114961143,0.0960113622345966,0.05644201401136022,0.039710203417653675
3,JAM2,brain_hypothalamus,brain_putamen_basal_ganglia,0.401049761752904,4.36385174831899,0.38478442156365933,0.0492416829390864,8.41732705576485e-05,0.8541859099774929,0.4140005803986326,0.29167083025883705,0.21509237448959104,0.1365293381022843,0.07824751245546212,0.05087209815185774,0.03815156628411206
3,JAM2,brain_hypothalamus,brain_spinal_cord_cervical_c-1,0.50734887679393,3.262961805406127,0.45159897894990875,0.032571035397063804,7.0062550661219e-05,1.304302098887503,0.37393390998293546,0.2522344755181719,0.19772924573038989,0.15040272891992662,0.1108751625350822,0.06310063166547393,0.0403930044715893
3,JAM2,brain_nucleus_accumbens_basal_ganglia,brain_putamen_basal_ganglia,0.516470558353564,3.0157038054057037,0.450759425062256,0.0287801078017396,6.467399981646799e-05,1.4710045605766642,0.737135761072186,0.32684908690252473,0.17981783108093935,0.11795046645946128,0.07618574096129613,0.04548822367416492,0.03220023327654732
3,JAM2,brain_nucleus_accumbens_basal_ganglia,brain_spinal_cord_cervical_c-1,0.3677938592585618,3.9526651891767477,0.2973687229210517,0.02514043471898226,5.057377448373892e-05,0.9707028785834518,0.38685606927657645,0.2732304281831301,0.1835850416783738,0.1254162974555572,0.08969169020878578,0.06251407187066274,0.035785892103113635
3,JAM2,brain_putamen_basal_ganglia,brain_spinal_cord_cervical_c-1,0.35740700905258915,4.290101739150619,0.3994335320686172,0.0374312437831904,5.5437078737798445e-05,0.7885780891370133,0.4232874036537222,0.27892904396790325,0.19217103132583596,0.12980523625562518,0.08834763407949117,0.05489334204158054,0.03177595988833036
3,SH2D2A,brain_amygdala,brain_anterior_cingulate_cortex_ba24,0.7788565849013167,3.0626355815539417,0.6860600764857119,0.00601064533827802,5.5527986621991156e-05,0.6980376306304128,0.16901650986748848,0.12346438256938859,0.07534682569696674,0.045208559627804915,0.0350704783856989,0.02324162640864568,0.01529902499479524
3,SH2D2A,brain_amygdala,brain_caudate_basal_ganglia,0.521006811553366,3.779740177373737,0.6139913295975955,0.020846340797637482,3.4022801683208113e-05,0.46429781940018716,0.17969453692976134,0.11183301562754125,0.06154798090043432,0.047355699415886396,0.036444027109910807,0.02390982971970458,0.01887164972384044
3,SH2D2A,brain_amygdala,brain_cerebellar_hemisphere,0.4229837887963585,4.943946113149898,0.37213584341874345,0.0198142630187582,7.610025146908882e-05,0.3082242947248323,0.14693471504708272,0.08963805790264319,0.06798448364441075,0.040641634141928264,0.03017005342262194,0.02185967531862664,0.0141766875084402
3,SH2D2A,brain_amygdala,brain_cerebellum,0.46031087548349114,4.792594882721734,0.3796665331720387,0.017562360039652218,7.048791422630049e-05,0.2968280873478812,0.15969064513521766,0.11302426846201241,0.07308272411868841,0.041970334788853744,0.034108152262466176,0.0236072367136178,0.014652109564109981
3,SH2D2A,brain_amygdala,brain_cortex,0.544559093895373,4.346386918177524,0.5098308423811695,0.01915912204695182,6.0295136147766066e-05,0.36358322458254466,0.1400382842915968,0.0993254120532648,0.06947978646297615,0.049215004814040376,0.03292291415354106,0.020595699360539697,0.014627876826036858
3,SH2D2A,brain_amygdala,brain_frontal_cortex_ba9,0.6289019772836386,4.237863157119977,0.7184820817054642,0.01464168719275254,4.533054042628117e-05,0.4635472993879256,0.16804960838458732,0.11924722011552742,0.06792396324164544,0.0485224369913752,0.03579621497031224,0.022904172899803083,0.0151159706841869
3,SH2D2A,brain_amygdala,brain_hypothalamus,0.510374575370775,3.092423892010236,0.5363641507683704,0.0048747913197453,4.129817032015634e-05,0.6728196771103507,0.2028847777749078,0.13955816128628507,0.07107032044080427,0.05097133646743161,0.040458396315839286,0.026926220778217443,0.0164954082260978
3,SH2D2A,brain_amygdala,brain_nucleus_accumbens_basal_ganglia,0.5339972844588015,3.389729253499543,0.43481594325885553,0.012898627407855117,7.506429179663117e-05,0.5857210714346948,0.17552779295317109,0.12875015024385744,0.06347081445878364,0.044974883433926596,0.03616850094497582,0.024346348765230102,0.018094367576798158
3,SH2D2A,brain_amygdala,brain_putamen_basal_ganglia,0.48960014148649833,3.8629243332991443,0.45906611466272407,0.020413035511998048,4.6205190785774896e-05,0.4305325747896306,0.16273840942860404,0.09525077558594915,0.06461770687494638,0.0471780402275897,0.03561587920046136,0.021899312134423997,0.01774976520284878
3,SH2D2A,brain_amygdala,brain_spinal_cord_cervical_c-1,0.3548083304554324,4.181501877569364,0.3196203232223779,0.0260212360055763,0.00011027813306181626,0.4029188523993136,0.16091500707982653,0.09728514478226123,0.0667614058575714,0.048916943715739805,0.03159671075554106,0.02397729571330588,0.01428689709807418
3,SH2D2A,brain_anterior_cingulate_cortex_ba24,brain_caudate_basal_ganglia,0.49386238146470623,4.251989718729854,0.5260160874164613,0.01188623937978952,5.593167567896043e-05,0.37881189765610895,0.15828128400842792,0.10454856792418751,0.05625723383321246,0.0462009724303933,0.03422221679168936,0.02372116081427686,0.01756746506795654
3,SH2D2A,brain_anterior_cingulate_cortex_ba24,brain_cerebellar_hemisphere,0.4406270981540363,4.6439599144048795,0.41918226543025233,0.013526711074507519,8.145429568252189e-05,0.3112774176150482,0.11144991921233083,0.09014361059160371,0.05996559806848243,0.04056198308647478,0.02875878991057764,0.021117985662204443,0.0137715416774612
3,SH2D2A,brain_anterior_cingulate_cortex_ba24,brain_cerebellum,0.48417763087216353,4.7304369824684915,0.3961529225836685,0.015189067129508422,8.589278988010084e-05,0.3101719494750572,0.14025370149126198,0.11112601240256334,0.06601382473883606,0.0424132859186689,0.03275874101032954,0.02067528704630364,0.01471385182009588
3,SH2D2A,brain_anterior_cingulate_cortex_ba24,brain_cortex,0.6434912950640707,3.661222357398292,0.5508699901364753,0.0147752311757809,7.665053825528438e-05,0.4390162471734732,0.16703680662735504,0.10141200257342134,0.0650171962624581,0.04643204696431094,0.03097258779738284,0.020324295417955877,0.01375491302922836
3,SH2D2A,brain_anterior_cingulate_cortex_ba24,brain_frontal_cortex_ba9,0.7708348154962265,3.4649709920124834,0.7681674750060592,0.00680719741083328,4.842661626824302e-05,0.555799479879329,0.17763392316248938,0.12895751832498573,0.06949197527961976,0.04480091006399016,0.03151211329182904,0.021954458827076882,0.014477442055326358
3,SH2D2A,brain_anterior_cingulate_cortex_ba24,brain_hypothalamus,0.47426105631047066,3.6577215539848256,0.4082464442118705,0.00821357883415922,6.364992422559916e-05,0.5764248564374229,0.1796306525973678,0.1182230913552855,0.06317325976818527,0.049246176829674575,0.038618317664521624,0.02464374617630706,0.0161068970609334
3,SH2D2A,brain_anterior_cingulate_cortex_ba24,brain_nucleus_accumbens_basal_ganglia,0.5133540630565798,3.702594826303568,0.5184501721857624,0.00452352615770192,2.318651814275432e-05,0.5079938275426328,0.1610714905077479,0.11124578750864962,0.059807180049511244,0.04600122429252852,0.035945981111160916,0.02531561655614628,0.01624707299349818
3,SH2D2A,brain_anterior_cingulate_cortex_ba24,brain_putamen_basal_ganglia,0.4857998461364839,4.227266063580963,0.3783826637116813,0.013827029751067279,7.506952986030446e-05,0.366963012398948,0.15096034999259492,0.0910054416952211,0.06142409489687164,0.0465408110973982,0.03375551377754132,0.02069377079271508,0.0171581035253149
3,SH2D2A,brain_anterior_cingulate_cortex_ba24,brain_spinal_cord_cervical_c-1,0.3476577489394935,4.633849540446187,0.2700376877942558,0.03497067156604556,0.00012720995894581022,0.36550992820255584,0.12846215020839008,0.10279522768638738,0.06354881971771614,0.04440511983079676,0.03260069020643912,0.0218042197801659,0.014594753013431938
3,SH2D2A,brain_caudate_basal_ganglia,brain_cerebellar_hemisphere,0.3731088429728615,4.873399181378477,0.37751131447962294,0.013218918610533254,0.0001025089137212221,0.2760459805995499,0.12702515403078726,0.08980435031528287,0.06313549988473346,0.04271294118002714,0.028673704098945117,0.022184527108566537,0.01477595209636296
3,SH2D2A,brain_caudate_basal_ganglia,brain_cerebellum,0.4013990178458746,4.8679526319249,0.32851148233123595,0.01329796504764714,8.752751287548902e-05,0.29730341730518417,0.1331106309684301,0.10372442375839226,0.06495751995325272,0.04531325312502616,0.03151951716327088,0.02251774277348018,0.01701071221426774
3,SH2D2A,brain_caudate_basal_ganglia,brain_cortex,0.42436530913640985,4.9291358378338845,0.40591850730608775,0.0051619367384147605,5.394341993348279e-05,0.30681199159890493,0.13644176315213286,0.09661363086131555,0.06368982745848786,0.04697215526718232,0.033003122554464207,0.02065624902045218,0.016049666630881483
3,SH2D2A,brain_caudate_basal_ganglia,brain_frontal_cortex_ba9,0.4928379068927512,4.540082788216848,0.5432060602353335,0.00882676933693724,6.652888345286417e-05,0.37637180660214,0.16992324721680013,0.10323671081053769,0.06151284302502609,0.045472176659787276,0.03414578715591342,0.022247254062743978,0.0172673833195142
3,SH2D2A,brain_caudate_basal_ganglia,brain_hypothalamus,0.4348311166270686,3.4678517954741834,0.4702384456951,0.017958373261119,3.9031909135826184e-05,0.5355908117378736,0.20335986636994222,0.1200608949968653,0.06692800792862233,0.04896221924935012,0.0375141366305091,0.02375115902283102,0.02042698092536642
3,SH2D2A,brain_caudate_basal_ganglia,brain_nucleus_accumbens_basal_ganglia,0.5750250069511808,2.7843826268583007,0.5198015083898417,0.00581611407322148,0.00010097031683529566,0.7039351238914657,0.18832863210613657,0.12428126450925955,0.05848813072002042,0.044330588301840015,0.03609780091778886,0.02575191063767058,0.018844798160125062
3,SH2D2A,brain_caudate_basal_ganglia,brain_putamen_basal_ganglia,0.7979559433634295,2.29946902006833,0.7581947972765025,0.00885479543861954,0.00010002838078154415,0.9729985210762694,0.20905201134703688,0.1073143589144708,0.06734420024605868,0.048110933501241515,0.03507833951051404,0.023561606971550998,0.0166223723886474
3,SH2D2A,brain_caudate_basal_ganglia,brain_spinal_cord_cervical_c-1,0.3554937617850237,4.302067918511481,0.29375640472546805,0.07504394424976717,0.00019857055431874,0.4265153854303816,0.14282291787799356,0.10264158306108806,0.06766510534112799,0.04410135683586488,0.03249174977481828,0.02372120991482456,0.0159456944404777
3,SH2D2A,brain_cerebellar_hemisphere,brain_cerebellum,0.6856117008556952,2.815089797298597,0.6783136862649192,0.014747192181775582,0.00019048489509134516,0.7188878348283847,0.25012441816619196,0.09073282236570387,0.05993855150884918,0.0424097842821562,0.02796177320191464,0.01779095071079816,0.01234635081871306
3,SH2D2A,brain_cerebellar_hemisphere,brain_cortex,0.419396258679289,4.676278793692592,0.4894306456720002,0.0086670836560898,7.234052423959035e-05,0.2983408532160631,0.11184760152370155,0.08486269432134433,0.053631628114510624,0.04187660103674782,0.02967417121556924,0.01980397694666176,0.0120987661290166
3,SH2D2A,brain_cerebellar_hemisphere,brain_frontal_cortex_ba9,0.4765596571337184,4.415392181600127,0.5056675730279493,0.01002807135475634,8.23736383506304e-05,0.3259700049138631,0.13359991249229158,0.08218105294675532,0.05607195936917801,0.03778294491355058,0.0307426053610791,0.02083462439935798,0.01350275731030318
3,SH2D2A,brain_cerebellar_hemisphere,brain_hypothalamus,0.3296156349545749,4.202856201475461,0.35646648300804623,0.03415369702952276,0.00016543382867542975,0.38234130998865956,0.15236340355544117,0.09538383411409578,0.05797772489123323,0.04313603540332298,0.030640158123267803,0.02206936220154588,0.014994657167751141
3,SH2D2A,brain_cerebellar_hemisphere,brain_nucleus_accumbens_basal_ganglia,0.359766184031805,4.5390585098552885,0.39771488046968484,0.01094310471245406,8.787610432998913e-05,0.31056335177546013,0.14644551631393027,0.09217776167836164,0.06229414302979126,0.03863215818588232,0.027891620348299662,0.0221516719379975,0.01567238058101102
3,SH2D2A,brain_cerebellar_hemisphere,brain_putamen_basal_ganglia,0.3628453346931305,5.0463205146037975,0.4076830646199575,0.01282156847304062,0.00013639390346795502,0.2413436068914308,0.12210898616707293,0.08521703638153656,0.061777860668843054,0.04409646662982148,0.03028713067191708,0.020996745941280797,0.01382362572699862
3,SH2D2A,brain_cerebellar_hemisphere,brain_spinal_cord_cervical_c-1,0.31918155784443764,4.325291191746984,0.24536822584245846,0.0572549838067247,0.00018762698668678,0.36530932577217357,0.13554444063480106,0.07742577651241164,0.05757697032118401,0.04253612471576122,0.0272201616129528,0.02047057816238882,0.0127004597488414
3,SH2D2A,brain_cerebellum,brain_cortex,0.49709268680467567,4.454302086149231,0.38223140531404837,0.0093481576908122,5.088842767344622e-05,0.29958660982507923,0.14177018175252193,0.10047021816444661,0.06137612918105874,0.04698776762695816,0.03129901126078988,0.01860977811086446,0.013447108564526761
3,SH2D2A,brain_cerebellum,brain_frontal_cortex_ba9,0.5039865678661282,4.640160203473146,0.43550177247284205,0.011510912616401778,8.020666954756642e-05,0.3154777027439878,0.16209826451810108,0.10415130556827319,0.05916773219179487,0.04052939991657298,0.033722576943220985,0.0200529675278929,0.015009670580860317
3,SH2D2A,brain_cerebellum,brain_hypothalamus,0.35753005730640636,4.083859729314681,0.3073801063139268,0.03169447996052396,0.00012060400498449166,0.363321890981526,0.18753396671300115,0.10186864063334973,0.06466548241595713,0.0440398081551851,0.0340102705576593,0.02495188138625474,0.015631458803305222
3,SH2D2A,brain_cerebellum,brain_nucleus_accumbens_basal_ganglia,0.39450481898377326,4.696303722572351,0.2713599024263676,0.01404718881525486,9.331499296822576e-05,0.3073422174444569,0.17103654409265223,0.1089133785717628,0.06394627164846887,0.042422025817952604,0.03323839875048672,0.022958092851413724,0.0165718549770117
3,SH2D2A,brain_cerebellum,brain_putamen_basal_ganglia,0.3960442846764324,5.032536686402635,0.3145631886524309,0.012788693187903679,0.0001064575897917398,0.25981648056860285,0.13437256757399457,0.0951809779512102,0.06322969278587835,0.050187781451747314,0.0318753631571493,0.0217869300079727,0.015396216732638019
3,SH2D2A,brain_cerebellum,brain_spinal_cord_cervical_c-1,0.31708487380778116,4.460932428668167,0.2540653066873509,0.04932680336472074,0.00016399904682762,0.339688095938735,0.14309700936307346,0.08746496557981512,0.06258910564801574,0.04499043153124972,0.0291199065443229,0.022000686888202177,0.013718921183668919
3,SH2D2A,brain_cortex,brain_frontal_cortex_ba9,0.7224431295750888,3.3561234549476913,0.6422810304682456,0.012743113526537462,0.0001377197149279224,0.5129467413652421,0.17361446406836623,0.1202442450170889,0.0663686926107548,0.04358596143525844,0.0319776676090968,0.01907678528717044,0.01354245917338986
3,SH2D2A,brain_cortex,brain_hypothalamus,0.3569029269124136,4.677715714749904,0.3248689749492654,0.0183419639604871,6.808313957283273e-05,0.36171385281683427,0.13552842786406166,0.10353614466507374,0.06392981140095225,0.051588289182302405,0.03757842298262834,0.02147344852591186,0.015019718781045641
3,SH2D2A,brain_cortex,brain_nucleus_accumbens_basal_ganglia,0.4276262734071851,4.505998576151589,0.43800516988106597,0.00746542711153708,6.151646189251421e-05,0.34661251673722837,0.14584099894459224,0.10037841099525255,0.05663616254822974,0.045222450401319156,0.036053914350895076,0.02084177401143296,0.01563963216728002
3,SH2D2A,brain_cortex,brain_putamen_basal_ganglia,0.4370716791222823,4.853837387590142,0.324555182106195,0.00596668061380916,7.56384902668966e-05,0.300954769962539,0.14554017431672653,0.08629115380146293,0.06504168941131541,0.049492645761447865,0.03356449573491996,0.018974772906155297,0.014990095560654282
3,SH2D2A,brain_cortex,brain_spinal_cord_cervical_c-1,0.3565282147491226,4.209902217503694,0.284430932989434,0.06305294433016012,0.00019615605173684,0.3914671694335462,0.12440566384976073,0.09240154917804663,0.0595210445694108,0.04237735346714238,0.03199033954826758,0.02095330646882346,0.01331857137518106
3,SH2D2A,brain_frontal_cortex_ba9,brain_hypothalamus,0.431720775120181,4.276039029743112,0.5635237050565898,0.01614930067598852,8.044515747217692e-05,0.4863229799755991,0.17771684811990518,0.12074967256343087,0.0645573488030698,0.04910530293569339,0.04042331348136265,0.02362478097798926,0.015577142612187919
3,SH2D2A,brain_frontal_cortex_ba9,brain_nucleus_accumbens_basal_ganglia,0.46924055985099145,4.365201780538381,0.4217939063114535,0.00494963754209904,6.032500286171675e-05,0.42311884835963803,0.154618298110494,0.11943209475232877,0.060634084047612856,0.0432725547533338,0.03584724344697432,0.02339357850060762,0.016594217477024283
3,SH2D2A,brain_frontal_cortex_ba9,brain_putamen_basal_ganglia,0.5062310087323992,4.413698639126758,0.4815540316974259,0.01140869905310078,9.556193643094138e-05,0.37153930751540637,0.17645274029320668,0.09701922261153337,0.06431918606898725,0.04432015466363972,0.03447251312102004,0.01958814167023792,0.0164837085598958
3,SH2D2A,brain_frontal_cortex_ba9,brain_spinal_cord_cervical_c-1,0.37334188419810116,4.370768695303928,0.3080220939393258,0.050524117259426314,9.590333181122587e-05,0.41950200091814055,0.13427828172826345,0.09714795304398968,0.054240255035511095,0.04607614834591034,0.0334263910273917,0.02267655794308518,0.013600936103335121
3,SH2D2A,brain_hypothalamus,brain_nucleus_accumbens_basal_ganglia,0.46840779792738607,3.0819785015031678,0.39687978444294303,0.017804698832517958,0.00015390879525914,0.6356491521301221,0.22108103452542274,0.13536395988065805,0.07015138227969117,0.04678773797551406,0.03968705498632176,0.02621536155434584,0.01920242045042912
3,SH2D2A,brain_hypothalamus,brain_putamen_basal_ganglia,0.4327934352191912,3.445309709951087,0.4190274322935904,0.019025997268291118,6.193528384720458e-05,0.5101726109350595,0.17612838134208458,0.10229813798854219,0.0647766660037476,0.050412906327889265,0.0389341598932829,0.02202513560337862,0.01814706016404314
3,SH2D2A,brain_hypothalamus,brain_spinal_cord_cervical_c-1,0.3686969656632898,3.5998150366861976,0.34637546983211803,0.02891874397371782,0.00015232883769131597,0.5453812257425916,0.15550825485464181,0.10202518092524601,0.06540429373114034,0.04971982470793386,0.034077183944521514,0.024816373246929303,0.01448474620143774
3,SH2D2A,brain_nucleus_accumbens_basal_ganglia,brain_putamen_basal_ganglia,0.5286412876352822,3.1105497998825937,0.476501078453317,0.01042578662359896,0.0001439237111515825,0.5786059318778634,0.1864547688655985,0.10758111517895932,0.0597626066191921,0.04474187511332228,0.0376719028986348,0.02348094321745096,0.0170314158490875
3,SH2D2A,brain_nucleus_accumbens_basal_ganglia,brain_spinal_cord_cervical_c-1,0.3411173932133583,4.193483544654218,0.30508396903613944,0.0628379994935394,0.00019898887010498813,0.44319410367612144,0.13947563504557373,0.09770645498008315,0.05693077867483852,0.043260525410628456,0.032502477428603,0.02623481164723308,0.01583967270639932
3,SH2D2A,brain_putamen_basal_ganglia,brain_spinal_cord_cervical_c-1,0.3749260598495024,4.085406849018003,0.3056552888563716,0.06372366295866928,0.0001392348584057018,0.4262837432223193,0.13561202460576066,0.09607157798136261,0.06670283358878636,0.04641891975629556,0.03135756699379954,0.02359224814024122,0.014814416889298122
4,JAM2,brain_amygdala,brain_anterior_cingulate_cortex_ba24,0.5294321368330025,3.244060170520141,0.5898523519001487,0.058958027858096264,0.0001275446563769,1.5243046249876717,0.5368126832951701,0.3411010422332607,0.2368329283849826,0.13796880720131205,0.06716519182469245,0.05300057291472926,0.02710585500078554
4,JAM2,brain_amygdala,brain_caudate_basal_ganglia,0.32100128687513374,4.730371239460543,0.21828000459668995,0.10800192028784647,8.98899226534663e-05,0.9584884469383109,0.38668548843220296,0.2581914321106723,0.1977089782689831,0.11004450539920581,0.07065611958090105,0.049219224494884514,0.028659011253700302
4,JAM2,brain_amygdala,brain_cerebellar_hemisphere,0.27203558618863016,4.4196593478333455,0.2925389318500666,0.07187558576257957,8.792690317037616e-05,0.7776404230733225,0.3595966401535479,0.22071125201076805,0.17625112231793955,0.09507869369924178,0.05895588501057912,0.044083178790698715,0.027111570198691204
4,JAM2,brain_amygdala,brain_cerebellum,0.30739000215883217,4.480365273188857,0.26479654287192417,0.1221239431026074,0.00012171075427346001,0.7687506098922323,0.41591911686527566,0.26195857268266387,0.18790800293760174,0.09676143099013065,0.06099775060965553,0.046006409421909956,0.0269639723385245
4,JAM2,brain_amygdala,brain_cortex,0.38848812824641427,4.308327207889695,0.38685120599816064,0.10423828932510908,0.00012092835526634882,1.0347579137320089,0.3705716325083953,0.2945506018973934,0.22325744258859972,0.12086653361162933,0.06462636360026759,0.049788831615352594,0.02531142359908738
4,JAM2,brain_amygdala,brain_frontal_cortex_ba9,0.3940297481286692,4.4109431204065865,0.28563142784276757,0.18634047507209003,0.00022695435258492,1.0082794234135481,0.3875062378337694,0.29509592962583897,0.24359306558625993,0.1362849852058985,0.06726508732394067,0.0496371846929132,0.0288476059411809
4,JAM2,brain_amygdala,brain_hypothalamus,0.46210144830276667,4.033137556808759,0.4318915316218451,0.038568122713055104,7.530549111636617e-05,1.321797432699227,0.4013577907735238,0.32580609141888484,0.24997953388651267,0.14815916757712788,0.08080257525171605,0.05589575966907569,0.03247027290183762
4,JAM2,brain_amygdala,brain_nucleus_accumbens_basal_ganglia,0.3933866371752418,4.0722612692584566,0.32784750602500345,0.03527462146250008,7.13866223179762e-05,1.1007622848492815,0.44926391436572066,0.31516309275794047,0.23894720847853196,0.10994328312471209,0.08190231329884474,0.05267030800811012,0.032291776274145624
4,JAM2,brain_amygdala,brain_putamen_basal_ganglia,0.3333121973355201,4.780130007627476,0.2638203296373075,0.05855803221290797,5.815887653806336e-05,0.9465963864321608,0.4247794305874292,0.30972281867473,0.2226081465202765,0.12151676315079336,0.07416250397769467,0.04924984328401642,0.028990473367405
4,JAM2,brain_amygdala,brain_spinal_cord_cervical_c-1,0.4066810438677585,4.157121221199309,0.32696057533445283,0.0465812529594775,8.422268832500142e-05,1.3774926528954854,0.4902407473046887,0.35623283840652104,0.25752163606755446,0.113884051210663,0.08107951160488416,0.057814348885014175,0.03388861003760074
4,JAM2,brain_anterior_cingulate_cortex_ba24,brain_caudate_basal_ganglia,0.35459431750602405,4.908518353505266,0.3084005090044465,0.06135691003539314,0.00010313927464506085,0.7012885478039581,0.27554113473808417,0.23576896705494416,0.18177800080662104,0.10316510613848642,0.06431372764917058,0.048117233735943746,0.030841751264365735
4,JAM2,brain_anterior_cingulate_cortex_ba24,brain_cerebellar_hemisphere,0.32104123272864016,4.472584820955321,0.3400911397507381,0.07873588362005178,0.00011655250333276368,0.6463307628187971,0.37658410962719185,0.20819765828440392,0.1803908716985287,0.09138090848777272,0.060906146909913764,0.04025845036498486,0.02891234462037658
4,JAM2,brain_anterior_cingulate_cortex_ba24,brain_cerebellum,0.3932683197556225,4.313537231601858,0.42890595431044565,0.14138851638476818,0.00017024136741992,0.8640338197691093,0.3737955490219001,0.23085429107363753,0.17560598112415776,0.09523754262291526,0.06059444135587464,0.04298811959502332,0.028754829584650775
4,JAM2,brain_anterior_cingulate_cortex_ba24,brain_cortex,0.6597225775266466,3.293268524598511,0.7150841722155451,0.13292919517091345,0.00026674970711346,1.2980408483343995,0.4888274709155708,0.3237356966885443,0.19005049231656623,0.1110923236623417,0.056653582970244254,0.04332554860456468,0.02682268244299308
4,JAM2,brain_anterior_cingulate_cortex_ba24,brain_frontal_cortex_ba9,0.706205994557569,3.1945002935046247,0.6915334058174597,0.21751365622126317,0.00037852314828835997,1.4127369143607338,0.5460781453005962,0.3348827478194617,0.19515323915360752,0.12233434067028129,0.06247148162561572,0.04586748672185216,0.028901626261158657
4,JAM2,brain_anterior_cingulate_cortex_ba24,brain_hypothalamus,0.5266886888667336,4.472531440430708,0.5723247370106972,0.041817265356304714,0.0001091564048348,0.908901532884761,0.39625601733141347,0.2796090621091558,0.2214333980405882,0.13662844499974244,0.07854260415502871,0.0516992356282943,0.033591503836552516
4,JAM2,brain_anterior_cingulate_cortex_ba24,brain_nucleus_accumbens_basal_ganglia,0.3859520952762226,4.653121317812853,0.34719224440795593,0.033570926822701956,9.5802041362701e-05,0.7147924056226624,0.36364673844729584,0.26034410345144054,0.20908582022015318,0.1101023575228135,0.07335443369428055,0.055355115701942334,0.03212918834908006
4,JAM2,brain_anterior_cingulate_cortex_ba24,brain_putamen_basal_ganglia,0.3987930383333801,4.814528023999228,0.4089214387876199,0.044472293307223895,9.053109079613624e-05,0.8559131366196638,0.33837561017366297,0.27970860171626566,0.19550790226425416,0.109649144196618,0.06976763399789895,0.048219625956685705,0.03125905331551076
4,JAM2,brain_anterior_cingulate_cortex_ba24,brain_spinal_cord_cervical_c-1,0.4733536218738886,4.546945318869947,0.6460808406091005,0.04786417990969276,0.00012114741931104,1.1111292696946093,0.4005821634631362,0.30368444755692137,0.23441745175464543,0.12275973083431571,0.07531383832047178,0.0523848640025947,0.03469399099377468
4,JAM2,brain_caudate_basal_ganglia,brain_cerebellar_hemisphere,0.2665707488457994,4.490066274727669,0.18901894520089146,0.042129576885315836,7.514602799845886e-05,0.6504339202732768,0.236733112069527,0.18906761319271426,0.13423536765687621,0.08221024833365545,0.06474608576254488,0.039396995182036945,0.02803921207307688
4,JAM2,brain_caudate_basal_ganglia,brain_cerebellum,0.31045096535022065,4.669353554965336,0.2713988035864737,0.0923639872798499,9.38952632811566e-05,0.6243254153465186,0.32789679583499665,0.19453966885525809,0.15538757006405715,0.08324830125849744,0.05701837704682992,0.04163482869161944,0.028645821033312157
4,JAM2,brain_caudate_basal_ganglia,brain_cortex,0.34784207166717757,4.615753891192481,0.31607805835298103,0.0664006323471022,0.00010534082307029557,0.5891633181659415,0.2929054664628684,0.21371994241618125,0.17932577575093167,0.09188164321957551,0.059558411978696456,0.0430286834139464,0.02738261141288626
4,JAM2,brain_caudate_basal_ganglia,brain_frontal_cortex_ba9,0.3707942637377991,4.465033006646779,0.3278363545713832,0.051961995390005775,9.863876526488946e-05,0.7070167024785815,0.30039283037179,0.20479907119938184,0.17868677718266948,0.09892219366653496,0.06382290390990755,0.04396092785391392,0.03122983361358244
4,JAM2,brain_caudate_basal_ganglia,brain_hypothalamus,0.4336755911607971,4.440285786015108,0.37968238825530504,0.1280752259818234,0.00012735630072638142,0.8497540391138051,0.37964713178925036,0.23911976944379304,0.1706346993013385,0.10684076936292197,0.07901991692188162,0.05121877778090722,0.03264600351425958
4,JAM2,brain_caudate_basal_ganglia,brain_nucleus_accumbens_basal_ganglia,0.4832523118731866,2.913672279080347,0.37257937356895043,0.0878966885294557,0.00012957728842688,1.2213786265009312,0.4839974730612287,0.21231374943117856,0.16934233405416643,0.09552284261477247,0.07269016953437751,0.047573849709029815,0.03184406875703756
4,JAM2,brain_caudate_basal_ganglia,brain_putamen_basal_ganglia,0.7600850679003754,2.1138192485118,0.7110768685874091,0.052261981269914756,9.35367775041078e-05,2.1851330792162704,0.5653140960741261,0.240664188888422,0.16541731065407628,0.0952738067913741,0.07254840952265258,0.04153838709661538,0.02796793493096446
4,JAM2,brain_caudate_basal_ganglia,brain_spinal_cord_cervical_c-1,0.3649753084197839,4.727484936403715,0.30154655403908537,0.0984297533279737,7.56109268870374e-05,0.9298093834665355,0.43246162102293156,0.2312554056946871,0.19145473837119004,0.09505468629772669,0.07810032296877478,0.049549416395069004,0.03657232908833948
4,JAM2,brain_cerebellar_hemisphere,brain_cerebellum,0.5613030384678706,2.6028157427286573,0.5429558385284161,0.09251343379631065,0.00023141786116818,1.5152563216441355,0.6660343552675752,0.20608743068586222,0.144862359732674,0.07486252962888815,0.05234152009406826,0.038133201238547944,0.02278362673088426
4,JAM2,brain_cerebellar_hemisphere,brain_cortex,0.29564726077077297,4.489501572599332,0.37147890210077034,0.06563546196665716,0.0001134912544834143,0.5351941275356193,0.31083879341062504,0.20228115059891386,0.15303442245332416,0.08173223454516146,0.05750947488900562,0.03850975664375668,0.024984042050828638
4,JAM2,brain_cerebellar_hemisphere,brain_frontal_cortex_ba9,0.3225932655784697,4.68735469424043,0.40672287379661,0.10230297485493745,0.00014635910876005883,0.6162147766427822,0.3559197343565802,0.2105061394568079,0.16808430336439478,0.08970020402485099,0.0604510794873504,0.03718944873618586,0.028956584345123958
4,JAM2,brain_cerebellar_hemisphere,brain_hypothalamus,0.3702389945821062,4.013669436173068,0.3885823730909127,0.037397321534905235,3.06203338724674e-05,0.7874512046947395,0.35850008508388176,0.24658816783622023,0.16544825430860388,0.09110119488476186,0.06734313816941472,0.04404828917650644,0.03134633251726472
4,JAM2,brain_cerebellar_hemisphere,brain_nucleus_accumbens_basal_ganglia,0.288231703357659,4.460017797587874,0.34050813145464964,0.06803253793745997,0.00012450961398785296,0.574147551726635,0.3602555896006212,0.20373090186522194,0.14136036609773533,0.08521742370526661,0.06515447977449904,0.04403218115180532,0.0299436968515704
4,JAM2,brain_cerebellar_hemisphere,brain_putamen_basal_ganglia,0.2816211068748965,4.571045429736583,0.2102981811801447,0.03851835387910378,6.312473039437744e-05,0.627641401840932,0.3130473171405034,0.21795134170397223,0.15163498827970542,0.08666096371486556,0.06963135022431882,0.03949761978469534,0.026653271860976657
4,JAM2,brain_cerebellar_hemisphere,brain_spinal_cord_cervical_c-1,0.2999248097365069,4.246942951364401,0.3486365947826068,0.029717695392948485,4.807826058409434e-05,0.7992744878615886,0.3147213743154694,0.22856609659704122,0.1787600860116718,0.09426157105296426,0.07139202760972244,0.04408080760474366,0.029754286011301638
4,JAM2,brain_cerebellum,brain_cortex,0.42492546117145036,4.196682666348437,0.5002393823963116,0.06976723660500385,0.00011701385513774647,0.9524198787397283,0.344698844594169,0.23288527174948456,0.17146913425942253,0.08240792549610451,0.0548272206937163,0.03976581039464204,0.024826950996418462
4,JAM2,brain_cerebellum,brain_frontal_cortex_ba9,0.3823962793089625,4.833818485200942,0.4241623161817564,0.10047053144353316,0.00015643348816081248,0.7164586974955481,0.3529798846312837,0.22990871230596363,0.17498944444782835,0.08916786976976042,0.05921623685220449,0.03908605383212878,0.029492950974007438
4,JAM2,brain_cerebellum,brain_hypothalamus,0.4355488073521777,4.047322802909835,0.39008724605041056,0.1029998351771512,7.717905252800645e-05,0.8572942530785133,0.37574228615601357,0.2762646444608229,0.1785694186191375,0.09550480404991564,0.06277939672332,0.044486492814936676,0.03197793882705714
4,JAM2,brain_cerebellum,brain_nucleus_accumbens_basal_ganglia,0.36384186017032066,4.406211226785656,0.3747306576727311,0.12334649675268398,0.00016855735842516,0.7995390363717603,0.39699885062054735,0.23186479097416024,0.15768107170981122,0.08910947104999722,0.06568608577266163,0.044631698011338164,0.02958689914717546
4,JAM2,brain_cerebellum,brain_putamen_basal_ganglia,0.34979615678178283,4.308252673925921,0.3392671161057189,0.09057221442431321,7.763694918905743e-05,0.7543206188118183,0.36447108701578307,0.26451219397643316,0.16260387325001485,0.09062070342145262,0.06362091968356957,0.04012849825173968,0.027484934188076637
4,JAM2,brain_cerebellum,brain_spinal_cord_cervical_c-1,0.33592555410469355,4.720579685455361,0.3831901015479359,0.0817235168754216,6.568483703337378e-05,0.7835934710553419,0.37977578088879377,0.26840687937137075,0.18520239655460707,0.09205072536623253,0.06794982716515868,0.04591942074047284,0.029671331538368578
4,JAM2,brain_cortex,brain_frontal_cortex_ba9,0.7232241031093831,2.9667177122995243,0.6904345512241145,0.09034732794632525,0.00017767784199222,1.3199763038177152,0.505717356394799,0.31309171268781794,0.18536859255129937,0.10556238123340082,0.0575293576569307,0.04151407793393392,0.02645754673022978
4,JAM2,brain_cortex,brain_hypothalamus,0.5144169467674093,4.430484396544264,0.4914322532296397,0.11871875884203435,0.0001226629707642755,0.8547222472501058,0.32693628410089065,0.2593099191011733,0.21051649670268396,0.11589002415146869,0.06748736379979157,0.04599133377469132,0.03215947285094978
4,JAM2,brain_cortex,brain_nucleus_accumbens_basal_ganglia,0.4055850940002303,4.538657828797366,0.4092244298827044,0.10138011400790373,0.00014933263674320177,0.7805575014791597,0.3527358396618542,0.24993532482330627,0.18943187945151768,0.10239513448629771,0.0698051607303501,0.050510802575709376,0.02933549047810518
4,JAM2,brain_cortex,brain_putamen_basal_ganglia,0.39924993451985885,4.408175432456645,0.3914495512873466,0.0630218036278578,9.747647993331771e-05,0.7656248225220139,0.3457922702002901,0.253100951675344,0.2013710395662392,0.09409642940744893,0.06207042581705864,0.042646668900730524,0.028803462264538497
4,JAM2,brain_cortex,brain_spinal_cord_cervical_c-1,0.4703920539247709,4.132026448901286,0.6343186714771256,0.09289379093545777,0.00011251173762560668,1.1633779768978336,0.36107220386601513,0.274055552786815,0.21348270558474852,0.10257516675840912,0.06393712845316044,0.04373455523826198,0.03365028468677482
4,JAM2,brain_frontal_cortex_ba9,brain_hypothalamus,0.5332956624529065,4.606521626864605,0.47531121019661554,0.15550655818777387,0.00016393653445468257,0.8381093809418332,0.35406689203164665,0.28179741579131057,0.21223427806813308,0.1318603093838417,0.07874339103778669,0.04634058040886128,0.03499168510470172
4,JAM2,brain_frontal_cortex_ba9,brain_nucleus_accumbens_basal_ganglia,0.3861726153542011,4.740860320797768,0.37139968184007993,0.10807936981857354,0.00011350573595919756,0.6679893899354062,0.3330550605951708,0.24045786912567166,0.1987348418881516,0.10533722791376751,0.07416802150319264,0.05172188459818202,0.03381740366037582
4,JAM2,brain_frontal_cortex_ba9,brain_putamen_basal_ganglia,0.4108836358690738,4.332612170067535,0.49685070495584915,0.1024140617332063,9.551516574174556e-05,0.8124113418685308,0.3350597941949173,0.2677082259971889,0.19247182826157244,0.10286249863891077,0.06781021714579746,0.04494321714866692,0.03175388057348044
4,JAM2,brain_frontal_cortex_ba9,brain_spinal_cord_cervical_c-1,0.46902231626816093,4.206088252216867,0.42157018505175553,0.10362791299170677,8.13081280334697e-05,1.1427023912374306,0.3647070145847521,0.2603747327796828,0.21787159785269491,0.11938970093563958,0.07483345548585693,0.04647727710607038,0.03680392526896034
4,JAM2,brain_hypothalamus,brain_nucleus_accumbens_basal_ganglia,0.5508276648293015,3.520977686666863,0.6146503088625674,0.039931132522436484,8.889683895772309e-05,1.2617231126924335,0.3993754066346192,0.2839986239451433,0.2034069000657997,0.11740408954000596,0.0845198275828088,0.05343476493386664,0.03708630536562868
4,JAM2,brain_hypothalamus,brain_putamen_basal_ganglia,0.47619428003374986,4.382745826976747,0.4779888801216585,0.0722162492590705,8.044546914862867e-05,0.9187252841016516,0.41782747091772954,0.2921432970111266,0.19214167966356369,0.11674005950506142,0.08505004862074941,0.05216895410835272,0.033249743490942896
4,JAM2,brain_hypothalamus,brain_spinal_cord_cervical_c-1,0.5645793720147914,4.385442567986706,0.5534346175472737,0.04139619183722966,7.477968939354637e-05,1.2736174234845963,0.4529441894620099,0.31996593414800756,0.22370983887309953,0.1290985999386666,0.09326104633815692,0.05453579672780876,0.04089909336898519
4,JAM2,brain_nucleus_accumbens_basal_ganglia,brain_putamen_basal_ganglia,0.5284800042828469,2.858930894377859,0.43606928307989257,0.036603564768463284,6.642006873172865e-05,1.5090643526626915,0.4673816359984027,0.2461228830179564,0.18968424558852215,0.09978286159787196,0.07802134092051148,0.050348469924284676,0.031848402495284
4,JAM2,brain_nucleus_accumbens_basal_ganglia,brain_spinal_cord_cervical_c-1,0.40187100333492154,4.482137219828304,0.46174923299744214,0.035127378528512436,7.028260116297501e-05,1.100393041906853,0.41603513691490007,0.2652924299345957,0.2215294685967802,0.09900782397290239,0.08154443231676675,0.05700860579416149,0.04169638323745996
4,JAM2,brain_putamen_basal_ganglia,brain_spinal_cord_cervical_c-1,0.3850342004617533,4.788063002588347,0.40787712728076836,0.051019441729119465,4.5264196750531854e-05,0.9768031996970897,0.4668898612670135,0.294074770471176,0.19974695833797043,0.10766347408307622,0.08312194819564037,0.048861953890037224,0.03797251339563918
4,SH2D2A,brain_amygdala,brain_anterior_cingulate_cortex_ba24,0.6975762291705052,3.370312723293985,0.6644559558936456,0.0383815584605827,4.044294096094033e-05,1.0969752611282044,0.4300132861965832,0.20377412276918677,0.12566234296959886,0.08531894558203655,0.047278254469930205,0.026884094612403042,0.01810377886528604
4,SH2D2A,brain_amygdala,brain_caudate_basal_ganglia,0.6672943285060641,3.3588630164979385,0.7287755864805969,0.01550842938260096,5.480655202181341e-05,1.1404694554794415,0.5822243418447901,0.1962472476257116,0.13834281755704803,0.08953522812849554,0.04098913095353194,0.029647065935521598,0.023399231937221283
4,SH2D2A,brain_amygdala,brain_cerebellar_hemisphere,0.480856074044054,3.9187262580320565,0.46134397480584194,0.05088724812369015,7.472655336922864e-05,0.8320102650455972,0.38756661013433347,0.22717273698479698,0.09472359484019488,0.0677489723848092,0.04299590395798314,0.02921913536127536,0.02123156528535912
4,SH2D2A,brain_amygdala,brain_cerebellum,0.514106081624339,3.7101794013833866,0.47262590020788176,0.06518244729762074,7.568719530329754e-05,0.8557358372913628,0.4019681069748187,0.22184864769961812,0.12487416797835679,0.06763043385486206,0.044257207244785025,0.026466387251535002,0.02037056835620172
4,SH2D2A,brain_amygdala,brain_cortex,0.5544323255457304,4.023081808867036,0.5466587899397921,0.02986247711508926,5.293112792693353e-05,0.8549881346335184,0.3748789281891169,0.18444227598994561,0.12809080453874916,0.08467869345985533,0.04561552042807386,0.027487366251782296,0.01921871776831996
4,SH2D2A,brain_amygdala,brain_frontal_cortex_ba9,0.6008483249227342,3.7999842948244584,0.6175247449364036,0.03510630929774184,4.435396625288819e-05,1.0019391393370778,0.3987739053312336,0.19672580776785528,0.12979397966286849,0.07844060890078235,0.04577584368875722,0.02701712163467892,0.01887656002437894
4,SH2D2A,brain_amygdala,brain_hypothalamus,0.5733764899583924,3.4703632711254215,0.5246210837096268,0.02210635967548816,3.8888085012975166e-05,1.0674706716185658,0.5079894477482123,0.2348319347715598,0.13460901960946123,0.08554514757793205,0.050605154207837025,0.03480639802339366,0.02359893099374576
4,SH2D2A,brain_amygdala,brain_nucleus_accumbens_basal_ganglia,0.5940892784670213,3.692099294906652,0.48861534111263216,0.0228552688949583,6.497628935571948e-05,1.220877607283375,0.5666725576408858,0.20921021675512183,0.13636779437139296,0.09285148947471537,0.05092964480256292,0.02981856418524708,0.0218927463543635
4,SH2D2A,brain_amygdala,brain_putamen_basal_ganglia,0.5843543030429412,3.6233104158825613,0.5929993998158152,0.03522009790159042,6.263277364462772e-05,1.1958931490716913,0.5480465657540793,0.2052330637431819,0.13967202305944368,0.08899612238325946,0.041081449583452265,0.02947293015617758,0.02350054180618786
4,SH2D2A,brain_amygdala,brain_spinal_cord_cervical_c-1,0.5037168063164404,3.8704391695511737,0.4291645586744629,0.17018570846806932,0.00010756687369239868,1.1405743147997227,0.4002573533560117,0.23535856247442202,0.12414170863391524,0.08670890306568782,0.05201848645873206,0.0312750971105604,0.0226646392023951
4,SH2D2A,brain_anterior_cingulate_cortex_ba24,brain_caudate_basal_ganglia,0.6059440972743544,3.8925016338527834,0.5483466811989801,0.03806890759849414,5.2989275216136275e-05,0.8879842157290992,0.3884389603611171,0.15169118717418595,0.11534545396386672,0.07725929819668101,0.03926326948120784,0.02807002473695878,0.01929055225634324
4,SH2D2A,brain_anterior_cingulate_cortex_ba24,brain_cerebellar_hemisphere,0.4564103800060783,4.324559724607352,0.4365465901010195,0.02377453338565828,6.080505529275264e-05,0.5795062326033069,0.3287658804270518,0.15867769570898876,0.08348494743303302,0.0597643920169403,0.04439522000461704,0.025538980500453938,0.01706956842269882
4,SH2D2A,brain_anterior_cingulate_cortex_ba24,brain_cerebellum,0.49925043690442583,4.038091145805632,0.42055634451201096,0.0395182688570999,7.399396124993659e-05,0.6479131009378638,0.3376575190413348,0.1535225109850152,0.1104056953431104,0.061681545666214775,0.04173951080269572,0.0238231903360002,0.01698241313434096
4,SH2D2A,brain_anterior_cingulate_cortex_ba24,brain_cortex,0.7648442579524929,3.246460625565831,0.687882867900196,0.04026527212306465,9.3323697863578e-05,0.992284975541966,0.37348248019429164,0.17850450144108165,0.11138299839031558,0.07606737426367972,0.04239164519088368,0.025135969536966903,0.015370797039985881
4,SH2D2A,brain_anterior_cingulate_cortex_ba24,brain_frontal_cortex_ba9,0.8290245762882055,3.077346109365685,0.8482058976415349,0.00820928697713702,2.9572035540427488e-05,1.0581360761417122,0.3949676586970724,0.1830021636746871,0.11154804441677231,0.0705089395958209,0.04479414936896952,0.02320601625436182,0.01624460594775008
4,SH2D2A,brain_anterior_cingulate_cortex_ba24,brain_hypothalamus,0.541679381456823,4.101804438200089,0.5135192231341794,0.06129189042379148,4.02023896911114e-05,0.7954400320954462,0.40242539488053747,0.17597314440886144,0.11639709447122533,0.0757169013701972,0.052002460106351976,0.029816817025286418,0.01897768332744324
4,SH2D2A,brain_anterior_cingulate_cortex_ba24,brain_nucleus_accumbens_basal_ganglia,0.578499883362409,3.7595745206162703,0.5056548319631597,0.01799154713232314,3.1164998723693815e-05,0.9947585311845687,0.36729277992031395,0.1641566337576464,0.11691226795910858,0.08510695190286578,0.048382498858624216,0.027039038432808638,0.0183949219680318
4,SH2D2A,brain_anterior_cingulate_cortex_ba24,brain_putamen_basal_ganglia,0.5471246433774564,3.8965801001286877,0.4612380141449125,0.07910269251892685,8.91828639045084e-05,0.8895139611218716,0.3701144253529466,0.15656118282652873,0.11505674154045546,0.07745273885483736,0.04228063180932434,0.02609288153144822,0.01972788737652034
4,SH2D2A,brain_anterior_cingulate_cortex_ba24,brain_spinal_cord_cervical_c-1,0.5105413705206637,4.0577725922568115,0.43715531047958384,0.18252271877178078,0.00011722242845641131,0.9390913051028985,0.35104919193325995,0.1784542110889759,0.11065874509232217,0.07346971958613392,0.05496633512781338,0.028097451308352984,0.01796287829906678
4,SH2D2A,brain_caudate_basal_ganglia,brain_cerebellar_hemisphere,0.47271738585417705,4.126288783352252,0.45742179629001745,0.05805833732448288,7.840744433318186e-05,0.7749236263020364,0.37187773331637636,0.1963552705512757,0.09331048779957368,0.060017268894001864,0.04122239390664214,0.029547073448188722,0.020269933296662983
4,SH2D2A,brain_caudate_basal_ganglia,brain_cerebellum,0.495468974903746,4.061969561580164,0.44569048631361496,0.05270995743393656,7.781048450647593e-05,0.7747601765460926,0.3956859164383797,0.1912532264850857,0.11615229238429306,0.060596582607596795,0.0402410069336191,0.027422634713734923,0.01978265544146164
4,SH2D2A,brain_caudate_basal_ganglia,brain_cortex,0.5243140258146735,4.291398994491894,0.46201226580198823,0.01910994680277432,4.9663333779049764e-05,0.7741610569045537,0.3857380962278061,0.14462966425394339,0.11264493122719614,0.07422144841755998,0.03679321617333464,0.02935725688837672,0.02026401639514118
4,SH2D2A,brain_caudate_basal_ganglia,brain_frontal_cortex_ba9,0.579802591922836,4.098805658623643,0.5201733886849558,0.02957755273514324,5.561746880591884e-05,0.915390210064194,0.4054068046225817,0.1637584020794179,0.1136772294738577,0.07287055743245478,0.039601000922377415,0.02572215834359578,0.0211179187197065
4,SH2D2A,brain_caudate_basal_ganglia,brain_hypothalamus,0.6078279654084592,3.4170205367737774,0.5721251155141249,0.03235070570789898,5.01783181694288e-05,1.09250045678761,0.46554161533836486,0.20328999999508945,0.12422845816147599,0.08001215111777642,0.04334278800746044,0.03738634210239046,0.022157583438569002
4,SH2D2A,brain_caudate_basal_ganglia,brain_nucleus_accumbens_basal_ganglia,0.5920174442953152,3.694474814156839,0.49220222962855703,0.02531908791064858,7.645709043655658e-05,1.0027542529382256,0.5477802165661192,0.19438889493740605,0.1268140364998654,0.09282498809976618,0.04558357003222058,0.02965724738185248,0.021652463813804958
4,SH2D2A,brain_caudate_basal_ganglia,brain_putamen_basal_ganglia,0.7967386594145469,2.529133875985065,0.7591228951042317,0.02644272863500694,9.218471256970133e-05,1.3898598050354263,0.5607155643632717,0.18655875080956635,0.13561700967127033,0.08766575736339172,0.0421416444361795,0.03023025036401176,0.021822901165493
4,SH2D2A,brain_caudate_basal_ganglia,brain_spinal_cord_cervical_c-1,0.48212896994387505,3.91281099022835,0.4456426640269945,0.17514766299966927,0.0002144224737718073,1.0167810013862153,0.35627431108127045,0.18273875844124624,0.11985547626958919,0.07468567878436702,0.04535754876371038,0.0322502434376301,0.022673676046093043
4,SH2D2A,brain_cerebellar_hemisphere,brain_cerebellum,0.7163978072290036,3.036960454578446,0.6534057700905758,0.0278569908955534,8.835137040640227e-05,1.110903825809888,0.5310622289000386,0.30714233913036165,0.09145100048312563,0.05930447257958647,0.036902697816918316,0.02303075239291852,0.017378188322941503
4,SH2D2A,brain_cerebellar_hemisphere,brain_cortex,0.44164659264856965,4.4771659005430555,0.3397040052668409,0.031435701150547925,0.0001047072467287423,0.6279414864881131,0.32392201885385086,0.17105569720076344,0.08361703428060555,0.059274557085037316,0.039431173495556734,0.026494815470418865,0.01696176852882982
4,SH2D2A,brain_cerebellar_hemisphere,brain_frontal_cortex_ba9,0.4793938065536307,4.152342130807377,0.4200420651715152,0.03977343376292194,7.466927911957298e-05,0.7655788255160854,0.32031078123424217,0.18115903310224313,0.07872154914250287,0.05552558624407537,0.0421955096659305,0.025223765404945458,0.017509171797732582
4,SH2D2A,brain_cerebellar_hemisphere,brain_hypothalamus,0.4664492597371977,4.261099816028542,0.45130440364775504,0.06479813295494338,7.777264818617701e-05,0.9502168233642487,0.33574770455816527,0.25913274622557114,0.09115610817611604,0.0618102768234326,0.0494161461307039,0.03272878898229572,0.02051704009124794
4,SH2D2A,brain_cerebellar_hemisphere,brain_nucleus_accumbens_basal_ganglia,0.39673268368299286,4.754048525162378,0.5299326015966628,0.02733912718670754,5.2452086991498564e-05,0.623433253639606,0.38336510945450974,0.23975359277140257,0.08881876202823684,0.06473839118030016,0.05018727423721063,0.028306802009268377,0.019511333258558822
4,SH2D2A,brain_cerebellar_hemisphere,brain_putamen_basal_ganglia,0.42417623123966913,3.89026254395107,0.3985314888973138,0.08701972893070332,0.00013075456350732,0.7238207640720905,0.3493355406064556,0.20117532664231558,0.08880786285167949,0.06079774204029394,0.042543414831352024,0.028600175554566697,0.020666786769971017
4,SH2D2A,brain_cerebellar_hemisphere,brain_spinal_cord_cervical_c-1,0.4614786474191733,3.839641371753531,0.42227837899644455,0.11442027537135904,0.0002441880093446199,0.7885238517259344,0.3960375253817,0.26826269151004045,0.09586684792622152,0.058235346020880076,0.044074734358947744,0.02826943921636314,0.01908864651563148
4,SH2D2A,brain_cerebellum,brain_cortex,0.5042354055746753,4.121049601024927,0.4918743101226573,0.02293912731717576,6.964583624325777e-05,0.6579616577973751,0.35269563842412516,0.17292741413319507,0.1141630140719175,0.06173807121571852,0.03811002427401,0.02500242734903648,0.0164489901801078
4,SH2D2A,brain_cerebellum,brain_frontal_cortex_ba9,0.51019976507838,4.09643896882358,0.4724058354253421,0.04493035048649548,5.988011266094111e-05,0.7612269212259292,0.34910352230776465,0.17260430922423486,0.10510566094770302,0.05964267635311784,0.04180622559788122,0.02272561309900028,0.01681152095809944
4,SH2D2A,brain_cerebellum,brain_hypothalamus,0.45540408690644574,4.340369640883329,0.4365360757169473,0.10268887491382325,9.230047392114001e-05,0.7993952620711534,0.39683039211092097,0.2502697157053312,0.11240648943807215,0.06612741061455854,0.04784497662318144,0.028126054412507883,0.0205698602109434
4,SH2D2A,brain_cerebellum,brain_nucleus_accumbens_basal_ganglia,0.4218666793989521,4.385526738278666,0.49443625278659004,0.045867508902445044,7.398268802491285e-05,0.6769526593897559,0.3994403555121639,0.2294794876214691,0.11167128517830242,0.06426676755877085,0.0481514663248035,0.02487051603286712,0.01954933998625488
4,SH2D2A,brain_cerebellum,brain_putamen_basal_ganglia,0.41977878083438336,4.206965858811597,0.37355030744090123,0.0705119587487449,9.115461368216227e-05,0.6845472680495077,0.37525191754041604,0.196321707597718,0.11639329952472174,0.06165667025672979,0.04039189872308348,0.026640277280530877,0.02028319571473174
4,SH2D2A,brain_cerebellum,brain_spinal_cord_cervical_c-1,0.48084689175454687,3.6537912337847813,0.4169967841755775,0.10692792041483964,0.00015151685713514281,0.8387174800601253,0.33593164848199364,0.28156566862966914,0.12853466137252087,0.06513061756792463,0.04527904407771536,0.025833096773449936,0.01867046195396676
4,SH2D2A,brain_cortex,brain_frontal_cortex_ba9,0.8101430468468294,2.9457607809232624,0.7818809383882869,0.02683865290079726,7.664790191123008e-05,1.0458661888240184,0.4152000602330328,0.17213935345125397,0.11144185663799518,0.06940102134193278,0.04100191131247722,0.02342795490472472,0.01678381117495072
4,SH2D2A,brain_cortex,brain_hypothalamus,0.46152626348947556,4.4357211072826335,0.4655726255876774,0.051414093617859105,9.42250184344084e-05,0.6907847484837566,0.3732630713145877,0.1866586045121796,0.11343146814610153,0.07030930170051217,0.04791952661788078,0.03038786271473118,0.01988206388076148
4,SH2D2A,brain_cortex,brain_nucleus_accumbens_basal_ganglia,0.4576394815570608,4.48522277834587,0.3793018183229554,0.030512677624175345,6.901924663338708e-05,0.7224870412861278,0.3389373657524817,0.16211474680319538,0.1241390700744704,0.07464230905103202,0.04569478072012002,0.026977136137106422,0.019302640902121422
4,SH2D2A,brain_cortex,brain_putamen_basal_ganglia,0.4658099048383174,4.307271765504721,0.482754590225076,0.04092023429009568,5.8806590455884116e-05,0.8041880588948727,0.3663970324564752,0.14608780840307384,0.11185179377853582,0.07396486642930078,0.03967818764821342,0.02754950717818972,0.0212272243115703
4,SH2D2A,brain_cortex,brain_spinal_cord_cervical_c-1,0.48014935734130554,4.0642738311317945,0.43135247197657484,0.09813219007241367,8.281820397722115e-05,0.8470523409365311,0.3366878886549691,0.18741317579540878,0.11762250552592952,0.07558746806058106,0.04826005054560846,0.028346394476504545,0.01791358348906222
4,SH2D2A,brain_frontal_cortex_ba9,brain_hypothalamus,0.5058719656090352,4.286075803117241,0.45571037515584345,0.04243732335098274,6.173385947292717e-05,0.8206253085620767,0.36000495240466257,0.19284860217302124,0.11300354727377138,0.06806116938278003,0.05141447222098494,0.028461912812863345,0.01996601973804732
4,SH2D2A,brain_frontal_cortex_ba9,brain_nucleus_accumbens_basal_ganglia,0.5100118172525917,4.2778253304401925,0.400526428100824,0.0201750606201075,3.75014721144225e-05,0.869328085539731,0.3706780108826945,0.19468959119991963,0.11208832776926773,0.07450602677393614,0.04865255009550658,0.02644626535974724,0.01973576526109962
4,SH2D2A,brain_frontal_cortex_ba9,brain_putamen_basal_ganglia,0.5352961086352531,3.9550659525249174,0.4813044737774086,0.07674204069776089,7.438235566971996e-05,0.9688187260237251,0.3958796224435698,0.16915383398576053,0.11090009001139726,0.0717225950065272,0.040962898315449955,0.0265288799937966,0.02087519541807144
4,SH2D2A,brain_frontal_cortex_ba9,brain_spinal_cord_cervical_c-1,0.5028236905225782,3.8550449857890547,0.49201447708560375,0.19371310060240654,0.00010950560726243538,0.9933537465449092,0.34185602918855185,0.17811996424183776,0.1039342156789184,0.06711583382859146,0.052351524092293,0.02638581750952378,0.019519014110718942
4,SH2D2A,brain_hypothalamus,brain_nucleus_accumbens_basal_ganglia,0.5363263581866112,3.582948888656598,0.44639373537398397,0.05348457383965962,8.090677577771472e-05,0.9647466172561344,0.47539076619899917,0.222232280251629,0.12808008218103173,0.08749177878142847,0.05545025917081679,0.03423767895956064,0.021465379396443322
4,SH2D2A,brain_hypothalamus,brain_putamen_basal_ganglia,0.5838222345628847,3.5366425723681134,0.5533298912779889,0.04454537215301934,7.253658984165692e-05,1.0554098368369609,0.45274795031491905,0.2142684946662731,0.12578131434345757,0.0804514591234738,0.044869000522711,0.034427562969754896,0.0232268031551138
4,SH2D2A,brain_hypothalamus,brain_spinal_cord_cervical_c-1,0.4640493676952356,4.300755709955507,0.4229300925441872,0.132995301141422,0.00012808138416018,1.0089714297913743,0.4209663373630518,0.23667594891750335,0.11814859034572285,0.08691672454965044,0.059842354180522736,0.03207110045243494,0.023678184583565083
4,SH2D2A,brain_nucleus_accumbens_basal_ganglia,brain_putamen_basal_ganglia,0.5692465224499024,3.5936388077583374,0.46492308727791487,0.061665774517861316,0.00011795090571265266,1.1226964718342365,0.5379200083398229,0.19442729929134267,0.12465137894360692,0.09138323455263035,0.04787931786721322,0.02870950054035796,0.02230440010092478
4,SH2D2A,brain_nucleus_accumbens_basal_ganglia,brain_spinal_cord_cervical_c-1,0.4456075477055624,4.101450754646759,0.37944803938004323,0.164125965196604,0.00018411846798206216,0.95937551816418,0.3846501174318835,0.20849971114674243,0.11763151124848384,0.0866206577301735,0.0528821002741543,0.030535331286953384,0.021767186243815278
4,SH2D2A,brain_putamen_basal_ganglia,brain_spinal_cord_cervical_c-1,0.46350644162816595,4.0235708394049325,0.4066369950738526,0.1435004608882412,0.00017056713267772687,1.1463571415212914,0.3475837129347258,0.189046434361894,0.1232866850364758,0.07859818800588289,0.046606623742755496,0.03115422739603362,0.022768029931762378
5,JAM2,brain_amygdala,brain_anterior_cingulate_cortex_ba24,0.6371293771088451,3.2728120226677944,0.7549066211671669,0.062032865571727304,6.937583733731937e-05,2.2283008402044864,0.9012572133531984,0.4600740638827835,0.3294640288895597,0.1922632147618472,0.13533813191938596,0.06598111620024008,0.0357729791496443
5,JAM2,brain_amygdala,brain_caudate_basal_ganglia,0.43289932303732537,4.028805132747179,0.3397360910758631,0.20156918254926243,0.00012109681656051049,1.4919386373003074,0.6324299531668255,0.4160790975644687,0.2675591780017852,0.1558672313800103,0.12838089547016748,0.061745412744416514,0.03590027610045794
5,JAM2,brain_amygdala,brain_cerebellar_hemisphere,0.37171579750718514,4.217926413426075,0.5127138595854152,0.09862540178074916,7.503951259734043e-05,1.0361893925085008,0.5809668392991801,0.2914426910805582,0.24232084842560528,0.13978936453581547,0.09721450894010149,0.0652383375850788,0.03432169861039438
5,JAM2,brain_amygdala,brain_cerebellum,0.4028690813449626,4.024361509925813,0.4570628166667682,0.1607040961513178,0.0001383653304530178,1.4824467119870166,0.5869591606223632,0.31097681314258097,0.22812034583202423,0.14852124134993624,0.09765204258253637,0.05784347957649784,0.027526748276353978
5,JAM2,brain_amygdala,brain_cortex,0.5541006215946063,3.754050046989523,0.638331573019326,0.14722062881724815,7.852843110201372e-05,1.721091169901651,0.6927048241434203,0.4049928764705693,0.26815492595184953,0.16577263754243204,0.1140672456908026,0.05378192674802777,0.037008614996667875
5,JAM2,brain_amygdala,brain_frontal_cortex_ba9,0.5482173164263384,3.749868558230888,0.48203328459368844,0.24438469395949766,0.00013355172125971204,1.6863453139907854,0.7626193924408177,0.4122134624097355,0.30759529671324376,0.18814203476412145,0.12586951831490595,0.06007475695478742,0.03402373050244392
5,JAM2,brain_amygdala,brain_hypothalamus,0.6575626338134293,3.3353836846074274,0.7289819983836667,0.0759904465665189,9.954985493463278e-05,2.107746270878314,0.8195976583640585,0.5273965815267447,0.3580444110110003,0.1883856102985353,0.14852957835740252,0.07418301849576944,0.04645547509330992
5,JAM2,brain_amygdala,brain_nucleus_accumbens_basal_ganglia,0.47651200414855294,3.631304670254378,0.480521330399699,0.06985056361762562,9.066501693420774e-05,2.0182925703227323,0.7471831235341229,0.4255310322392237,0.2981524681378521,0.17796545423011306,0.13380643015668744,0.06680230131383616,0.0451285492217953
5,JAM2,brain_amygdala,brain_putamen_basal_ganglia,0.4786470083640196,3.7639702152288272,0.4820098986714353,0.13825560400349876,7.747731143330851e-05,1.7259594774539555,0.6907186483218499,0.39530952799330554,0.25716424225491813,0.164066067366686,0.11910674503475842,0.06121629673182179,0.03664304749878704
5,JAM2,brain_amygdala,brain_spinal_cord_cervical_c-1,0.49829021142870067,3.8156203567519134,0.6339929697143033,0.09092569970850756,8.641102130185427e-05,1.8474576495285966,0.7924016687832289,0.4904358389160809,0.35726476718471345,0.19248654951508332,0.13972879431970173,0.06781202873975269,0.04257000774114484
5,JAM2,brain_anterior_cingulate_cortex_ba24,brain_caudate_basal_ganglia,0.35471681895316276,4.716912620541015,0.3752118743671299,0.1621392360229515,0.00011488771767376109,0.945889160863379,0.5544882458253271,0.41546147856630944,0.25029104320842327,0.14928470598621885,0.12008975129553572,0.059607221011080444,0.0318066180215142
5,JAM2,brain_anterior_cingulate_cortex_ba24,brain_cerebellar_hemisphere,0.3491742736571427,4.404331802849084,0.4731559458956407,0.1359771824479942,7.85093045267245e-05,0.9319388816465219,0.5306967898016925,0.30134183595962655,0.2266492706920054,0.13298107064261652,0.1009403496294992,0.05651918600913184,0.03123430238474546
5,JAM2,brain_anterior_cingulate_cortex_ba24,brain_cerebellum,0.3805496912207473,4.127206148358262,0.4726237288497444,0.15797039018544848,9.394175957879453e-05,1.334541924022501,0.53867823268186,0.33219300598307866,0.23471831082515174,0.132422039822957,0.09994331706938492,0.04849256452920012,0.02648914188081928
5,JAM2,brain_anterior_cingulate_cortex_ba24,brain_cortex,0.6653388436940755,3.0082034700655695,0.7496858143187882,0.25315009446876885,0.00016083296320603405,2.155236874945828,0.77302643201217,0.4780578287476561,0.2274103343124964,0.16975578956952617,0.1148410695362079,0.051289442518701836,0.031057380554952142
5,JAM2,brain_anterior_cingulate_cortex_ba24,brain_frontal_cortex_ba9,0.7077861772459143,2.8776143750173153,0.6771245784003694,0.3422204140686083,0.00032423708861890253,2.407138517500388,0.8270695972355865,0.48463419757711074,0.25113972511593163,0.17440987847280232,0.12787473143704123,0.05609417275220642,0.029384832989843762
5,JAM2,brain_anterior_cingulate_cortex_ba24,brain_hypothalamus,0.590234144584181,3.5888341237285246,0.7769566016905424,0.10213608092628017,0.0001044497207591926,1.8131574244221405,0.7587435119009734,0.5211459914533145,0.2979514191094822,0.17724194053091832,0.148448582243737,0.06537277759479636,0.0401032995549042
5,JAM2,brain_anterior_cingulate_cortex_ba24,brain_nucleus_accumbens_basal_ganglia,0.4166574877899283,3.812006624843652,0.47011916497409834,0.08300122768414277,0.00010112791260084423,1.6480831822969542,0.6984621351562528,0.3772688856740854,0.26873726560056277,0.17448628872607863,0.13133901242961682,0.061713406931325474,0.04028783079195728
5,JAM2,brain_anterior_cingulate_cortex_ba24,brain_putamen_basal_ganglia,0.39207414544795127,4.385624363014887,0.528841176230455,0.11688995673074898,8.11918507851838e-05,1.179821305080535,0.5822577680849073,0.40141729850023095,0.22694592166296806,0.15428115508892634,0.11850144004598437,0.0568550157880254,0.03264090047880628
5,JAM2,brain_anterior_cingulate_cortex_ba24,brain_spinal_cord_cervical_c-1,0.47393662922548996,3.724620460994371,0.7395073766868355,0.10546154787043327,8.801777760064836e-05,1.704555503657394,0.742759097241136,0.5517953086244355,0.2819440158336749,0.1823850919363929,0.14364028717003582,0.060799318966630954,0.03827322144128014
5,JAM2,brain_caudate_basal_ganglia,brain_cerebellar_hemisphere,0.3083070058245802,4.474689714634666,0.2768965225970067,0.12340250484636799,7.614636350048812e-05,0.8460181768411088,0.4789079990965132,0.27763262083106344,0.20900014591676466,0.11615184655160112,0.09206204557194858,0.056941068990741896,0.027390325219030183
5,JAM2,brain_caudate_basal_ganglia,brain_cerebellum,0.3034631324163461,4.375663697648781,0.3407787544148436,0.1318480836728797,0.00011156856378012015,0.9263448032613468,0.5004304761559933,0.2819787041987672,0.21499772091839944,0.12020223145107148,0.08689388256786731,0.05061319774323782,0.024684568737410602
5,JAM2,brain_caudate_basal_ganglia,brain_cortex,0.38274473730507447,4.233188708676718,0.41811635218481846,0.13302087447224678,7.937328879860122e-05,0.9960532387142015,0.5158244880879421,0.3532873974577819,0.2321301673102158,0.13634095205114327,0.0975844884796655,0.0534338511650808,0.030759238569699483
5,JAM2,brain_caudate_basal_ganglia,brain_frontal_cortex_ba9,0.3773308114821384,4.385765503917253,0.3399605355750957,0.06609876770475412,6.382333745807205e-05,1.0210424150827258,0.4801486003291423,0.38653690476513936,0.2544954226492681,0.1479022209119451,0.11349072455282709,0.05606522108619716,0.02978343052594578
5,JAM2,brain_caudate_basal_ganglia,brain_hypothalamus,0.4588360112470893,4.150734493184297,0.3535937446037186,0.17893676303983552,0.00011434188803997135,1.5519463238437696,0.6007645657241629,0.43494689112316254,0.29861554566931586,0.16519352774011398,0.12398036982193752,0.06403644909414452,0.03774531719942378
5,JAM2,brain_caudate_basal_ganglia,brain_nucleus_accumbens_basal_ganglia,0.5086656052094337,2.7652854211477718,0.4398625039327693,0.128746883490702,0.00011340670592235175,2.4092797380299174,0.7670602858565871,0.361665663644283,0.25686884053840064,0.15538678974053538,0.10956172419116621,0.056183728535763124,0.037237387589982865
5,JAM2,brain_caudate_basal_ganglia,brain_putamen_basal_ganglia,0.823180479115497,2.138999860779171,0.8028661395882517,0.0802364429944915,9.159898233376481e-05,4.105805852928283,0.8951317079082216,0.34099309290173885,0.2372194103659572,0.1363130219499483,0.1028902401229583,0.0552610451637318,0.028664562091428602
5,JAM2,brain_caudate_basal_ganglia,brain_spinal_cord_cervical_c-1,0.3909099240541869,3.9231970460672043,0.32489780678499913,0.11811043525546272,8.352788227225241e-05,1.5227406118666236,0.6267461571235069,0.4315234980733897,0.2750707765352375,0.1718728957677251,0.11839668934905023,0.054172454091379885,0.03626433648309368
5,JAM2,brain_cerebellar_hemisphere,brain_cerebellum,0.6222455212052098,2.4818437816244336,0.5734863205569356,0.15947843607645637,0.0001495200034637638,2.5354481329947403,0.8453651793469339,0.31361627249697915,0.2436507036485207,0.12445302884844467,0.07606169264904644,0.04838725668719828,0.0216127581171315
5,JAM2,brain_cerebellar_hemisphere,brain_cortex,0.3592139088973203,4.341196596871756,0.46141178461837457,0.10554476872436239,7.768270722490371e-05,0.8323217219741341,0.4638858762106174,0.2864445030951942,0.2151109704017517,0.1179335063559439,0.08854406196999208,0.05365248612152692,0.029406537998039058
5,JAM2,brain_cerebellar_hemisphere,brain_frontal_cortex_ba9,0.36060320738994134,4.379535534445891,0.49316169768591483,0.2017033808395273,0.00013027639592969552,0.8920251463324135,0.48296249138793684,0.2890834598996064,0.22581095737860385,0.1283867819394664,0.09173432870983819,0.05138549882502508,0.02920652768009526
5,JAM2,brain_cerebellar_hemisphere,brain_hypothalamus,0.4381341183657346,4.053287885762204,0.5787612340863114,0.11391782977535445,5.759686839442735e-05,1.2358330625915568,0.6405772435337077,0.31608148736026387,0.24876393074799102,0.14319695442202893,0.10414114012128953,0.06334306326862572,0.034972024355742606
5,JAM2,brain_cerebellar_hemisphere,brain_nucleus_accumbens_basal_ganglia,0.295734459815555,4.4935448667016855,0.2882940852837351,0.09865912939797476,5.779439642787265e-05,0.9237004614174671,0.5602122651949178,0.2893375827888112,0.22306214358764045,0.1401642795295686,0.1039764824876019,0.05332972960752776,0.03421840525528124
5,JAM2,brain_cerebellar_hemisphere,brain_putamen_basal_ganglia,0.3157389618979907,4.495565863028113,0.3737672085306974,0.08013767500021443,4.6430525271356475e-05,0.8343937940296543,0.4680007718341791,0.2987005506081167,0.21349794012376408,0.11967904935444915,0.08989123562817114,0.056472524710990055,0.02766525246138194
5,JAM2,brain_cerebellar_hemisphere,brain_spinal_cord_cervical_c-1,0.3566954897213451,3.7727969847253044,0.35178730321895624,0.05855023979654274,5.237055978439056e-05,1.205041698680974,0.5985393635587704,0.3069462125953255,0.24692819704209032,0.1376557292593479,0.09659736920032751,0.05508701185858318,0.03473399068499644
5,JAM2,brain_cerebellum,brain_cortex,0.39369345824735,3.9920913156662885,0.49472315934560707,0.08217771797808894,7.087565390814313e-05,1.1915110238933955,0.508324264943554,0.3098611421810614,0.21514895517154237,0.12525305480129875,0.08518420958341792,0.048355347419727,0.02457591257849056
5,JAM2,brain_cerebellum,brain_frontal_cortex_ba9,0.36669656250917815,4.3244286551060345,0.5173683289301084,0.20258634330926673,0.0001490691485794518,1.0821802433049537,0.49261551604719755,0.31363210046684364,0.2123957155250055,0.13041168694274466,0.09455190269928111,0.04620495319170692,0.025817420339858475
5,JAM2,brain_cerebellum,brain_hypothalamus,0.4578124284675308,3.8928783905261697,0.5751156746969122,0.1605668590411336,7.536321075420149e-05,1.5022490879915207,0.6279756513352766,0.37997560906396216,0.24442519800722576,0.14859050466514162,0.10009862682397042,0.05782237330562998,0.02791493149403304
5,JAM2,brain_cerebellum,brain_nucleus_accumbens_basal_ganglia,0.3525370772007349,3.9844363609044366,0.34543190678675534,0.14403419670278436,0.00010106855091923722,1.5090460007537343,0.5283894049141067,0.3196631559402997,0.2239910596041575,0.13890323725831333,0.10308231946494559,0.0508419468369075,0.02724081554302516
5,JAM2,brain_cerebellum,brain_putamen_basal_ganglia,0.33367559398186264,4.071505453221233,0.3863833568535257,0.08611853592434315,7.495110292547467e-05,1.1759262877655237,0.42637423961478615,0.30833120475417725,0.2031805398350519,0.1210323239891582,0.09066325638951636,0.05191592862593636,0.02390535692975334
5,JAM2,brain_cerebellum,brain_spinal_cord_cervical_c-1,0.3576695274673448,3.794936121664425,0.41732240493396516,0.10550805239290054,6.379525309826081e-05,1.2375079286108104,0.6385119771294565,0.36451507234477853,0.2534858054004036,0.13641230193972662,0.09297623007538466,0.05331477354624666,0.027062381413626897
5,JAM2,brain_cortex,brain_frontal_cortex_ba9,0.7391017737945378,2.6632100633665567,0.7316373801870457,0.1711958687576085,0.00018174558019980902,2.3685533980577427,0.7082274019930936,0.4168372124611267,0.22530210508855805,0.15289228206125277,0.10491800098481552,0.049171316410269075,0.02935601073069454
5,JAM2,brain_cortex,brain_hypothalamus,0.622667291884899,3.4801732702119814,0.7242616210138568,0.156221477517028,0.00010527434054807755,1.8471640190220278,0.6434745083337343,0.45054159656029197,0.2612653304087452,0.16824901605454629,0.11632702756821087,0.0575303194961174,0.03880762356767964
5,JAM2,brain_cortex,brain_nucleus_accumbens_basal_ganglia,0.41253580434209225,3.761798532438731,0.5339898864591994,0.20118737665433137,0.00010828311755180127,1.4576911414161402,0.6258809657563387,0.349955234195859,0.22940672243085478,0.1555031463453007,0.10299986480392428,0.05646926264606862,0.037461534655749716
5,JAM2,brain_cortex,brain_putamen_basal_ganglia,0.4390329320042752,3.86921427679577,0.48479620318061034,0.10028772514755939,6.653138830328154e-05,1.314325274786037,0.5367637745132681,0.3439270369416674,0.21478890820914337,0.14469974555759288,0.09464805109317001,0.0506187432427004,0.031172581993864502
5,JAM2,brain_cortex,brain_spinal_cord_cervical_c-1,0.5055825668624707,3.3142930614939585,0.6198219375116383,0.15324407367431053,0.00010493688331489177,1.801171907987881,0.6608113490715375,0.4481486381896282,0.2525353415519641,0.1742066780415795,0.11347686451362345,0.054045361598344374,0.03629024379651556
5,JAM2,brain_frontal_cortex_ba9,brain_hypothalamus,0.5572177084733225,3.971574603096928,0.5651384986772735,0.19172662325367373,0.00016670396303128387,1.5786211059835626,0.6693398603545506,0.4617930471500064,0.296191541345365,0.17301160962870815,0.13964561201888254,0.062499320549958756,0.03713120499840342
5,JAM2,brain_frontal_cortex_ba9,brain_nucleus_accumbens_basal_ganglia,0.3704332539421145,4.195260411492905,0.406422651515116,0.177877747312932,0.00013665659735810008,1.263632625216317,0.5457645753965916,0.36221517558589356,0.25153239083000173,0.1663362577658064,0.12423928020135358,0.06022042439111576,0.03729007062697492
5,JAM2,brain_frontal_cortex_ba9,brain_putamen_basal_ganglia,0.4068902590304531,4.095733487358219,0.4503986482313797,0.07401729168695938,6.38070845668606e-05,1.1768356648062623,0.4852601323037867,0.37964610463731785,0.23680660880696264,0.15665321533594967,0.10737966210870424,0.0542045541208266,0.03088318706308906
5,JAM2,brain_frontal_cortex_ba9,brain_spinal_cord_cervical_c-1,0.4670195706500671,3.7259494216171634,0.508531042643966,0.16382162313717147,0.000148084878121552,1.6383190937816337,0.6479512698407317,0.5030337321390392,0.28581687451063925,0.19000425896036943,0.12724643119607879,0.05422072529717126,0.03567678785735406
5,JAM2,brain_hypothalamus,brain_nucleus_accumbens_basal_ganglia,0.5138635896174144,3.4041166039983977,0.5390916624612994,0.04460330864661578,3.91548393193869e-05,2.01158672822464,0.7765992521294158,0.42561500799898877,0.32273003336666256,0.19471455841806135,0.13473726909142872,0.06813665669060533,0.04665061579260762
5,JAM2,brain_hypothalamus,brain_putamen_basal_ganglia,0.49351948126441253,4.058486900286629,0.49206882444239375,0.08737222347114086,6.684581913497499e-05,1.6989816624236789,0.6568052093821803,0.44211055033746793,0.2759762589366797,0.1751639247551543,0.11849716404387248,0.06335310795316498,0.0372009568120686
5,JAM2,brain_hypothalamus,brain_spinal_cord_cervical_c-1,0.6458367237916349,3.0862897078414675,0.6398686378247338,0.06251596830542244,4.9137815708405126e-05,2.7895875585936105,0.7946225445417052,0.5629235942874973,0.3398473898787259,0.21042986948576697,0.1470959780465083,0.06906377927720138,0.04364061783174416
5,JAM2,brain_nucleus_accumbens_basal_ganglia,brain_putamen_basal_ganglia,0.5511897856044485,2.6533031699411174,0.5034356308579805,0.0570730441628299,3.31159786920099e-05,2.5349710259757066,0.9218786866236988,0.3683293231588448,0.23457900898590167,0.15514623025458757,0.11114541074028868,0.05701145239420576,0.03592144091896904
5,JAM2,brain_nucleus_accumbens_basal_ganglia,brain_spinal_cord_cervical_c-1,0.4012853788798302,3.6798797440961364,0.43115078322066225,0.04878344970982524,3.8942242804422226e-05,1.5986800277570201,0.8415980283246197,0.4172706847592174,0.29278204152786136,0.1848884659265652,0.1299759344346376,0.06291167538801075,0.044387218185209444
5,JAM2,brain_putamen_basal_ganglia,brain_spinal_cord_cervical_c-1,0.395631537857781,3.892781853126091,0.41223463311149305,0.055275156870800646,4.8526129144693884e-05,1.4331840605358557,0.6996081563566401,0.42120580139633634,0.26521436133561965,0.18019494017521925,0.11671062064613405,0.054722246533760746,0.03510892947138206
5,SH2D2A,brain_amygdala,brain_anterior_cingulate_cortex_ba24,0.7461771026709955,3.489395149484429,0.7217206002040875,0.07599019980252601,5.3570115055592444e-05,1.1694399660797818,0.6421332514233444,0.2904688745888125,0.2393061147545401,0.12069452119758779,0.08089084003713631,0.06184631484805088,0.03454848241862954
5,SH2D2A,brain_amygdala,brain_caudate_basal_ganglia,0.544681129583867,4.126013004771642,0.5654635621367677,0.10163394166989762,4.75081613714676e-05,1.1970419105338843,0.6099444179184835,0.32810470558333843,0.226412867525912,0.11877554547727905,0.08612796179196146,0.0632935901566823,0.038184573897728516
5,SH2D2A,brain_amygdala,brain_cerebellar_hemisphere,0.4986561430700266,4.566600055621106,0.5185724932761425,0.15845404888319498,8.283612732935616e-05,0.7412700532886832,0.4806040653552765,0.3296343804615868,0.22558056344007466,0.11417392397001566,0.08203531426607344,0.05995909237949224,0.03609347947053254
5,SH2D2A,brain_amygdala,brain_cerebellum,0.49630587416190614,4.084116593269962,0.4862671717890204,0.19056283909904698,6.810164262187786e-05,0.864227774602158,0.42353915126822184,0.2733123737502322,0.21550792213157038,0.11374711650547593,0.07618286205932297,0.052490003429496376,0.03472839031952674
5,SH2D2A,brain_amygdala,brain_cortex,0.556080589954445,3.9946217684579595,0.5724782042540186,0.13571655157826185,7.075187816280461e-05,0.9047198758279805,0.4435879923250578,0.28850872715898274,0.20510806882173113,0.11523365307824825,0.0716816533388174,0.05912481739584178,0.03540371397678604
5,SH2D2A,brain_amygdala,brain_frontal_cortex_ba9,0.6036890887539719,4.144886765851763,0.6774916154271893,0.055065168684179655,6.878474403850889e-05,0.8991907195027317,0.4878985030465731,0.30325864384910123,0.22239740973215266,0.12802539469801621,0.08166898476096059,0.057749145669671445,0.03416250932145146
5,SH2D2A,brain_amygdala,brain_hypothalamus,0.612725987406497,3.8074329943644427,0.6432082079480609,0.1150423273956852,4.700613420306311e-05,1.2227062180814567,0.7441083137715732,0.3416405443461127,0.28693744685288486,0.152196042042757,0.1036756438015967,0.07706664643446888,0.04135297795523266
5,SH2D2A,brain_amygdala,brain_nucleus_accumbens_basal_ganglia,0.6665444036476356,4.102290540595074,0.7045136246359951,0.10962367099206163,0.00010625914753955968,1.2676726394077114,0.670848956043617,0.3741569263312178,0.2664253133154003,0.1596869271747075,0.09474725578265594,0.06880609772204196,0.04297113709179668
5,SH2D2A,brain_amygdala,brain_putamen_basal_ganglia,0.47835985606255954,4.263149120132981,0.42452452530903767,0.11454798390127743,0.00010463516783326213,1.01306065079513,0.5129498992345767,0.33949176652629653,0.217566860270371,0.11455590372544093,0.08722260829760634,0.06285488498217792,0.036898882122519586
5,SH2D2A,brain_amygdala,brain_spinal_cord_cervical_c-1,0.5587362912925924,4.500164524041511,0.4812955097052871,0.15171370409615276,0.00013079456693590002,1.0913233010202446,0.6465781909282585,0.3526749910478551,0.2620665204453711,0.13827381319741275,0.10242909143855176,0.07284527080140524,0.04020437367439374
5,SH2D2A,brain_anterior_cingulate_cortex_ba24,brain_caudate_basal_ganglia,0.523852786262869,4.353451778227459,0.45317041543872366,0.12178967155233067,8.129878102792161e-05,0.8468045992854736,0.4890629081005976,0.2712783196700598,0.19763896977422174,0.12232835188022517,0.08060557420800618,0.057767314098018815,0.036323367061212
5,SH2D2A,brain_anterior_cingulate_cortex_ba24,brain_cerebellar_hemisphere,0.542825844431683,4.403785228420135,0.5516995262589992,0.1657364447603471,4.970996315461322e-05,0.6634046028576237,0.4196682090685872,0.2643856532279144,0.20588309608446553,0.11089120633988196,0.08014595192261774,0.05224402113740256,0.033902064043101185
5,SH2D2A,brain_anterior_cingulate_cortex_ba24,brain_cerebellum,0.5349468367904885,3.954215979991962,0.5516240158320347,0.17753163583145531,6.95508942010444e-05,0.7836238420635483,0.3812716406962934,0.24329999063147206,0.1789228282297643,0.11079759228303146,0.07426884898019658,0.04827868184943968,0.030718483058294298
5,SH2D2A,brain_anterior_cingulate_cortex_ba24,brain_cortex,0.7568307530046117,3.16294639555527,0.7203174596870905,0.12538170849602442,0.00010550744272263403,1.1472306902371316,0.3985010028088386,0.25319845678391883,0.18636838077466056,0.10816530480631661,0.07572158475843568,0.04921873041809266,0.03542251560330294
5,SH2D2A,brain_anterior_cingulate_cortex_ba24,brain_frontal_cortex_ba9,0.7789475494004581,3.64467411139328,0.8573587173615655,0.05351788868310432,3.1862268150729276e-05,1.0670142057017382,0.4461863478163501,0.29253033249739463,0.19938995140063742,0.11944973620073858,0.08632170655616292,0.051557650988317806,0.03358812946784534
5,SH2D2A,brain_anterior_cingulate_cortex_ba24,brain_hypothalamus,0.5532593566043212,4.309650610943031,0.5641008492055773,0.17290749791928395,8.605204271321532e-05,0.8284555848142192,0.5719366878577338,0.2770661952256127,0.22937572412732257,0.14158988705876432,0.1019697350777901,0.06383251531963596,0.042058964395124084
5,SH2D2A,brain_anterior_cingulate_cortex_ba24,brain_nucleus_accumbens_basal_ganglia,0.6442803475784612,4.31314017479032,0.7106623402517303,0.06924097293579792,7.912831185229569e-05,0.9085116096811212,0.509559990483436,0.307157969065163,0.2263505476453816,0.13818915615065253,0.09086480530548327,0.06740119395913996,0.039733866218799666
5,SH2D2A,brain_anterior_cingulate_cortex_ba24,brain_putamen_basal_ganglia,0.4956137558767687,4.284695308448264,0.35445830387327354,0.12444100111932879,0.00013884183971771293,0.8512788963306885,0.4351059895059935,0.29310766644807484,0.1894868171942374,0.11715605824486512,0.07214048439109026,0.05883967493239323,0.0374177540179374
5,SH2D2A,brain_anterior_cingulate_cortex_ba24,brain_spinal_cord_cervical_c-1,0.5498973732995492,4.584335222884571,0.4588899160853659,0.2460164096823918,0.00013883921322036002,0.867140134107159,0.5053191654940017,0.30903797673492417,0.20775748643762332,0.13201116879194488,0.09162067304482073,0.06309282661065134,0.041844582150083874
5,SH2D2A,brain_caudate_basal_ganglia,brain_cerebellar_hemisphere,0.45504823976953934,4.5873285785154225,0.36578729353051065,0.13892224472389453,0.00014065369812718106,0.8120587986177086,0.4492355475848978,0.3203878334239724,0.22244967508996635,0.1149837974841198,0.0784933903865009,0.055086792515637986,0.03692237648669422
5,SH2D2A,brain_caudate_basal_ganglia,brain_cerebellum,0.41391993013001577,4.670979266203831,0.3641492626811994,0.11323891931115973,7.954134524962793e-05,0.7617168082933867,0.40627598687201105,0.30805234423317984,0.19997545338746167,0.12019041901704708,0.07179851358239624,0.05097878723335327,0.032856842570555024
5,SH2D2A,brain_caudate_basal_ganglia,brain_cortex,0.46864846306360664,4.407728220993106,0.47450181219274484,0.10960967695699744,9.512398838162062e-05,0.7828100359242416,0.44722057168490903,0.27807156874570654,0.19551826015499682,0.1030862030116911,0.07215771872463318,0.05334830004566715,0.03910467757422466
5,SH2D2A,brain_caudate_basal_ganglia,brain_frontal_cortex_ba9,0.5338296179135463,4.391324124277899,0.4437598028849078,0.09009232103985265,8.134872399554805e-05,0.8557394657438573,0.4695170682625986,0.3254227412419752,0.20049081091049933,0.11654745902453742,0.08092118170943993,0.05309001664932276,0.03590030869934124
5,SH2D2A,brain_caudate_basal_ganglia,brain_hypothalamus,0.4979463823609895,4.213357832562357,0.44078124386723205,0.12366652104575974,9.374812914238415e-05,1.1176525984759176,0.606373781113277,0.3298959232454167,0.22923857626916347,0.1387708112009048,0.09784744010999868,0.07079493608417826,0.045013692279413466
5,SH2D2A,brain_caudate_basal_ganglia,brain_nucleus_accumbens_basal_ganglia,0.6720436259582849,3.6051056487878115,0.6599329010060057,0.06877785610824236,7.989812176384293e-05,1.4402453309217842,0.7372493563722506,0.3765642535223532,0.23246353035347442,0.13686213172678582,0.09082207539942297,0.0686593668906396,0.04187668976284932
5,SH2D2A,brain_caudate_basal_ganglia,brain_putamen_basal_ganglia,0.8446802704895735,2.387965347868521,0.847686774568426,0.04398160515930444,8.22821752781062e-05,2.438275699256476,0.6649052652867743,0.36208023376155574,0.20498681514467126,0.11455116060421897,0.0791995996578545,0.05751817381177654,0.03832205202062014
5,SH2D2A,brain_caudate_basal_ganglia,brain_spinal_cord_cervical_c-1,0.5136998434931472,4.326023934656725,0.47172567305165297,0.3925069027694211,0.00018406862111558002,1.095824479335563,0.7066949634767951,0.3308979835678277,0.226903086713745,0.13425272167599203,0.09408317425809734,0.06347839482679288,0.04544259899814238
5,SH2D2A,brain_cerebellar_hemisphere,brain_cerebellum,0.7118362901372689,3.0360396137955035,0.6624576441014305,0.08325608955965648,0.0001508457175805748,1.3487552947319188,0.5570256755162484,0.28291058769546973,0.20634328424236278,0.11798166761435662,0.08042138267810243,0.04372328404712238,0.03085234578831404
5,SH2D2A,brain_cerebellar_hemisphere,brain_cortex,0.5464196198603719,3.913084598077199,0.545470642608777,0.08712742500604996,9.812271075932232e-05,0.7982481115786095,0.3794696393876871,0.2746122365697309,0.19371276758713588,0.10245810575933745,0.07313132927691918,0.049091100696741365,0.03449514334630626
5,SH2D2A,brain_cerebellar_hemisphere,brain_frontal_cortex_ba9,0.5932204021167016,4.194387090679765,0.5990303170474327,0.09253440516437011,7.111105284538584e-05,0.8257723439440141,0.4034938718641369,0.3014853070999933,0.2145705184320433,0.11140484354330271,0.08259309737133283,0.04784940081481748,0.03312543826337262
5,SH2D2A,brain_cerebellar_hemisphere,brain_hypothalamus,0.45448732568084094,4.592872512193796,0.42305226978023835,0.04538699434492062,9.29392307793313e-05,0.8436764019908025,0.4376293272832833,0.31793004623984017,0.2340187836308872,0.13169454817877174,0.10385468425805837,0.0583701228007185,0.04368382709221666
5,SH2D2A,brain_cerebellar_hemisphere,brain_nucleus_accumbens_basal_ganglia,0.5300931064129754,4.810204341910063,0.5776490182558582,0.14536456769959766,0.00011384707551614491,0.7158550339913041,0.5256684721551077,0.33988235632425645,0.26148771421243266,0.12872232677273437,0.09740047858638212,0.058433088727554906,0.040626836588520523
5,SH2D2A,brain_cerebellar_hemisphere,brain_putamen_basal_ganglia,0.43647218173452923,4.584436302603514,0.3596122994919256,0.20198713677419064,0.0001969481207006514,0.8452600735897757,0.5158660953905688,0.311231223922745,0.21473765906388373,0.10636345476090284,0.06759855364652215,0.05701809022199313,0.03830802344380938
5,SH2D2A,brain_cerebellar_hemisphere,brain_spinal_cord_cervical_c-1,0.5189229243329587,4.335827826031901,0.40737998828656485,0.23623173312019619,0.0002124966118799,0.9562558419092886,0.5725367431844368,0.3369909663696312,0.24123528137258457,0.1262635876614745,0.08646533145341408,0.05684134709918074,0.042437592202284866
5,SH2D2A,brain_cerebellum,brain_cortex,0.6065318437508548,3.50807727969296,0.6586641715412037,0.060162027067050115,4.063493732625968e-05,1.0997655326338607,0.3637404738326947,0.2590030882274724,0.1845485766635114,0.10819297811279219,0.0676270498467048,0.043576656861744875,0.03134626706327542
5,SH2D2A,brain_cerebellum,brain_frontal_cortex_ba9,0.5291543386369619,4.115265747336297,0.6588738989102978,0.13312709974541093,5.549680376246056e-05,0.8148876337672,0.3662341150743604,0.2688769467576711,0.1920614131112709,0.10564259360553345,0.07916817435769966,0.04454914337647882,0.0295753044370205
5,SH2D2A,brain_cerebellum,brain_hypothalamus,0.4437207330232715,4.21901464711027,0.3547139249940773,0.09385226002946946,0.00013816067989753776,0.8608166866062206,0.40165716961427683,0.27485252236898305,0.21925273000915543,0.13143838049202636,0.09797355781555553,0.0541297684465452,0.0385289275793957
5,SH2D2A,brain_cerebellum,brain_nucleus_accumbens_basal_ganglia,0.4847607909575933,4.6902974061898135,0.4464002979312888,0.13016428663863072,9.513797872471054e-05,0.7232271313764882,0.4658377564865496,0.3124065807559058,0.22067534357080124,0.1468936770086858,0.08500064195319043,0.05598665868713126,0.03579908595864094
5,SH2D2A,brain_cerebellum,brain_putamen_basal_ganglia,0.3885872028742151,4.801936030989724,0.31527746779413873,0.10767250619693917,0.00011292042166132067,0.6898161910245729,0.42867570149577905,0.2970870636967584,0.18348523520732368,0.1056412027161548,0.06966481047575343,0.04989630364148549,0.03370211638638928
5,SH2D2A,brain_cerebellum,brain_spinal_cord_cervical_c-1,0.49458296993265416,4.144290523291935,0.4027138901313608,0.2348768706391605,0.00019648605920545998,0.9844619640407511,0.461239875076983,0.3166344272255179,0.21822086426811124,0.13518892243237196,0.08700364986014211,0.04755977444517458,0.03705960366034876
5,SH2D2A,brain_cortex,brain_frontal_cortex_ba9,0.7868324599165655,3.0053118249136284,0.7777322105666796,0.06524513985512873,8.263293437874497e-05,1.1685633581111219,0.3922163921203746,0.27567866542485847,0.20519507599093859,0.10076746739034034,0.07447206170081158,0.047239337095084,0.03386421573598522
5,SH2D2A,brain_cortex,brain_hypothalamus,0.45548132244116896,4.429119935318172,0.5052088023583272,0.101708880026226,9.659084433202851e-05,0.7557208146936526,0.4263465802850893,0.2674565107959751,0.23878242455740306,0.112630363405403,0.08911650016607989,0.06270116738863288,0.042671382416504776
5,SH2D2A,brain_cortex,brain_nucleus_accumbens_basal_ganglia,0.5184274834372914,4.623780017819918,0.5037483263586333,0.07131650078071003,8.813981082858052e-05,0.7204605634773898,0.4686950293724415,0.31511091507449507,0.22448198093042565,0.11960941633823782,0.07570349659890019,0.060039569435531924,0.04254538945046558
5,SH2D2A,brain_cortex,brain_putamen_basal_ganglia,0.44674499821617397,4.351398824115487,0.3508628506137573,0.11969545191992867,0.00013449803410040467,0.7455935558545496,0.402007381855989,0.29579300772921446,0.18053590410354534,0.09643609190349386,0.06725802848396638,0.05602425990837012,0.03896150177794302
5,SH2D2A,brain_cortex,brain_spinal_cord_cervical_c-1,0.5099995816553367,4.274950883741353,0.5111375406039655,0.14220236698559052,0.0001224538216889201,0.8986746957731608,0.45392337896054513,0.3101582584301469,0.20117794293909244,0.1188066358531809,0.08448424647234773,0.06203093749941948,0.03880538739469734
5,SH2D2A,brain_frontal_cortex_ba9,brain_hypothalamus,0.5042518527938173,4.616950506772016,0.6316950065148109,0.06614404828765452,8.399444905158977e-05,0.7723220163331812,0.4737303043340352,0.31697378457088526,0.23660846326941826,0.13161375557533966,0.1022696494215443,0.06113867458258844,0.0410497934587473
5,SH2D2A,brain_frontal_cortex_ba9,brain_nucleus_accumbens_basal_ganglia,0.5954556401372232,4.685626245400005,0.7440705679979768,0.05803856381351966,5.496795084326193e-05,0.7338336071622334,0.48308057576077446,0.36188245091226356,0.22783602963659355,0.12825290341443302,0.09299032632917452,0.06195004250717136,0.039462615374165476
5,SH2D2A,brain_frontal_cortex_ba9,brain_putamen_basal_ganglia,0.5173595595075758,4.2419354471453214,0.34383874931025044,0.15674162233251404,0.00014547386938661751,0.9035282602206405,0.4580357799655218,0.3412947930941586,0.193346704453419,0.11094449483756245,0.0711768884097986,0.055129378862613,0.03625472298954846
5,SH2D2A,brain_frontal_cortex_ba9,brain_spinal_cord_cervical_c-1,0.5535130151570335,4.365928741284401,0.5054068785721801,0.17191152870063378,0.00013029865790854,0.9245235602927234,0.46833863617637733,0.334927900158856,0.20736888063527426,0.1329295689622529,0.08911817858005203,0.05752921607355096,0.04095467856122707
5,SH2D2A,brain_hypothalamus,brain_nucleus_accumbens_basal_ganglia,0.6006979222159299,4.098014271198056,0.5129274597371328,0.14930127651069164,0.00013909781897922054,1.1068091846955863,0.7086612947606361,0.33742086647844827,0.2741671714394038,0.17409076757100442,0.1203758550292876,0.0760403043677229,0.05181941958096348
5,SH2D2A,brain_hypothalamus,brain_putamen_basal_ganglia,0.4556550358091916,4.236442533865682,0.34543728867746964,0.194807606823339,0.00014589183087407442,1.0818335916943056,0.507414740773538,0.33700407517709796,0.21212945783776932,0.1388388183918323,0.0882431451321503,0.07034226374780314,0.046304241894453556
5,SH2D2A,brain_hypothalamus,brain_spinal_cord_cervical_c-1,0.5636235874021317,3.998828750755853,0.6179771677819058,0.26825848214799575,0.00014700610900815998,1.350698941476472,0.5921364317980253,0.3670061248354979,0.26095461431390266,0.16214163684670768,0.11809594845222124,0.07674418282270892,0.05058413505745264
5,SH2D2A,brain_nucleus_accumbens_basal_ganglia,brain_putamen_basal_ganglia,0.5736489038143772,3.768468189361832,0.4537950544880318,0.08565755918765947,0.00015641162758731612,1.194197433001956,0.6657715154031758,0.38080981278412673,0.21933749642926723,0.1281449683581663,0.08399259100112608,0.06813751288185967,0.04367080928822206
5,SH2D2A,brain_nucleus_accumbens_basal_ganglia,brain_spinal_cord_cervical_c-1,0.5800603957865039,4.456127524914539,0.5185250159412965,0.22693719465064593,0.00018322189735834002,1.223189725867408,0.6438939876475435,0.3625297331451215,0.2513988265522794,0.17076649182546424,0.10929831755489097,0.06878164782971337,0.05240995754169366
5,SH2D2A,brain_putamen_basal_ganglia,brain_spinal_cord_cervical_c-1,0.468934230040903,4.427339232289366,0.3973326080687311,0.33211649279423605,0.00018782884199454003,0.9937319023832691,0.6521452393862648,0.33513506303875407,0.2084634296403617,0.12812721694434373,0.08505015819645544,0.0688224028405654,0.04303457034724078
6,JAM2,brain_amygdala,brain_anterior_cingulate_cortex_ba24,0.5898134553179213,3.573378596884224,0.6593527044323457,0.05641743000797481,6.609182659978678e-05,1.586417686681782,0.8133537177281603,0.4224232657987666,0.2950872311611962,0.1746246411544216,0.09625258144774584,0.05353938620961988,0.039139662767768424
6,JAM2,brain_amygdala,brain_caudate_basal_ganglia,0.41730554917153456,4.379233681561656,0.3132885469289319,0.12988249004052843,0.00010526248342948474,1.0724058911466254,0.6638444032732338,0.3663881322348213,0.2236095866741839,0.14122326355605996,0.09789901537908305,0.056054671094326436,0.04171638162978728
6,JAM2,brain_amygdala,brain_cerebellar_hemisphere,0.3215344922907522,4.4677305076570875,0.328737240851963,0.09279774491322301,9.331845970604872e-05,0.7670235938611415,0.43732033844854223,0.2837766115317767,0.1678676702647911,0.1463317514582489,0.10009622081265053,0.051407999612608044,0.0321130251349197
6,JAM2,brain_amygdala,brain_cerebellum,0.39364994108648166,4.225527934188376,0.438627941573732,0.1858796043167422,0.00019322203443581073,0.9986859879982664,0.49475483663468356,0.27880365324934425,0.21491624793549952,0.13911636970567823,0.09569162314588793,0.04982573692152836,0.03426902793612782
6,JAM2,brain_amygdala,brain_cortex,0.43059553819417007,4.2233057756801005,0.4447748211290971,0.1709773752632633,0.00016513656651322001,1.1075146551107418,0.5262695053036246,0.3419944560662338,0.25995247501947694,0.15859176667646832,0.08656598954089242,0.05054251469224168,0.04031897146239762
6,JAM2,brain_amygdala,brain_frontal_cortex_ba9,0.4475413460610884,4.03750329421119,0.3883807623090207,0.1967829178136115,0.00019127381778514,1.1397729511950858,0.5900102418253365,0.35054430046080254,0.2469023488031449,0.1378003910194916,0.09753439597614078,0.055417094390601065,0.0396376509755992
6,JAM2,brain_amygdala,brain_hypothalamus,0.5185945387452007,4.086299915618232,0.6395822509157794,0.0739806016248578,0.00010295046139040294,1.572836447801195,0.6551567652785482,0.42546114855900663,0.29789892120297423,0.1667353280594445,0.10757871811136051,0.05980637509380814,0.04392578097474938
6,JAM2,brain_amygdala,brain_nucleus_accumbens_basal_ganglia,0.46295259927203575,4.210059659527222,0.3373852157815384,0.06390088295793181,6.637832010443037e-05,1.241968872153709,0.7049857260439204,0.4810303919612803,0.2918797765228454,0.1742083925599731,0.10391870333600757,0.059483946199148284,0.04593846871341562
6,JAM2,brain_amygdala,brain_putamen_basal_ganglia,0.43837490575455684,4.08243286307166,0.42604958239039076,0.10921250228659826,8.432044615423395e-05,1.3201131784220363,0.6686278983415285,0.33052616962664044,0.2706155861086193,0.15919138916881093,0.0987550027346618,0.05074134095479478,0.039143724712683396
6,JAM2,brain_amygdala,brain_spinal_cord_cervical_c-1,0.4953748559203411,3.982640604509622,0.39837725328508544,0.06545531284031461,5.5944408116551816e-05,1.6678089422374338,0.7336770464087807,0.4077736787867769,0.29646234209976013,0.14934138797364632,0.10513790421837217,0.06394866830190934,0.0455130208786016
6,JAM2,brain_anterior_cingulate_cortex_ba24,brain_caudate_basal_ganglia,0.38565587519887556,4.586287557023626,0.3069807365734714,0.09871985391451707,0.00011454322190959185,0.8467494982313936,0.5515128618649969,0.3035040068435669,0.2350159090447471,0.14206840870321918,0.08200118995227712,0.05715841911588208,0.03922841897624334
6,JAM2,brain_anterior_cingulate_cortex_ba24,brain_cerebellar_hemisphere,0.36777871448446875,4.597016013332176,0.41900906919218117,0.08109290700585717,9.254736606008908e-05,0.7740162757446367,0.5057057763787212,0.311504567291901,0.1827074338097586,0.1428944126592583,0.08551038761664029,0.047427383740175924,0.031210331725951564
6,JAM2,brain_anterior_cingulate_cortex_ba24,brain_cerebellum,0.45440254144405684,4.314233684912691,0.5207362378143263,0.1380008326703668,0.00013813145794113206,0.9975773453405609,0.5078824980476422,0.29707814805711075,0.2153959190836273,0.14141792588852914,0.08652491644085707,0.04514174568952394,0.03386696930119506
6,JAM2,brain_anterior_cingulate_cortex_ba24,brain_cortex,0.6194856724974518,3.1771881683726235,0.7236820262835998,0.18908006964403862,0.00020432102768610803,1.6442336289733366,0.6434602908289275,0.3770570590336439,0.25079079958554734,0.14839487544383445,0.08969235543584692,0.04606327010278608,0.03541333082864924
6,JAM2,brain_anterior_cingulate_cortex_ba24,brain_frontal_cortex_ba9,0.6972484003613779,2.802138124193082,0.6876501353782916,0.3085103246488477,0.00033840369284278,2.0625344115739805,0.6935559044033528,0.3786916245423975,0.26507873977148366,0.14488489120612089,0.08786715038154472,0.05150305869833542,0.035126277803266756
6,JAM2,brain_anterior_cingulate_cortex_ba24,brain_hypothalamus,0.5372551581609061,4.075110522882607,0.6357110206935035,0.07921915238070376,8.221174525511058e-05,1.3645813304767747,0.6627235668821394,0.4221577098805029,0.30798478741694735,0.15249587561307618,0.09073902567470209,0.058380031307443826,0.04175099153259662
6,JAM2,brain_anterior_cingulate_cortex_ba24,brain_nucleus_accumbens_basal_ganglia,0.4923816035047289,4.103216134757981,0.46926514355453486,0.07487301566891508,9.299521711858818e-05,1.3035362398446035,0.6532979072221347,0.4242767615120376,0.2975333728269194,0.16734197367401446,0.10243156381335616,0.057381222822144716,0.04034836636911804
6,JAM2,brain_anterior_cingulate_cortex_ba24,brain_putamen_basal_ganglia,0.40108147061578414,4.5263112567781025,0.4662126773604502,0.07866971120935637,9.591722513368913e-05,0.995363929710655,0.5843948249053924,0.314753608192904,0.2648199581310878,0.1534821297950454,0.08565312478556314,0.05039369243264704,0.037522199959755045
6,JAM2,brain_anterior_cingulate_cortex_ba24,brain_spinal_cord_cervical_c-1,0.48682732716752375,4.197588338322741,0.5897910874232949,0.09803916812561753,8.549434290079977e-05,1.3004778320751378,0.6844996530632025,0.45530044061168623,0.30107959587449223,0.14746297824842142,0.09705607181436234,0.057483455921309545,0.04150417709833304
6,JAM2,brain_caudate_basal_ganglia,brain_cerebellar_hemisphere,0.2640964709881022,5.015579999568248,0.24789741263654513,0.10784829309899324,0.00010669963345425809,0.5433255931234487,0.38183155921270895,0.24642434895347484,0.15762698023621774,0.13514430797218566,0.090323578186247,0.04972451043543604,0.032424591427349235
6,JAM2,brain_caudate_basal_ganglia,brain_cerebellum,0.31903098324910595,4.732076254578603,0.33995536388664743,0.14890720767506868,0.0001540383058391516,0.6946066236450974,0.443513599480413,0.24956790074580665,0.16848193987778487,0.1248501203578436,0.09005888901766494,0.05022890489807876,0.03412169637231624
6,JAM2,brain_caudate_basal_ganglia,brain_cortex,0.395724918962732,4.3410202106647,0.3516744577844458,0.09049097413457949,0.00012291665597332453,1.0104143631641764,0.48897474781573536,0.2791449996803646,0.21998284685010533,0.1339160533417161,0.07911343199511818,0.05077328826535534,0.03888161292717666
6,JAM2,brain_caudate_basal_ganglia,brain_frontal_cortex_ba9,0.3820464557712094,4.2306213200358584,0.3833014071202924,0.0520756926503797,7.238479259546421e-05,0.9323413325875027,0.5375462571547377,0.2607484561700501,0.21174118207391973,0.12371652739822189,0.088069164741248,0.05352370158213458,0.039393997668284095
6,JAM2,brain_caudate_basal_ganglia,brain_hypothalamus,0.39691037215072467,4.383885168120109,0.3542859508168434,0.12862268034666458,0.00013216232654248935,0.9849195868526568,0.5306284975603968,0.32321140490868655,0.2329720549146951,0.14941391796892758,0.09365238638894362,0.059459529734583204,0.04214536861483782
6,JAM2,brain_caudate_basal_ganglia,brain_nucleus_accumbens_basal_ganglia,0.5313127143889682,3.0396307224607395,0.4288533207286114,0.10608529893513252,9.924312967720541e-05,1.7658637711767917,0.8006301611131569,0.39042865616407246,0.2256961039938299,0.1432669679901996,0.09253407297095166,0.05725676621447586,0.042744574945679216
6,JAM2,brain_caudate_basal_ganglia,brain_putamen_basal_ganglia,0.7697823353928083,2.107096050204801,0.7437200214731352,0.08440901136864883,9.958940769748627e-05,3.2228712355934426,0.8947536981118258,0.30544356837676784,0.21135557284857293,0.13839050533011707,0.0886792811222365,0.049598677482779095,0.03543846762566346
6,JAM2,brain_caudate_basal_ganglia,brain_spinal_cord_cervical_c-1,0.3905016466164747,4.173102554047658,0.340444247194427,0.10069462374358977,9.78927057997947e-05,1.0727687803787742,0.530084946902907,0.3844222419275921,0.23944223003754755,0.13650812439142032,0.0970038864095683,0.06338312591705844,0.04331427543985996
6,JAM2,brain_cerebellar_hemisphere,brain_cerebellum,0.5806345567963271,2.7633983073387043,0.5340986633232772,0.12782484169180214,0.00019728435821059846,1.7562455868901012,0.7782853839296286,0.2468110197638901,0.1595759369850464,0.12587645627604988,0.0855817440544843,0.04253648052317862,0.02653145978152368
6,JAM2,brain_cerebellar_hemisphere,brain_cortex,0.32131053067960463,4.797242340865603,0.47870830029849865,0.11204881058224632,0.00010957393664183079,0.5734487600402274,0.45243771128896626,0.28961152773701265,0.17256554188378606,0.12793901361457166,0.08996168965453474,0.04649111886950144,0.028767316618046723
6,JAM2,brain_cerebellar_hemisphere,brain_frontal_cortex_ba9,0.32721347453123645,4.643941542581848,0.46577252080737785,0.12554897415487987,0.000145219506313501,0.6560286305539524,0.4759806580191741,0.28575795426502915,0.15963526289893656,0.1305128127696856,0.09011821280287677,0.04490670183421014,0.03157949554854528
6,JAM2,brain_cerebellar_hemisphere,brain_hypothalamus,0.34698842329641977,4.533967055363853,0.4343248593204453,0.04848823956546748,5.243603506730751e-05,0.7668904799580705,0.5376472119987565,0.27014113191596945,0.1826303718109199,0.1379239202346854,0.10303313041284672,0.050816332869526214,0.03410643656756706
6,JAM2,brain_cerebellar_hemisphere,brain_nucleus_accumbens_basal_ganglia,0.34204331511680885,4.46559257406539,0.3696166642460359,0.10949410953509256,9.126297442265083e-05,0.9550145484373556,0.4915535884020247,0.30954900795571944,0.18486856222762865,0.1379012961405888,0.10010895027872987,0.04914917621170382,0.03485513487209828
6,JAM2,brain_cerebellar_hemisphere,brain_putamen_basal_ganglia,0.2658634350680083,4.841857422606141,0.3082070236943527,0.06645057901429952,7.383258243146224e-05,0.5889930789932076,0.4100214280139959,0.24384397653621978,0.16705221699490552,0.13299455469519617,0.08972440195744825,0.046361806450269105,0.031664030215487415
6,JAM2,brain_cerebellar_hemisphere,brain_spinal_cord_cervical_c-1,0.32715478995244995,4.400953644503061,0.43176495766411804,0.06478502056073156,7.449089259564331e-05,0.7923815485849971,0.48302815186153303,0.30681418276815703,0.19782419800723242,0.13208605928633232,0.10029228945155728,0.05249490017780141,0.03250257995266504
6,JAM2,brain_cerebellum,brain_cortex,0.4302487239745654,4.026862045151164,0.48456735177793986,0.0988495860413891,9.042913390548253e-05,0.9449497211206104,0.48583467387221163,0.27369731305833744,0.20730644959795902,0.12412783678389756,0.08446328229843482,0.04586958906740618,0.03019730121945812
6,JAM2,brain_cerebellum,brain_frontal_cortex_ba9,0.38912781810498465,4.444939844380135,0.48248360047232747,0.12115521546596794,0.00011384441640154395,0.8236138477244737,0.4949366546647478,0.26244868948785854,0.20589255375218948,0.11984625938448383,0.08723367157632327,0.0444425700415858,0.033808801916111644
6,JAM2,brain_cerebellum,brain_hypothalamus,0.42189038769810433,4.453713161062802,0.4022163015084315,0.13417852858174412,0.0001186327226032942,1.0754589383473447,0.5532796916849766,0.2707269460002465,0.20902524750122983,0.1356134391040979,0.102108463270929,0.05197163317114166,0.03633029896014378
6,JAM2,brain_cerebellum,brain_nucleus_accumbens_basal_ganglia,0.4081685047473279,4.151991045727682,0.4966034031112262,0.20975765702595067,0.0001864654125811,1.1584994651790477,0.5816439971198101,0.28990127668714794,0.21709451425173903,0.1317593311886984,0.09844660354656136,0.05071583713487961,0.03670840115658306
6,JAM2,brain_cerebellum,brain_putamen_basal_ganglia,0.32433823667586575,4.507807624372061,0.3749646606598508,0.09597661663862526,0.00010344086958448974,0.8005285763465866,0.46359884258095574,0.24254080990750762,0.18818109274834188,0.12387772507283865,0.09097475279129832,0.04797192417005987,0.0324753847989037
6,JAM2,brain_cerebellum,brain_spinal_cord_cervical_c-1,0.41457177918525784,3.8099804864903755,0.4515702738558961,0.09861529800839816,9.73478965239346e-05,1.0632276737616595,0.5187791726793796,0.29485581170793307,0.21749172472258121,0.1349871579110372,0.09683706848082183,0.0569617258878339,0.03356884608017224
6,JAM2,brain_cortex,brain_frontal_cortex_ba9,0.7268016891771012,2.520831692460709,0.7850669909688446,0.122369332804519,0.0001619802646833746,2.2758205568066927,0.662636528961617,0.36395580915131126,0.21869207427667803,0.12080508034941909,0.08376565222863994,0.04944284630705374,0.03384013144231804
6,JAM2,brain_cortex,brain_hypothalamus,0.4826797240724604,3.880613955114721,0.5027387351941668,0.17927085763726464,0.00015794283548140002,1.289962427586818,0.5330938266011176,0.3542631284086728,0.2518801934450467,0.14770190236827466,0.08045427922945554,0.056649751988833576,0.04008629141222222
6,JAM2,brain_cortex,brain_nucleus_accumbens_basal_ganglia,0.44351579702941324,4.08171988993076,0.5485949502376283,0.13262504528508995,0.0001415566702108858,1.20472094362943,0.5581074071418242,0.3833996906389512,0.2581844191716175,0.1527147502487452,0.08467985744025477,0.0518567477089372,0.04148308080738792
6,JAM2,brain_cortex,brain_putamen_basal_ganglia,0.4274728638493239,4.063689778327946,0.4054517213010314,0.08072358980490627,0.00010878866629424096,1.2859488226061777,0.5031309590474121,0.29642864546157593,0.232844531755562,0.15271246754883888,0.07435486998443337,0.0457266693569946,0.0382584902483075
6,JAM2,brain_cortex,brain_spinal_cord_cervical_c-1,0.45539155697993694,3.8587946764858123,0.5717281465003414,0.13309982251256866,0.00015852023828120777,1.2557471953029868,0.6364255790305722,0.384457130244749,0.25898852040381803,0.1349029128288707,0.08845745103760942,0.054830214187181384,0.04083556735008712
6,JAM2,brain_frontal_cortex_ba9,brain_hypothalamus,0.4868307054963049,3.9062330675112173,0.5727519292451163,0.15716552041551818,0.00015152219837788843,1.2535620323574654,0.6071601891865769,0.3522786995079353,0.2589974387028256,0.12891086211913683,0.09026816924338078,0.05490206712283806,0.04331135814320028
6,JAM2,brain_frontal_cortex_ba9,brain_nucleus_accumbens_basal_ganglia,0.41675542013994427,4.285356698647578,0.41932211137761366,0.108094790829138,0.00011955007201053841,1.074845582358121,0.5929882760961529,0.35097715132819907,0.2560531584584601,0.1487952085301835,0.0915428958699629,0.058803445377152264,0.04053589903551184
6,JAM2,brain_frontal_cortex_ba9,brain_putamen_basal_ganglia,0.40615077040113706,4.140154923471725,0.4882817318171567,0.06771066880347616,7.572573540049271e-05,1.1410350288160336,0.5488072295066548,0.29243454136369434,0.23226586933351667,0.13136193039761734,0.08707232667705672,0.04876142838385046,0.03750726389612992
6,JAM2,brain_frontal_cortex_ba9,brain_spinal_cord_cervical_c-1,0.4344339012463572,4.311647648325446,0.43790115415130204,0.09045653928487453,7.962735237335139e-05,1.1458897854102539,0.6183678481098475,0.39673678249640976,0.2494560781895335,0.13171033501727747,0.09551352235832664,0.06557643528182258,0.0388250650585246
6,JAM2,brain_hypothalamus,brain_nucleus_accumbens_basal_ganglia,0.47895147660088816,4.116315163849978,0.5535353605474855,0.04810709994593488,5.967854353134264e-05,1.3993446656088941,0.672768503912742,0.42603865820875264,0.300057733341171,0.17310087793679246,0.10082579164520497,0.0669288515189769,0.044369947904448856
6,JAM2,brain_hypothalamus,brain_putamen_basal_ganglia,0.42435239381817275,4.1962367204761915,0.5565348626496955,0.08990802822965788,0.0001054534358053626,1.2375310882758295,0.5525183179983931,0.3293023633146573,0.25137181400781,0.16024927469250003,0.09715857679379672,0.056312747025668373,0.03928400931967798
6,JAM2,brain_hypothalamus,brain_spinal_cord_cervical_c-1,0.5357692569373409,3.543722586058375,0.4370468477935182,0.051848774404925045,5.6198650435118885e-05,1.6502001462709557,0.6118075932436524,0.4654553922749967,0.27865341844119923,0.15077535110929585,0.10459848867593131,0.06716459276746016,0.04592470747687752
6,JAM2,brain_nucleus_accumbens_basal_ganglia,brain_putamen_basal_ganglia,0.5261182482156308,3.048029725258341,0.4407096562570224,0.04535152968502124,4.7516642060012216e-05,1.8091358611041404,0.7754917314653985,0.3784322614675478,0.25897573975847643,0.1572971164698351,0.09705037355473972,0.0549450977749684,0.03798254587571652
6,JAM2,brain_nucleus_accumbens_basal_ganglia,brain_spinal_cord_cervical_c-1,0.4885812738450471,3.62358013008481,0.4634146791438667,0.0616249898156173,7.683947425942466e-05,1.4678688431119238,0.6813920137960936,0.48149986275064743,0.2947110972905803,0.15309603379338446,0.11102608718803912,0.06259631320461716,0.04634602767179484
6,JAM2,brain_putamen_basal_ganglia,brain_spinal_cord_cervical_c-1,0.41720770599109763,3.9818720696205174,0.4830373916458628,0.07087819645958736,6.844040045649575e-05,1.3766158141855775,0.5381791522995887,0.37770682766911273,0.2840846103658822,0.15523341428184964,0.09856504463098759,0.05690376480975582,0.040144280178744364
6,SH2D2A,brain_amygdala,brain_anterior_cingulate_cortex_ba24,0.74387476785466,3.6411769386423813,0.7261273070770444,0.06722128165498983,8.614661235058091e-05,0.9479794331110984,0.45482002469151867,0.2844239875156449,0.14450047278238048,0.09330860152987444,0.05429067052017385,0.03789860996622936,0.021358740673413302
6,SH2D2A,brain_amygdala,brain_caudate_basal_ganglia,0.5758129661777072,4.424417683121874,0.7370017267280715,0.033644056067349645,8.951138629381485e-05,0.8193469807196374,0.42776289170980136,0.24676079251775218,0.14305875251633934,0.10026473230532713,0.05171767169996908,0.035043636570817036,0.019640298350940437
6,SH2D2A,brain_amygdala,brain_cerebellar_hemisphere,0.543461920030196,3.9912732383263316,0.579488636442937,0.09291998166111855,0.00010341446908392324,0.7134382632497956,0.4053585683848831,0.20516488185695553,0.13019069699327818,0.09194243878715344,0.057076918776588714,0.032515743741137124,0.020358999166169782
6,SH2D2A,brain_amygdala,brain_cerebellum,0.5360011902755792,4.05215127995025,0.5176261097969453,0.0911750623182171,7.601110126666996e-05,0.7769755138665205,0.38778406130410115,0.20827374869613996,0.14431900979565876,0.0855694606921014,0.04809176198607696,0.03300635935053064,0.01914151723609518
6,SH2D2A,brain_amygdala,brain_cortex,0.5560564753016667,4.217504039911667,0.5796256727578747,0.038006970585789765,7.915203428542262e-05,0.8260634510009982,0.3339706051368328,0.23132059220153592,0.14377680997759124,0.08970274896708368,0.05467218709307392,0.037345682305335456,0.02001797937967742
6,SH2D2A,brain_amygdala,brain_frontal_cortex_ba9,0.5962999828029687,4.326966572081067,0.6795936350476308,0.03174380359818154,4.50681786301128e-05,0.7273514278348525,0.37888021906028835,0.2227160784072927,0.15003065864345283,0.09315671881456312,0.058002794938222677,0.03542254277207788,0.022988682674775697
6,SH2D2A,brain_amygdala,brain_hypothalamus,0.5883691807937919,4.285721010462531,0.6450418602711385,0.02198214451959328,3.0763619675402845e-05,0.8634916936872464,0.49057147618983316,0.28189096337980324,0.16809213819321453,0.12151108014877103,0.06230065851141738,0.043762521105038935,0.02261310852418048
6,SH2D2A,brain_amygdala,brain_nucleus_accumbens_basal_ganglia,0.5949582782315554,4.477851904438933,0.5654283211222781,0.03530991780130646,5.7275357924913e-05,0.7805680003878944,0.421053376494337,0.2833431273818333,0.16654481282731695,0.09689932892020367,0.05839026378486054,0.03689438167932742,0.0213297633078819
6,SH2D2A,brain_amygdala,brain_putamen_basal_ganglia,0.5310984903452065,4.366490121607649,0.5499501626669772,0.04350582262925548,9.321433908302871e-05,0.746055901772325,0.3922811602849275,0.2285370988647482,0.1381398833571064,0.08394534330876274,0.05474365049601484,0.03615167932382002,0.02096292637930048
6,SH2D2A,brain_amygdala,brain_spinal_cord_cervical_c-1,0.5287611699304533,4.245945297094857,0.4497364931894703,0.12634226546064778,0.00019225156345666002,0.9614821350067041,0.4150087476232015,0.2691064897154208,0.18242236062792924,0.12279816194771531,0.05602225067463096,0.04676325995849154,0.02453218397383146
6,SH2D2A,brain_anterior_cingulate_cortex_ba24,brain_caudate_basal_ganglia,0.5958192335752062,4.438491541565197,0.6365474348082085,0.052016046386128965,9.254204247173346e-05,0.7596478531907052,0.42438740983060574,0.23802618697367123,0.12221771098918406,0.095830691522483,0.05778446921099136,0.03282790004711404,0.02008592565160222
6,SH2D2A,brain_anterior_cingulate_cortex_ba24,brain_cerebellar_hemisphere,0.5730768797809178,3.68319592583982,0.5637591379022421,0.03866119748029098,7.75070169987949e-05,0.6888939171242354,0.42433801248018527,0.18560272807457712,0.12319229781945426,0.08647617511234777,0.0563154025194465,0.035074623776693244,0.0190840573852745
6,SH2D2A,brain_anterior_cingulate_cortex_ba24,brain_cerebellum,0.5790261438729246,3.6265808707392937,0.5804689475821465,0.0372119409000881,5.744523753752001e-05,0.7689603235158353,0.41698102108618773,0.19365365260431017,0.1264471501548346,0.0780913167501764,0.04908154566510538,0.033896395408356664,0.01889127649192424
6,SH2D2A,brain_anterior_cingulate_cortex_ba24,brain_cortex,0.7167791365702172,3.415974264341981,0.741496710033002,0.03647640221244784,7.440249164983209e-05,0.9577872206253433,0.38550718408403284,0.25226583798310565,0.11883577673085635,0.08928512452413619,0.059082713776016524,0.03771404583139328,0.0190198181039267
6,SH2D2A,brain_anterior_cingulate_cortex_ba24,brain_frontal_cortex_ba9,0.7657797380232257,3.4961269407400737,0.8003467338115439,0.01485709794430086,5.070066708613648e-05,0.9122949184995559,0.4731518318530153,0.23134294797239613,0.12335727972979596,0.09349033473397148,0.06522116651036454,0.034632001211433436,0.02220002904562566
6,SH2D2A,brain_anterior_cingulate_cortex_ba24,brain_hypothalamus,0.6166165063517337,4.062686423585686,0.7624946578198046,0.10495791221430462,0.00011055031644775495,0.8759173927666882,0.5223258474018924,0.2529937479416453,0.15375716512344295,0.10246109565578462,0.070353215695129,0.04027010231090208,0.02413716693061768
6,SH2D2A,brain_anterior_cingulate_cortex_ba24,brain_nucleus_accumbens_basal_ganglia,0.6209444354865848,4.468448392519156,0.6921532260490979,0.03555978220067492,6.797935810136022e-05,0.7958541458308053,0.4168635114240227,0.24639424753957923,0.14274767848450473,0.09560840080395062,0.060536080616344703,0.03885680038158438,0.021130302229577902
6,SH2D2A,brain_anterior_cingulate_cortex_ba24,brain_putamen_basal_ganglia,0.5426350174394923,4.43709317282209,0.5068772656594491,0.07610701102015391,0.0001288788968871,0.7014782433198165,0.4124745616032097,0.21108609156705263,0.11683937512640925,0.08338003673397501,0.05890535688768418,0.036397447334551455,0.02126003690138348
6,SH2D2A,brain_anterior_cingulate_cortex_ba24,brain_spinal_cord_cervical_c-1,0.5301454604139385,4.316412272589231,0.4708043323997003,0.2672946530366823,0.00020827209493544,0.9126572480589481,0.36177917874394894,0.2739983787997408,0.15505105159388147,0.108468778379658,0.07164624173206709,0.04439444175309466,0.02589835085718658
6,SH2D2A,brain_caudate_basal_ganglia,brain_cerebellar_hemisphere,0.5447733930198094,4.177112884017653,0.5520245123796352,0.134694871182231,0.0001689129189025486,0.7165301819113454,0.5409997638982953,0.1976586281601158,0.11549307408151357,0.09085202268081286,0.04865693548024186,0.03125931853384008,0.018638039806604563
6,SH2D2A,brain_caudate_basal_ganglia,brain_cerebellum,0.539280888113409,4.261385130235963,0.5157358618689782,0.1084710716644971,7.879637767738083e-05,0.8704996007262574,0.4312708363151633,0.21436617210339665,0.1336857724106697,0.07662567062785466,0.047116445566164976,0.028582439458235437,0.01762296469988416
6,SH2D2A,brain_caudate_basal_ganglia,brain_cortex,0.5263075338199746,4.567752719022212,0.5911138935813449,0.0286845769225881,6.6361372714123e-05,0.7438233969614788,0.3642831278048049,0.2515780145521461,0.13261842161370987,0.09320263423774736,0.052414115172376284,0.03201264149280602,0.01855358517980016
6,SH2D2A,brain_caudate_basal_ganglia,brain_frontal_cortex_ba9,0.6167316964713719,4.2576183191581425,0.6315778388287422,0.02612417104824396,0.00010957996835300457,0.7220185188227997,0.483798729961942,0.21423066278117991,0.1393828420118407,0.09505990518156673,0.054567365137405476,0.030722552796705098,0.021288675277575
6,SH2D2A,brain_caudate_basal_ganglia,brain_hypothalamus,0.5769318401429706,4.51117038747727,0.6857351196987702,0.05723484302533436,0.00015213102642193187,0.8427364441415159,0.5733238208321879,0.2599562459868804,0.16107764743134562,0.11597324010430196,0.06212962266671286,0.03706413004360728,0.021223579516968842
6,SH2D2A,brain_caudate_basal_ganglia,brain_nucleus_accumbens_basal_ganglia,0.7020180796838213,3.837278530256951,0.6748535408223697,0.050571285252663946,0.00010352968789830903,0.9771502160903258,0.4458816166069971,0.24833997973403377,0.15652973924197386,0.10078816643586541,0.05349466455198976,0.03514269765450746,0.019062599824875938
6,SH2D2A,brain_caudate_basal_ganglia,brain_putamen_basal_ganglia,0.8416538609709538,2.847488472411493,0.8413258513016271,0.03471289461928882,0.00014584383226445575,1.380015668157259,0.4556512093618167,0.25512744479687866,0.13847979276804664,0.09175128007501582,0.05304970303763894,0.030835794091849677,0.01863566976806682
6,SH2D2A,brain_caudate_basal_ganglia,brain_spinal_cord_cervical_c-1,0.5253083128925503,4.293203511012328,0.47399496949253467,0.17335996725914538,0.00013783615180894154,0.8555427729904247,0.43257849386080116,0.2811859540057176,0.14602983322415458,0.10905391374950002,0.06036407820217993,0.03553914084368442,0.02329446061260462
6,SH2D2A,brain_cerebellar_hemisphere,brain_cerebellum,0.7415876738240047,3.024696904171781,0.6725638408459051,0.051736192890915224,0.0001354377297761769,1.1359509912769403,0.6852854470438732,0.20690770764552374,0.12229099981499177,0.07416947950109536,0.04375422639765014,0.031137867349400845,0.0157076560778093
6,SH2D2A,brain_cerebellar_hemisphere,brain_cortex,0.4875706560714951,4.238762166147578,0.4692178587504511,0.08089366048757406,0.00011661545553415386,0.6572054969915244,0.404981987242072,0.19538357516997426,0.1325402523837727,0.08260055544254784,0.05111048241862802,0.03526203338564764,0.01671871591461608
6,SH2D2A,brain_cerebellar_hemisphere,brain_frontal_cortex_ba9,0.5624272497477838,3.9329705604153125,0.5209863132821836,0.054197591841546724,7.629230013710302e-05,0.7242309731825994,0.43012496813902024,0.18191596637933605,0.12533708472079413,0.08983915519131613,0.05676682139218518,0.034805935745326,0.01923319059887628
6,SH2D2A,brain_cerebellar_hemisphere,brain_hypothalamus,0.5251331729623003,4.319803421726948,0.49577896849248687,0.2059578050285175,0.00013731014054928,0.8841261504640796,0.5020633528620262,0.2126641211027947,0.157944229575131,0.09940473677470066,0.06246526320987056,0.03551632625021438,0.0219263624455886
6,SH2D2A,brain_cerebellar_hemisphere,brain_nucleus_accumbens_basal_ganglia,0.5206263429879253,4.451395471833211,0.5201438821049724,0.08398135674502358,0.00012170545009588568,0.590701541453017,0.4398449560040499,0.20298350161801543,0.1365257541089847,0.0863175172574171,0.05042794605379978,0.03373958769892264,0.01928097209327078
6,SH2D2A,brain_cerebellar_hemisphere,brain_putamen_basal_ganglia,0.4820025182883613,4.140543524025982,0.48929454390225774,0.15585896106218422,0.00013349242798326003,0.6720951208065531,0.41493429965971484,0.1798151818660648,0.11378028242387714,0.07905429276633633,0.05401553056237326,0.03189551851366346,0.0193351873960401
6,SH2D2A,brain_cerebellar_hemisphere,brain_spinal_cord_cervical_c-1,0.46942382655156917,4.311916249040008,0.3836351787643828,0.21678186395392487,0.00021274480146432,0.7269068909505754,0.45595033463889595,0.21988977570915624,0.16712132803329405,0.10098147328326434,0.057402084885158855,0.03853064635404676,0.022392688472393618
6,SH2D2A,brain_cerebellum,brain_cortex,0.5254576262087178,4.086778275536471,0.5768991607086311,0.042970116142856576,6.0286649932049726e-05,0.7549026809780714,0.4390950853394022,0.2162419444119929,0.1334105607343769,0.07759410011163716,0.05014827744501558,0.03489578138737774,0.01570786341102296
6,SH2D2A,brain_cerebellum,brain_frontal_cortex_ba9,0.5253232674430315,4.087887952168482,0.5296271745761882,0.05375794160557392,6.019303168772641e-05,0.6335476266084287,0.42405174237106147,0.19031048766436492,0.132683418150636,0.07895722306803742,0.04964518402748538,0.033638613349380245,0.01849307436623748
6,SH2D2A,brain_cerebellum,brain_hypothalamus,0.5365490627145523,4.309927469153239,0.5570493050255716,0.21074038409841855,0.00013289902392000916,0.8433957348438981,0.5753723499991115,0.24245604232337667,0.1625970029407126,0.09275398628877943,0.053282422310877195,0.03736547932335444,0.01994867560050368
6,SH2D2A,brain_cerebellum,brain_nucleus_accumbens_basal_ganglia,0.5475647986621424,4.27613997586499,0.5715356206976423,0.08808767599461949,0.00010011699738302331,0.730862392723673,0.4348458668138367,0.21313476970125983,0.1532656949380235,0.0808267617493325,0.046350273134719164,0.0335326753338355,0.01848083463312862
6,SH2D2A,brain_cerebellum,brain_putamen_basal_ganglia,0.5004279216891907,4.181495577720156,0.4751554814302564,0.12202431373143803,0.00010427431818529868,0.8640506796432879,0.37818705270682795,0.19519921627852316,0.1338532801990399,0.06963430613540575,0.045865314823675216,0.03012376265123558,0.01927436553067266
6,SH2D2A,brain_cerebellum,brain_spinal_cord_cervical_c-1,0.4711887905927612,4.532930750008683,0.36836837627395547,0.1806357506648183,0.00017878468730902,0.8033605597629088,0.46245927868383213,0.23925074830793874,0.16739640288430369,0.09853300540408522,0.052398737711266574,0.03691578484957778,0.021911389348190598
6,SH2D2A,brain_cortex,brain_frontal_cortex_ba9,0.7888896173071547,2.967701135548298,0.75346831512329,0.0389552232174417,0.00011754501710136373,1.0666514424545417,0.42387358102109146,0.23336911093036386,0.14042546761472371,0.08884716330024925,0.055243419242192005,0.035860513855689016,0.01938841771444918
6,SH2D2A,brain_cortex,brain_hypothalamus,0.5024298995200792,4.561695132736462,0.6281483226459148,0.08840441094231626,0.0001482116361499251,0.7330472127237353,0.4226485505610295,0.25177765249720474,0.165155085257812,0.10398979372086495,0.0587963471169652,0.04303971134639304,0.02138210235509204
6,SH2D2A,brain_cortex,brain_nucleus_accumbens_basal_ganglia,0.5104629117453969,4.746784838341599,0.41284809783144844,0.0382511512408012,6.892088990628473e-05,0.6580153539613167,0.3401203079429966,0.23938567659226515,0.14877061272909084,0.09505027977939165,0.0556390310129693,0.03807611163020236,0.01934667043392716
6,SH2D2A,brain_cortex,brain_putamen_basal_ganglia,0.47534449568234766,4.705749595440156,0.4745703743143926,0.026729945255408262,5.653758298767008e-05,0.6364884548447352,0.3475867441569856,0.23769136782517625,0.12831622511348167,0.08325093220670358,0.050667978789248024,0.03422247056255562,0.0205452963962878
6,SH2D2A,brain_cortex,brain_spinal_cord_cervical_c-1,0.4771347511267961,4.469781283235673,0.4156735017176679,0.1594319232775136,0.00017464286000262,0.7890572513077541,0.3903710324691544,0.27664587483197,0.14593938446496532,0.10727347794093171,0.060230656036555884,0.04253126329627394,0.02303913346041834
6,SH2D2A,brain_frontal_cortex_ba9,brain_hypothalamus,0.5828003166516599,4.454648335638906,0.6701566763595046,0.05862620755261312,7.836391322431593e-05,0.8327025086505685,0.5325140782869827,0.23675324853426744,0.1643046057630704,0.10555789941670601,0.06640379003140698,0.03759730245230836,0.02591739571640782
6,SH2D2A,brain_frontal_cortex_ba9,brain_nucleus_accumbens_basal_ganglia,0.5966804781877653,4.483856659525879,0.6379171327775787,0.02331205234830226,6.509595980016957e-05,0.770741797106553,0.410266920784024,0.2112355588783496,0.14988868676482653,0.08944938194688892,0.0622201585419472,0.0367389543017382,0.02252628550103504
6,SH2D2A,brain_frontal_cortex_ba9,brain_putamen_basal_ganglia,0.5719784284820537,4.169134428701787,0.5364707117012566,0.03725595991329912,0.00012170928328972899,0.6885074093408702,0.434677830323526,0.19350086740396527,0.13819121665158912,0.08107840214280994,0.05351711751526002,0.03523554511272916,0.02261051902672272
6,SH2D2A,brain_frontal_cortex_ba9,brain_spinal_cord_cervical_c-1,0.508251242979481,4.5084692900847765,0.4325352534837804,0.21597910118653524,0.000198875617702,0.8248046506994744,0.38719814658827273,0.2606500795553651,0.15013614698630456,0.11491621948001499,0.06449655963828219,0.041043679402257616,0.02730955838990734
6,SH2D2A,brain_hypothalamus,brain_nucleus_accumbens_basal_ganglia,0.6801793272148757,3.6320612047907384,0.6841091249261062,0.0723622835675964,0.0001365357133149173,1.26739890875117,0.49649250534367945,0.26144908919654364,0.1941893279045444,0.10935264635635755,0.0625015641878675,0.041045082871874486,0.02455625016309058
6,SH2D2A,brain_hypothalamus,brain_putamen_basal_ganglia,0.5219011500177966,4.406431444046876,0.597888907278973,0.05003375680042038,0.00011228474341646001,0.8063821793227698,0.5200162383329415,0.23328278002447855,0.15001960746337556,0.10235396188081988,0.06080114322497486,0.03983904184677386,0.023755377277744162
6,SH2D2A,brain_hypothalamus,brain_spinal_cord_cervical_c-1,0.589546008174582,4.072662323028811,0.5345020374835875,0.24257857459420049,0.00025545924476586,1.4403812370100497,0.5065471252426288,0.29017200851358926,0.18447282926660374,0.13246219372754517,0.0759367034449972,0.04706946102771612,0.027436237841886417
6,SH2D2A,brain_nucleus_accumbens_basal_ganglia,brain_putamen_basal_ganglia,0.6228284483526224,3.755841270883932,0.5182341431244282,0.05906836745941256,0.00017088702934002002,0.8812379246799074,0.4378511651663546,0.21721553471626662,0.1429063756650399,0.09003560004970582,0.05312857694406142,0.0389120386353598,0.02003096922357272
6,SH2D2A,brain_nucleus_accumbens_basal_ganglia,brain_spinal_cord_cervical_c-1,0.5784567059299384,4.331996426280131,0.4933041221621048,0.35819377928796203,0.00017004986474452,1.1750644278327862,0.40957151230328587,0.30383266843747253,0.16512839118595832,0.11396762780910938,0.059790779146471164,0.04614425246821626,0.025596356479164317
6,SH2D2A,brain_putamen_basal_ganglia,brain_spinal_cord_cervical_c-1,0.4818707228849033,4.298091515368858,0.4375323223660052,0.14122962720027618,0.00013588033176022,0.81214422768782,0.42155962034341743,0.24379824923908106,0.14811559663053384,0.0889578672735272,0.06132271331457088,0.039130764636967165,0.02595438291810372
7,JAM2,brain_amygdala,brain_anterior_cingulate_cortex_ba24,0.6061430536368083,3.0584509283399335,0.6496226666933619,0.07936907175965711,0.00010565997869723702,1.828565839319032,0.6786787245580154,0.376187453745037,0.2173050459049227,0.14066700907778457,0.09546744969337155,0.03572423670432468,0.02188118639538512
7,JAM2,brain_amygdala,brain_caudate_basal_ganglia,0.33009520009694204,4.271985272212379,0.2789193251457802,0.1022124120604501,7.35483942798281e-05,1.0369836807620576,0.46293227753771965,0.2851187874447584,0.2002210760029016,0.12510464853265765,0.0920204030982351,0.04255129638599442,0.02535405802404414
7,JAM2,brain_amygdala,brain_cerebellar_hemisphere,0.2988206704213777,4.455293550131602,0.41624735893210946,0.07794133309048182,7.48676490616509e-05,0.8516049105842052,0.44860928045653575,0.24871220553291082,0.15975825823340478,0.11575599124876616,0.08185425036410367,0.03921551976683244,0.019594819014131522
7,JAM2,brain_amygdala,brain_cerebellum,0.36072456828043126,4.16170842360519,0.426148504007304,0.11263384957937941,0.00013360358210764558,1.3161248110136659,0.506570301713942,0.2821497767627371,0.178762551227846,0.11822577197244125,0.08010343815161161,0.03727510797197448,0.019881513743820682
7,JAM2,brain_amygdala,brain_cortex,0.507754176129388,3.9929290723876756,0.4936281992957984,0.10228609419639786,0.00014995631731082234,1.5772173824510147,0.5732037004056973,0.31411207730479423,0.1875835341117182,0.13736451589105317,0.09051686546994711,0.03651416386431196,0.02174982627372566
7,JAM2,brain_amygdala,brain_frontal_cortex_ba9,0.5056994945145898,3.8468998144245377,0.42374130923015085,0.222714270920628,0.00026241115876294,1.4699853240610699,0.5122814555988346,0.3251044315470438,0.2041299998597435,0.14333922523036507,0.08394531931024286,0.03920228982410728,0.02317198234487606
7,JAM2,brain_amygdala,brain_hypothalamus,0.4637287654078096,4.09578819108561,0.4239572671850425,0.08267656470230215,0.00011367623255102888,1.1666025705712315,0.4978338679610387,0.36854525097734303,0.2571933769988913,0.14671022528138467,0.10102743708119381,0.04234051166118326,0.026644414704362202
7,JAM2,brain_amygdala,brain_nucleus_accumbens_basal_ganglia,0.41928310677475045,4.072039279436946,0.3472955719922939,0.04938726923390158,6.677719127594082e-05,1.335661423096663,0.6207168798746858,0.3645698993250542,0.23493703750415204,0.15805961001978036,0.10314465805135856,0.04209623216494468,0.024592086509241738
7,JAM2,brain_amygdala,brain_putamen_basal_ganglia,0.3802124206481273,4.237467744332946,0.3613967134492714,0.1017725251223395,7.451836558697367e-05,1.2383021329909445,0.5784071255251106,0.3087967376575138,0.20396253334218492,0.12940290594949982,0.09186989845626474,0.04315541009528554,0.02583621502866858
7,JAM2,brain_amygdala,brain_spinal_cord_cervical_c-1,0.43433129606975,3.862253527590313,0.3656580111980054,0.0441882976206467,5.035211905269616e-05,1.5344714021274337,0.5013995728519368,0.35423152805593316,0.23639205371226546,0.15524215069931802,0.0984012579396,0.04422250233724472,0.023752898482076103
7,JAM2,brain_anterior_cingulate_cortex_ba24,brain_caudate_basal_ganglia,0.3154941512205293,4.877083074253667,0.2715523178071762,0.0744039660704188,9.689869488436909e-05,0.6632896805294453,0.45609897180149445,0.2778285804133847,0.20152906209578939,0.12603987563142638,0.08204517389198512,0.0387177145490822,0.02416796826556742
7,JAM2,brain_anterior_cingulate_cortex_ba24,brain_cerebellar_hemisphere,0.34948767204260184,4.601911675246812,0.4336873656405322,0.10602708639288332,8.104343447856001e-05,0.8658770849568489,0.4827409193569302,0.23955949539363663,0.16462322211602892,0.1197418059408772,0.07632437792098677,0.033693967826767215,0.01854790306348708
7,JAM2,brain_anterior_cingulate_cortex_ba24,brain_cerebellum,0.36506856660399717,4.292911316423316,0.47943346248134733,0.12629148737931975,9.033672655337267e-05,1.0782910955089422,0.5054302683352868,0.2439507853101422,0.18736125709786358,0.1289936541829944,0.07208256335481468,0.0352030614596129,0.0187271636689375
7,JAM2,brain_anterior_cingulate_cortex_ba24,brain_cortex,0.6237663174136804,3.380501399917496,0.6957318079020851,0.12603155534349733,0.00019692920841004151,1.5114596891226135,0.5805149229661358,0.33383426943817096,0.19207425689039478,0.1245294262629377,0.0855055891679804,0.03565435727329002,0.02028903172170672
7,JAM2,brain_anterior_cingulate_cortex_ba24,brain_frontal_cortex_ba9,0.6877432489625551,3.0385940787099313,0.6705733325270885,0.17181133507508012,0.00031905440421591523,1.6153215913520427,0.6096631900467612,0.3208329395209816,0.22442080097260458,0.14370115642404765,0.07356734243489016,0.03588682799959634,0.02091095908919386
7,JAM2,brain_anterior_cingulate_cortex_ba24,brain_hypothalamus,0.512060485083927,4.213437581638567,0.7167038153487977,0.057860584606497144,6.617054169287401e-05,0.9185436758800993,0.49362154173465667,0.34615674711134636,0.2446464355042997,0.14999483182390005,0.09534547876837518,0.04445582680622664,0.02332323571956072
7,JAM2,brain_anterior_cingulate_cortex_ba24,brain_nucleus_accumbens_basal_ganglia,0.4140257372051591,4.467786545626372,0.5650193957266672,0.04019792229917782,9.053907029791752e-05,1.0307460810088582,0.5471860011619174,0.35986309691275953,0.27023804251999184,0.14468261000309118,0.09634651476653058,0.03930282859026358,0.023318573099067257
7,JAM2,brain_anterior_cingulate_cortex_ba24,brain_putamen_basal_ganglia,0.35584216967550564,4.834293024615041,0.4544623362444694,0.06564424076269988,8.357171300188632e-05,0.7841579008121796,0.5031425168247586,0.3136577928758387,0.23250619327152097,0.12839936886458797,0.0774997230982428,0.04061062520508918,0.02312826798650358
7,JAM2,brain_anterior_cingulate_cortex_ba24,brain_spinal_cord_cervical_c-1,0.42607648162121486,4.2791140479701415,0.5432520103111838,0.06360821146515996,0.00013660898048879994,1.065271669954988,0.5145839791934943,0.3466046805378399,0.21767327372428014,0.1348213616086686,0.09971525759460645,0.04426920749272088,0.02166502370159416
7,JAM2,brain_caudate_basal_ganglia,brain_cerebellar_hemisphere,0.26874432525741376,4.62982959201724,0.2534961984247624,0.08959238405539655,5.5652695785612884e-05,0.8484145096720705,0.39376863194786693,0.22676678620822868,0.1547321124325715,0.10938972104945906,0.07516593765700433,0.03889805233011972,0.02003410882435736
7,JAM2,brain_caudate_basal_ganglia,brain_cerebellum,0.2882918249805687,4.556369902261375,0.24276503881425934,0.12194030521302361,7.99565073096571e-05,0.9126505830985904,0.48718632129941347,0.24284083897101566,0.17085352178219268,0.10561143666152348,0.0748673372385534,0.039394103272853004,0.02066231421436314
7,JAM2,brain_caudate_basal_ganglia,brain_cortex,0.36648958213566185,4.412827658195876,0.30368778606209934,0.1344973859796748,0.0001415866570225422,0.9048748562748049,0.5428298242795252,0.2540797484253009,0.16993490896260172,0.11458133218222341,0.08311860796812276,0.03846114193851828,0.02378294388964288
7,JAM2,brain_caudate_basal_ganglia,brain_frontal_cortex_ba9,0.3758983103037889,4.251021809766323,0.3143027005405116,0.06380325704979925,8.306760991230416e-05,0.8991154634456521,0.495996046659178,0.24965683696868513,0.19168429311829413,0.11949020545998675,0.07840915223378916,0.03980118199330212,0.02456299053134412
7,JAM2,brain_caudate_basal_ganglia,brain_hypothalamus,0.456179711777294,4.009536696846037,0.5050620370723237,0.19983049508290934,0.00010462472038660275,1.3424131317527543,0.5817383705408581,0.287844276061516,0.2338804501349651,0.11800496998363805,0.08762982494608969,0.04638539583058162,0.0287314950840477
7,JAM2,brain_caudate_basal_ganglia,brain_nucleus_accumbens_basal_ganglia,0.536243247788913,2.7024380289570424,0.407893742846544,0.10651146143016384,9.778993115541804e-05,2.2941328905426506,0.738008309847539,0.2963443092630283,0.22309808640689294,0.12890103364141,0.09449352872586696,0.03998871266758322,0.026383052117793637
7,JAM2,brain_caudate_basal_ganglia,brain_putamen_basal_ganglia,0.8288074125223531,1.962875211885342,0.7955855126889231,0.0594396632478615,7.756549482342038e-05,3.799170044708633,0.8288179473550932,0.2922642532618951,0.19844022140167825,0.11299759464639147,0.0799522990869931,0.03970038939701128,0.026458613213106462
7,JAM2,brain_caudate_basal_ganglia,brain_spinal_cord_cervical_c-1,0.4362006063470374,3.7231809043763433,0.43442838294819114,0.13296660495694748,7.06594562899536e-05,1.7252717019038157,0.540052159885976,0.28806148069611537,0.20695597897332912,0.1412438486138215,0.092538434149347,0.04537490443155874,0.024348684702421658
7,JAM2,brain_cerebellar_hemisphere,brain_cerebellum,0.5472283231088971,2.441072567780715,0.5025711185840005,0.11839205052178806,0.0001599120825517322,2.0054724617194646,0.9302204456766685,0.23925384564749685,0.14775831012488344,0.10876969317488339,0.06704963497544354,0.03266409464960154,0.0152944654633602
7,JAM2,brain_cerebellar_hemisphere,brain_cortex,0.348459318005093,4.189293265540372,0.3884655550796229,0.0983413303148862,0.00012739770998129626,0.8965640934338739,0.42071154036074637,0.19680166493877896,0.1565890239215915,0.11728810986167296,0.07094403410466048,0.03432840375338494,0.0179013272199602
7,JAM2,brain_cerebellar_hemisphere,brain_frontal_cortex_ba9,0.3573392699485917,4.725138478301217,0.406813946963977,0.12812485483265162,0.00011190283730636922,0.9071673127377974,0.44929343117748777,0.24237708139728126,0.1580050857422193,0.12234882912156149,0.06796259645537386,0.0355758741349171,0.01899863646602968
7,JAM2,brain_cerebellar_hemisphere,brain_hypothalamus,0.415565650185474,4.0998330225911905,0.4373783500912703,0.04474882720112186,6.472441010322793e-05,1.1178026586472867,0.4934848198092509,0.29114943017727674,0.1795768755154874,0.12776685861742082,0.08496278716254987,0.03917930933238116,0.02028962624791924
7,JAM2,brain_cerebellar_hemisphere,brain_nucleus_accumbens_basal_ganglia,0.3353336434558537,4.054771950306682,0.2579104447383739,0.07566529807052154,5.13380592017855e-05,1.1645887642750306,0.49843836873939373,0.2747823781181217,0.1700437135954199,0.12777478118519778,0.08387718149589556,0.0386304538601897,0.02047312044924434
7,JAM2,brain_cerebellar_hemisphere,brain_putamen_basal_ganglia,0.30514714227077017,4.381690208111969,0.21682956278675108,0.06497456418134104,4.393228717100292e-05,1.0120395334967367,0.43060869607716323,0.2608933024633383,0.1544180434258645,0.11795546729756198,0.07170241415427539,0.04069746265787718,0.01938107969285556
7,JAM2,brain_cerebellar_hemisphere,brain_spinal_cord_cervical_c-1,0.32809532734835456,4.2704584112646575,0.37762993350323343,0.08538766974185565,5.0881954080357486e-05,1.0333795590274315,0.5023305602513142,0.26497806222076614,0.17146963953103106,0.11969712975801058,0.08458192925101729,0.03991947865826482,0.01914397303771008
7,JAM2,brain_cerebellum,brain_cortex,0.4152565884924916,3.5356107123516565,0.37763974030963415,0.08556427444841633,9.036901977028207e-05,1.4470087306172208,0.49189438101518546,0.21415814928515026,0.16184426934714863,0.11788702375400598,0.06929333738837126,0.03464706275545576,0.01808227816329286
7,JAM2,brain_cerebellum,brain_frontal_cortex_ba9,0.37193966947206863,4.4158328996695655,0.4118996724401643,0.10956484006510876,9.111739971940157e-05,1.070281456914689,0.4945535550700176,0.22917959246211805,0.17751206791601706,0.11305208375979467,0.07235106707093046,0.03682057636506792,0.01899719359034128
7,JAM2,brain_cerebellum,brain_hypothalamus,0.4282832632163626,4.05805512419059,0.45910526281215375,0.12422587933985559,0.00013044631283419964,1.4080556467049878,0.5298981592490896,0.2954259540792636,0.20219659864738695,0.12465938004358039,0.08235348963306241,0.04247719896781152,0.02076410424553354
7,JAM2,brain_cerebellum,brain_nucleus_accumbens_basal_ganglia,0.34568416871428986,3.8803639255933646,0.40113176695705055,0.1698105261458131,0.00012770856723418001,1.2407411740486176,0.6029078374973217,0.2773287316415091,0.178633856817004,0.13824956602958,0.08379565105611858,0.03787723456333032,0.02060433187703454
7,JAM2,brain_cerebellum,brain_putamen_basal_ganglia,0.3386975773963393,4.256060667927123,0.2666429106517326,0.09764801707379674,8.466787450404009e-05,1.231359386507044,0.507364729806559,0.2646090249360892,0.1581123205527016,0.11516315942371584,0.0719585095453918,0.04038371425212906,0.01954344692911578
7,JAM2,brain_cerebellum,brain_spinal_cord_cervical_c-1,0.40737610683561754,3.9686690494028753,0.4784224465734823,0.12437043339722006,6.27329767908619e-05,1.66167017293133,0.6441659403253726,0.2862680932100579,0.18429428947849474,0.1280120075221534,0.0803911770025964,0.04230093968320216,0.01916328595123592
7,JAM2,brain_cortex,brain_frontal_cortex_ba9,0.7261817023100804,2.97144898076194,0.664280604695904,0.08211955674887886,0.00015478185288380988,1.6632346569680447,0.6077893759085706,0.31626287072685855,0.18086554857680012,0.1221056765543054,0.08174286367879896,0.036391131881992375,0.02011220146550732
7,JAM2,brain_cortex,brain_hypothalamus,0.5431890713432537,4.469874729665321,0.633671359238064,0.10323320777422491,0.00015449241352242312,1.0508651444571042,0.49994276953715105,0.3238254537129269,0.2015893351338284,0.1312618806700892,0.0888742441116568,0.04409561499050258,0.02351689763280184
7,JAM2,brain_cortex,brain_nucleus_accumbens_basal_ganglia,0.4172276360566431,4.5902186025298,0.5316678079038697,0.11989265019225873,0.00015300875961582995,1.034007148998781,0.6073715239689337,0.3415304237597501,0.2016734271031498,0.14009838582413986,0.09527653411078986,0.04069264997735764,0.02263193128423874
7,JAM2,brain_cortex,brain_putamen_basal_ganglia,0.43143254225440864,4.321895397668335,0.4358294639691306,0.09705819092529087,0.00012027734729418221,1.1405300281452295,0.5910767179168874,0.2897239533560316,0.17564945372680366,0.11744031249894489,0.0811414314210812,0.0401955637414538,0.02328356696989594
7,JAM2,brain_cortex,brain_spinal_cord_cervical_c-1,0.4760714804632415,4.213617099385455,0.5828535426026018,0.057992112159010525,7.254408259639309e-05,1.4860286765895796,0.5275960806186583,0.30466482859091315,0.19222824781016876,0.1332372867144107,0.08899121546503909,0.0440199888680318,0.02160837361658046
7,JAM2,brain_frontal_cortex_ba9,brain_hypothalamus,0.5460336681823053,4.207380969323639,0.5369234907372141,0.09954629541297279,9.009484666060779e-05,1.0404892342036374,0.47041547829299135,0.3209187390928615,0.2373667915819838,0.14921924015678933,0.08007099536325338,0.045231703433199676,0.02491371921077294
7,JAM2,brain_frontal_cortex_ba9,brain_nucleus_accumbens_basal_ganglia,0.417879346637834,4.477528837436281,0.4331260818230742,0.08678647654034848,9.922391476220709e-05,1.0563615009427327,0.5502416883888387,0.32479567480334476,0.24479772162958646,0.1496317169543839,0.08404826844046652,0.04149098224145548,0.02360367432143608
7,JAM2,brain_frontal_cortex_ba9,brain_putamen_basal_ganglia,0.42433927066138766,4.241085004514015,0.48690619118969314,0.03763590680751626,6.018580105747968e-05,1.0702847155514865,0.5108590384779739,0.2883260881197114,0.21649030062886684,0.12445441704092394,0.07438285502462791,0.04208371753116938,0.024364474748053623
7,JAM2,brain_frontal_cortex_ba9,brain_spinal_cord_cervical_c-1,0.4568183828105094,4.278361156053557,0.41095834067138626,0.06191667831136773,8.85369793553051e-05,1.1760763025097811,0.531715504133588,0.29395548473722655,0.2097420243268789,0.13817085201149087,0.08529722287855572,0.04537316789961168,0.02274427316524224
7,JAM2,brain_hypothalamus,brain_nucleus_accumbens_basal_ganglia,0.5234137110371611,3.6927369092873574,0.6189295208380038,0.061580652097370715,4.208656650118559e-05,1.4590981969660899,0.6602133015359785,0.36948386135253386,0.28600473526352865,0.14770403615564726,0.10933097970411602,0.04557391248731474,0.02822711880457384
7,JAM2,brain_hypothalamus,brain_putamen_basal_ganglia,0.521461466232868,3.9225134655266998,0.6945308545103122,0.12144259954190591,5.840176443744279e-05,1.5695129451758993,0.6381167942787288,0.3325194834991441,0.24708776587877307,0.1292823370901764,0.08300900379505027,0.04982259344327114,0.027622284019514658
7,JAM2,brain_hypothalamus,brain_spinal_cord_cervical_c-1,0.5589612311869802,3.4820611889580477,0.5579805569117242,0.045380643836025095,6.212844172137261e-05,1.7539407793086692,0.5185830643566771,0.38315039320077743,0.2497441980286656,0.1519889239898873,0.10772409370228468,0.052814453781662066,0.025866209407494983
7,JAM2,brain_nucleus_accumbens_basal_ganglia,brain_putamen_basal_ganglia,0.5706300770795802,2.8152734264278143,0.4736106898114941,0.049239169272088164,4.51636126116486e-05,2.392138280722219,0.8335818130525705,0.32875034972169215,0.24849778363621788,0.12791548697737393,0.09286328436011562,0.040899741388816725,0.02646654647001772
7,JAM2,brain_nucleus_accumbens_basal_ganglia,brain_spinal_cord_cervical_c-1,0.4738072147892388,3.38116130065148,0.4185542711210168,0.0335183912255759,5.159539239508079e-05,1.8197218815158789,0.6039761169908991,0.3567547312116349,0.2499896782442675,0.1733605273247138,0.10598817628154662,0.04576726495231116,0.024349165339401
7,JAM2,brain_putamen_basal_ganglia,brain_spinal_cord_cervical_c-1,0.45391962834526145,3.9062811220405322,0.44224521089190094,0.06953532009497587,5.725140283014829e-05,1.7461376721053816,0.5618209488566946,0.3233050324225707,0.21753483862816103,0.13160083550965684,0.09267736154229397,0.04838500177131166,0.02406514784518378
7,SH2D2A,brain_amygdala,brain_anterior_cingulate_cortex_ba24,0.7364287358158463,3.379086926698682,0.7093641251341647,0.03693646949281792,0.00013640264929889212,1.1727436177705683,0.5107611777705461,0.2510656701743979,0.19222148141834794,0.10126864908291747,0.0666058885864656,0.03479047113974848,0.02447996421058488
7,SH2D2A,brain_amygdala,brain_caudate_basal_ganglia,0.5958551735387924,3.79569653716295,0.6687573569965352,0.02394394850116536,7.278362566989308e-05,0.7859059692374235,0.35500859269282736,0.22363335357109557,0.14330413815582985,0.11237343844509817,0.07205480861156119,0.03906960395755824,0.02299400739636178
7,SH2D2A,brain_amygdala,brain_cerebellar_hemisphere,0.4330623859778666,4.322190004909109,0.46606692951797546,0.03948373091146478,0.0001471535364693863,0.5512446010217247,0.2855157054597154,0.18963436184537927,0.13572047696131523,0.08361488883552266,0.05674759281520212,0.03253966402149454,0.023640092715804483
7,SH2D2A,brain_amygdala,brain_cerebellum,0.45648741457508163,4.417236630613774,0.4451379291209429,0.028794090661598583,0.0001027794410935608,0.5395967202054873,0.32509964692934123,0.18062536220287145,0.14301854543593348,0.08969668469064743,0.049123694694551134,0.03202027838278926,0.02284323566677494
7,SH2D2A,brain_amygdala,brain_cortex,0.5540585574807307,4.3125197193133715,0.6029932182365548,0.02370693196779646,9.599728069955923e-05,0.6306273082856857,0.3455714453916182,0.24705766183900635,0.15954066810817277,0.09990917836901551,0.05311783149043516,0.03710783073781882,0.02237465406675892
7,SH2D2A,brain_amygdala,brain_frontal_cortex_ba9,0.567015890927441,4.141934044338015,0.5385856183677882,0.02999162144446234,9.526102764187804e-05,0.7004836402951155,0.33541469304908006,0.24566370654306993,0.153375019998307,0.09951744679381322,0.0694429547755128,0.03512027261780622,0.02389331686902772
7,SH2D2A,brain_amygdala,brain_hypothalamus,0.5724205043248338,3.599061788283305,0.6502342790374946,0.033128145965419,0.00013165453410613628,1.1111714712597156,0.49389507271888977,0.25316782189591935,0.20092866504042523,0.12422017087672385,0.08086789237563562,0.04076479923830314,0.028074331258390338
7,SH2D2A,brain_amygdala,brain_nucleus_accumbens_basal_ganglia,0.5939866538911892,3.889887589194238,0.5529887883269099,0.03684666603478676,0.00010767590987795312,0.9159190330991887,0.4698469775582995,0.2833567670753205,0.16859156100062805,0.12254266569885361,0.07596749615866064,0.03819510967424318,0.02597319796622194
7,SH2D2A,brain_amygdala,brain_putamen_basal_ganglia,0.5375927274138923,3.830995140459181,0.6505287598585309,0.032289541042968085,0.00010132758370450831,0.7515992816585577,0.35299940695196697,0.21663800276406522,0.15912870379733424,0.10296966227612132,0.07524020360972294,0.038786674376699484,0.0248153766495976
7,SH2D2A,brain_amygdala,brain_spinal_cord_cervical_c-1,0.49909980364951173,4.174624466631139,0.5112688724529656,0.09327851136490176,0.00029680981774536,0.8338897698100748,0.4285016467955679,0.2911053520719967,0.18668644497820078,0.12521536052061147,0.08799470003434298,0.0433436368944885,0.02679579785006276
7,SH2D2A,brain_anterior_cingulate_cortex_ba24,brain_caudate_basal_ganglia,0.6205750215314959,3.754238781346641,0.6053225165455017,0.024902302696541662,8.50194130032996e-05,0.7421173936172052,0.31521603782390856,0.21261940062853935,0.12917211804019396,0.09165487498576039,0.06333524763579315,0.0375843526751311,0.02207014889898558
7,SH2D2A,brain_anterior_cingulate_cortex_ba24,brain_cerebellar_hemisphere,0.4818466249829655,4.365379375225834,0.49558885949687514,0.031237215728641944,0.00010678989885773466,0.4777902926672022,0.29266893880927497,0.1888629885476092,0.13070495448936767,0.074017286698478,0.04686333390791346,0.032604215007754636,0.022625573518817322
7,SH2D2A,brain_anterior_cingulate_cortex_ba24,brain_cerebellum,0.4896428826096277,4.395217069640623,0.46350351546641966,0.025486359060550662,0.00010037872698151644,0.47083669535694017,0.2860238991147455,0.1850455953283651,0.13236342400011492,0.07907322227267356,0.044146398396367005,0.02879452123914002,0.022631502032769958
7,SH2D2A,brain_anterior_cingulate_cortex_ba24,brain_cortex,0.7182826850666026,3.55493245043858,0.6545727523561352,0.028778531630969238,0.00010155668731724388,0.77116607750324,0.34248723359314787,0.24822535969581355,0.14225981192373527,0.08656851792749634,0.04927274535819376,0.0341608445777507,0.021110548741293818
7,SH2D2A,brain_anterior_cingulate_cortex_ba24,brain_frontal_cortex_ba9,0.7738087666935731,3.253646635711557,0.7906800108045904,0.0131733152457741,4.9283919802603436e-05,0.9366281213797473,0.36635488325262744,0.22453199063493984,0.15000505883370285,0.08704331646800693,0.0619044560847154,0.032693908672404744,0.02202607119731606
7,SH2D2A,brain_anterior_cingulate_cortex_ba24,brain_hypothalamus,0.5841605467794133,3.5360962427017446,0.5417529515189334,0.05175428372126638,0.0001802882345020759,0.9894792259627849,0.3792612903005092,0.23808929788131428,0.18320505226330627,0.10103213371415501,0.0708487750455056,0.03727398531183024,0.0269362006685728
7,SH2D2A,brain_anterior_cingulate_cortex_ba24,brain_nucleus_accumbens_basal_ganglia,0.6099678750469882,3.833801826527884,0.6383057309672042,0.015878400507823458,7.512655027386688e-05,0.8170904334116873,0.382366473091161,0.238801944813983,0.16135566882425584,0.09097647834356434,0.0670446205832496,0.036310584072795284,0.02498611062460154
7,SH2D2A,brain_anterior_cingulate_cortex_ba24,brain_putamen_basal_ganglia,0.5754496881108722,3.6961179533479145,0.539931176381985,0.03790352934503416,0.0001239325728980812,0.7767404133971736,0.3105359999403726,0.21279931109884762,0.13838548396519706,0.08934605142927779,0.0626773739101992,0.0363897947307215,0.02388184605332064
7,SH2D2A,brain_anterior_cingulate_cortex_ba24,brain_spinal_cord_cervical_c-1,0.4960907118379786,4.148579443312544,0.4366104493710864,0.09601713587713721,0.00027559038040862304,0.726929892766352,0.3689470664853799,0.23486549767359693,0.17760779433266924,0.11284152828724958,0.07236507476527801,0.03926944365963802,0.02704474081559578
7,SH2D2A,brain_caudate_basal_ganglia,brain_cerebellar_hemisphere,0.46778548934004743,4.358616409191228,0.4632141512158162,0.05044326948515924,0.00016520171372449494,0.4922075756684472,0.2422502071852874,0.17423222330071095,0.11731131761424138,0.08882207760206459,0.048834084924170976,0.03498578251387728,0.02161951241200722
7,SH2D2A,brain_caudate_basal_ganglia,brain_cerebellum,0.5059656434410382,4.302756433307398,0.49424928088221415,0.0445677563600738,0.00014144417462660144,0.504680137788142,0.2647311177558066,0.1629455943678079,0.11192773669369313,0.09006637886014317,0.04973822698075298,0.03104882472935654,0.020825372398923257
7,SH2D2A,brain_caudate_basal_ganglia,brain_cortex,0.5660047764057949,4.343716951618185,0.5873118813417181,0.02355435926438468,9.871089895873914e-05,0.5341371932210045,0.27887346905136395,0.20809931377578378,0.11615771095273726,0.09344364797947384,0.05939512612276106,0.03697667528713176,0.0216602180921468
7,SH2D2A,brain_caudate_basal_ganglia,brain_frontal_cortex_ba9,0.5802059150374138,4.2605249212800995,0.6219431242753586,0.024785096579262943,8.391708290895926e-05,0.5589809584701151,0.2919077049371975,0.20723082198766693,0.11139686126360884,0.09465046510757527,0.06974360498879659,0.036952957142728934,0.02200312810345096
7,SH2D2A,brain_caudate_basal_ganglia,brain_hypothalamus,0.5165441234539483,3.8446659242344468,0.5486343698204555,0.0236675375850048,9.816158967217437e-05,0.8576820860499422,0.3207679053887394,0.23513196485665752,0.13981641246585846,0.10900773471873038,0.07985273887932161,0.04104980367640354,0.025457605133348438
7,SH2D2A,brain_caudate_basal_ganglia,brain_nucleus_accumbens_basal_ganglia,0.6035322718659872,3.6254178426475447,0.6472398419440294,0.0307463410680457,9.7852245100893e-05,0.8495073004706057,0.3416852759513633,0.20290605272096776,0.1410689986068831,0.1045736104026748,0.0650006591539957,0.04183061443981046,0.02463106748770144
7,SH2D2A,brain_caudate_basal_ganglia,brain_putamen_basal_ganglia,0.8484742588122323,2.9885304063455282,0.8398678281305589,0.02677515177678464,0.00010505187261300016,1.5655166630980974,0.35969702242267065,0.20027606733645334,0.1328745868142785,0.0937539411349269,0.0707897872021381,0.03860128136965904,0.021822997542055363
7,SH2D2A,brain_caudate_basal_ganglia,brain_spinal_cord_cervical_c-1,0.48110536389481845,4.306469743047602,0.42511664697812607,0.0960959210973939,0.00030460707829041997,0.6905516175234705,0.38807645083365805,0.21231755126962462,0.1568953875559978,0.10809776427637692,0.08593675000725189,0.04506404417344576,0.028111006747493162
7,SH2D2A,brain_cerebellar_hemisphere,brain_cerebellum,0.7308449419755515,2.8495470874259636,0.6523768235488658,0.03178772568539126,0.0001259968250269039,0.9925912311112921,0.37568207912909835,0.18634625510270758,0.10294716030105919,0.07983012998100339,0.041266664923378375,0.02876592542078994,0.01861412475731116
7,SH2D2A,brain_cerebellar_hemisphere,brain_cortex,0.5102367208894885,4.341299847888897,0.40864824777402087,0.031330406399787056,9.656447731337313e-05,0.468025294517241,0.3107734972829001,0.1712688770164514,0.11069981447038199,0.08102180342020776,0.04660033452786966,0.03145595129340832,0.02033531531286618
7,SH2D2A,brain_cerebellar_hemisphere,brain_frontal_cortex_ba9,0.520793044659132,4.227258352108453,0.47744273415121363,0.0391862191719918,0.0001332576920198441,0.4872927201638815,0.2893393605326466,0.18475033740455443,0.12009837252738273,0.07942272005941338,0.049657885944005775,0.031021976109577843,0.0220879507003204
7,SH2D2A,brain_cerebellar_hemisphere,brain_hypothalamus,0.4353997727936213,4.098665379410579,0.47935985903521344,0.0632131443486065,0.00018249549769033265,0.5869055400855633,0.31004777680931206,0.20751960440961895,0.13776159437100052,0.09493148769988649,0.04961250876166882,0.034295573264855064,0.027562207794296002
7,SH2D2A,brain_cerebellar_hemisphere,brain_nucleus_accumbens_basal_ganglia,0.4295190965780861,4.432576085104829,0.4263176199809357,0.050107846284624856,0.00021008717742820046,0.42744073798120563,0.3038319942710194,0.17834231489784058,0.12050992184617063,0.08548758555981784,0.0494920604701195,0.03612179868570456,0.024086118270509542
7,SH2D2A,brain_cerebellar_hemisphere,brain_putamen_basal_ganglia,0.4590089133277764,4.266583096866453,0.3381006577563565,0.05492802193163334,0.00019514028974509224,0.5366753111861213,0.26245819727553077,0.1817299851382532,0.12223759655121572,0.0845457139756095,0.048462268289752544,0.03394298484111606,0.02290007603488422
7,SH2D2A,brain_cerebellar_hemisphere,brain_spinal_cord_cervical_c-1,0.4665758115726913,3.885574513592089,0.40244887180481026,0.10655143162496725,0.00030764305889088,0.703605411790478,0.343280574907208,0.21059782631318447,0.13644250945722886,0.1034770113444532,0.057262532519499774,0.03912673634290948,0.025808908059211783
7,SH2D2A,brain_cerebellum,brain_cortex,0.5264422046574768,4.48968735730146,0.49617703907916944,0.02377887486120272,8.295807955418418e-05,0.4478684136223835,0.34915495717504175,0.17269755520062488,0.11041672188768425,0.08140541065575538,0.04322762810626324,0.028775192056248438,0.020250730400963778
7,SH2D2A,brain_cerebellum,brain_frontal_cortex_ba9,0.5020947475810867,4.464542510773189,0.5178530002960896,0.029876773963072263,0.00010499756917701315,0.43786712217850454,0.28827657633641113,0.17299242598714284,0.11209116441520099,0.08170102506478413,0.0462914739422689,0.02930379064156336,0.02128257224854424
7,SH2D2A,brain_cerebellum,brain_hypothalamus,0.4533032746982559,3.95694186935742,0.4378198537019332,0.06226775783624925,0.00018501544469192002,0.6027448764746984,0.3809681579109907,0.18130128882707308,0.129990486887539,0.09629023559655754,0.0500185040411227,0.0330576731462041,0.02473791929876
7,SH2D2A,brain_cerebellum,brain_nucleus_accumbens_basal_ganglia,0.44679100344323397,4.280402776027623,0.49339305247132603,0.040276657512770736,0.00014695906607910627,0.45452640504028247,0.3120952418581515,0.1658850141215802,0.12510018650551483,0.08451941465980661,0.04952805895196582,0.03328508035965846,0.02265010593403542
7,SH2D2A,brain_cerebellum,brain_putamen_basal_ganglia,0.478180379404529,4.22775646094329,0.38241385651292087,0.04039350605131716,0.00013038820026701816,0.5367570414714221,0.29469409007053216,0.1604364669861928,0.10999925157311408,0.08654236838164683,0.051279081720462485,0.0327850335656515,0.020779833753392502
7,SH2D2A,brain_cerebellum,brain_spinal_cord_cervical_c-1,0.46798032223658337,4.018118878310572,0.4302714051226751,0.06465427297770276,0.0002058750680186977,0.7337302811726204,0.3680906242505353,0.18912923820197347,0.13679659939865668,0.09552181232425135,0.05811719431778264,0.03640384187946054,0.02384949244409314
7,SH2D2A,brain_cortex,brain_frontal_cortex_ba9,0.8392204344853704,3.3401062984383167,0.7898613039904946,0.03949282409394874,0.00012455474558418,0.9452652601725944,0.35479191823891304,0.24103786000064006,0.1352679626989021,0.09256297441377066,0.05668738471266138,0.0327267164037518,0.020061235805718718
7,SH2D2A,brain_cortex,brain_hypothalamus,0.4991210215698437,4.268265440074923,0.5508854914108786,0.03663604566302194,0.00012175717451743423,0.6221481441986763,0.34650452479014043,0.22450492201886885,0.1609581076747843,0.10102572393382078,0.05769812512585326,0.040573754086454715,0.02421915463903384
7,SH2D2A,brain_cortex,brain_nucleus_accumbens_basal_ganglia,0.5256416098213851,4.481686195997068,0.45623598244779345,0.02835974057874252,0.0001318870830748285,0.5154404523243901,0.3199967965892504,0.22271033194063244,0.13471922566529937,0.09195442794242656,0.052701905170781535,0.0366473664855943,0.023299801840752598
7,SH2D2A,brain_cortex,brain_putamen_basal_ganglia,0.5207886633669696,4.126986484152143,0.548498682511877,0.019264944486990638,7.656840679623071e-05,0.5837073534857042,0.2866066204596619,0.2030891071144807,0.12328754168042728,0.09142117989302394,0.0532284043085416,0.03761563742908996,0.02154429437835248
7,SH2D2A,brain_cortex,brain_spinal_cord_cervical_c-1,0.4918521650045367,4.409696175003406,0.49042052903864447,0.07411297975777234,0.00020780826028829027,0.5810842661977613,0.40349238655897723,0.23176032080830514,0.152116584405382,0.10559249694408308,0.06517639416144425,0.04098433428432868,0.023871205151521118
7,SH2D2A,brain_frontal_cortex_ba9,brain_hypothalamus,0.5110393708077259,4.149510506708576,0.5142280280954201,0.031413603737246,0.00012143111099660684,0.6950684432081244,0.31158099628725144,0.2480201425692027,0.14894972328443462,0.10345939341550026,0.07188087556863272,0.03925257129217482,0.025156681769598798
7,SH2D2A,brain_frontal_cortex_ba9,brain_nucleus_accumbens_basal_ganglia,0.5346972099401655,4.525298985808144,0.5589213302190934,0.01507385653283524,5.4686734401987036e-05,0.5383007065299805,0.3117456156550114,0.23382099318948163,0.13520380003339583,0.09546633422130779,0.06503055782706721,0.0358932297524213,0.024124533462125
7,SH2D2A,brain_frontal_cortex_ba9,brain_putamen_basal_ganglia,0.5700326685241709,3.931370036448173,0.5674190248385109,0.03369668976961558,0.0001078002557272549,0.6801446474408996,0.29347989246841144,0.2146756275353945,0.12031052043716088,0.08971968262999681,0.06311496474474003,0.0365401883211315,0.02271227791216176
7,SH2D2A,brain_frontal_cortex_ba9,brain_spinal_cord_cervical_c-1,0.5071261820086258,4.275406556075016,0.40450212515833606,0.05824933874437188,0.00018073721412796,0.6511658260449436,0.36874712088212924,0.23610156662898954,0.1586953644067522,0.11076375813472486,0.0742636211731432,0.0411352669105862,0.025848715190052357
7,SH2D2A,brain_hypothalamus,brain_nucleus_accumbens_basal_ganglia,0.5632333392465337,3.5916315197810453,0.4680470626848215,0.05628003842739794,0.00025107213645588947,0.9701832364854329,0.42683397773480414,0.2499103136253013,0.17841106941805215,0.11335106869211953,0.08097472281206201,0.042084545671631376,0.029064246471695542
7,SH2D2A,brain_hypothalamus,brain_putamen_basal_ganglia,0.4589274279097844,3.8846910978425755,0.4860448553053841,0.03891063926986142,0.00015110395294431637,0.787255867831448,0.3270322810391856,0.2164013203917258,0.15794514345047717,0.10293822582352093,0.08290693263728088,0.04042780277725124,0.02800603480591578
7,SH2D2A,brain_hypothalamus,brain_spinal_cord_cervical_c-1,0.5041823410042018,3.7463732213903524,0.5066874162204199,0.07010697535478642,0.00021479673190915832,0.9825856696085719,0.4202688510711809,0.27959682548646747,0.1851737323678142,0.12261021967546801,0.09751191189660355,0.04608586430290082,0.03186955315702828
7,SH2D2A,brain_nucleus_accumbens_basal_ganglia,brain_putamen_basal_ganglia,0.5457820461186099,3.67932224816334,0.48244252604820037,0.04544767614893482,0.0001585441981561999,0.8116979489750943,0.3529469737377909,0.19938527715686694,0.15523756628992297,0.09537687545919875,0.07076121830007889,0.04152631968725756,0.026318940335716003
7,SH2D2A,brain_nucleus_accumbens_basal_ganglia,brain_spinal_cord_cervical_c-1,0.45852168289999407,4.644139035305868,0.4393954974495607,0.09827666089545654,0.00035597914072086,0.5972012068053826,0.4172049976152786,0.2500800537900295,0.1855617397327241,0.11641899019432397,0.08074751961526382,0.04908915845530616,0.029415148998498543
7,SH2D2A,brain_putamen_basal_ganglia,brain_spinal_cord_cervical_c-1,0.4639357430353289,4.105853938824697,0.3798795427047941,0.09294662173646225,0.00028344164577464,0.7455650023071163,0.37156117982140024,0.22743703994262746,0.17140225278686744,0.11296766949504689,0.07571866894122367,0.04513870003684588,0.027490611906286877
8,JAM2,brain_amygdala,brain_anterior_cingulate_cortex_ba24,0.6286785424047158,2.7806282586142195,0.7025509626336934,0.05669623453998314,7.404008344511567e-05,2.1348126680517083,0.6461201222648738,0.4040304190412624,0.2525436179169466,0.11527643861322807,0.06892179442312174,0.04981319009749646,0.031626850902162315
8,JAM2,brain_amygdala,brain_caudate_basal_ganglia,0.35907619623404313,4.103383997139569,0.2625528956716785,0.12755115042457343,9.746663436997866e-05,1.0085019651778908,0.519717338599637,0.34334454454224306,0.19372360052775622,0.12304133544365077,0.07151428554046924,0.04556417196579014,0.02776054647512382
8,JAM2,brain_amygdala,brain_cerebellar_hemisphere,0.3118448116454201,4.059329078986457,0.29084266894816774,0.10488025126749463,6.861281899092776e-05,1.040087406810351,0.47445270558929103,0.3226212148778252,0.2009168673039199,0.12720726833674467,0.05809185172871044,0.044853702570619255,0.02703205906840702
8,JAM2,brain_amygdala,brain_cerebellum,0.3578543266755601,4.179275414488906,0.3865688603262861,0.17829209409188398,0.0001480134579118409,0.9695613703041662,0.5322573668416315,0.33883040912404655,0.20978860719024653,0.12006990082283049,0.06079188381770172,0.04177840168373924,0.02649440755336132
8,JAM2,brain_amygdala,brain_cortex,0.5325952672642666,3.4483397813577126,0.493691650152231,0.15159053432683467,0.0001327517507859086,1.7832697904770896,0.5818125395519641,0.3562946394022178,0.22070158802236933,0.12762792555847552,0.06354528915123157,0.04405003506309612,0.02926752145035138
8,JAM2,brain_amygdala,brain_frontal_cortex_ba9,0.4957831165142955,3.547141201864097,0.39926728818864865,0.2223068398301431,0.00019485767295033336,1.4996691677200276,0.5267942695620473,0.35529628832412996,0.23588524091430427,0.13152475981490455,0.07196737333206135,0.04425026204777726,0.02903458636984918
8,JAM2,brain_amygdala,brain_hypothalamus,0.5353915007030755,3.3311743367383473,0.4899910283176977,0.061778045092895764,8.233229375144035e-05,1.7674248537541029,0.6240622574128454,0.3689306277407432,0.24827492482615138,0.14722526783315626,0.08316760011602564,0.0527920694888163,0.029859813688182503
8,JAM2,brain_amygdala,brain_nucleus_accumbens_basal_ganglia,0.4413305243568152,4.011133192096305,0.4916767396514806,0.05142291990504384,7.80675566635301e-05,1.2388147078168688,0.6902070879555655,0.43019001177561267,0.2659286243544903,0.14492070535190474,0.08310452740197456,0.047605510700882245,0.028325861397342278
8,JAM2,brain_amygdala,brain_putamen_basal_ganglia,0.3883521835353904,4.017536446800806,0.33827081706652107,0.100521114144869,6.312906789469873e-05,1.1511103498320938,0.5790442829975728,0.3607230613722823,0.21798849536123419,0.12390485363560995,0.07623887554881537,0.04218754910033854,0.026760405630748458
8,JAM2,brain_amygdala,brain_spinal_cord_cervical_c-1,0.48688265905788397,3.3480858272327922,0.4003793663467931,0.08279383571160295,5.5169393864610956e-05,1.8276177348774951,0.5615319986509995,0.39178377534753484,0.26909721857800845,0.15036137190234933,0.07327360308210769,0.05244382063376378,0.03347098679967618
8,JAM2,brain_anterior_cingulate_cortex_ba24,brain_caudate_basal_ganglia,0.344954573497266,4.147546894440635,0.2534849352702709,0.1340031040433201,0.00013350175740530764,0.9318621799734803,0.3888283437745349,0.30777899655709345,0.18125637811187728,0.11054699828030945,0.0619202134627664,0.0439164261566556,0.02580228227525124
8,JAM2,brain_anterior_cingulate_cortex_ba24,brain_cerebellar_hemisphere,0.3483619988700101,3.9561103857696325,0.4754970184868158,0.11925962300117732,0.00012371219716560535,1.087328966149245,0.5123549252921453,0.32704977596318335,0.19008730319187378,0.10558490161068852,0.05319488384249702,0.04159560747149646,0.02534655807517682
8,JAM2,brain_anterior_cingulate_cortex_ba24,brain_cerebellum,0.4083697149170026,4.064907681277133,0.523172741794827,0.17335004339054425,0.00014396158734497947,0.9839395432991693,0.613586175298582,0.3236644824342267,0.18979961005532103,0.10934054725283855,0.053173936661632434,0.03836068726524008,0.025317483964168257
8,JAM2,brain_anterior_cingulate_cortex_ba24,brain_cortex,0.6217621613673433,2.688495331084426,0.6518020492540848,0.17846710382070627,0.00016270432685100677,1.8311543553587213,0.6086173559024626,0.36143670238126985,0.22489381061177185,0.10920818107186639,0.058169576273860844,0.0392848079572419,0.02703039082268844
8,JAM2,brain_anterior_cingulate_cortex_ba24,brain_frontal_cortex_ba9,0.6693893225808757,2.6129395334945125,0.6407578619551837,0.26734100135602124,0.0002994066877127002,1.9953135780076685,0.5672804578257736,0.39626547131973117,0.23129651233884757,0.10281513168688261,0.062493386234704365,0.0392248322278624,0.027273268188333623
8,JAM2,brain_anterior_cingulate_cortex_ba24,brain_hypothalamus,0.4808317631593054,3.599944333165187,0.5098091614687601,0.09884070704604392,0.00011148225179989356,1.3674287104811058,0.5336489128831795,0.3448711090820604,0.22894568915404792,0.11949583641884809,0.07021681916500258,0.04823881001934556,0.030238307200224118
8,JAM2,brain_anterior_cingulate_cortex_ba24,brain_nucleus_accumbens_basal_ganglia,0.41975105644865895,3.942958521574288,0.4808356826260166,0.08889844366398926,0.00010052860843521256,1.1754323638160784,0.5483849492175012,0.35026232177443456,0.259855581768207,0.12437907606613255,0.0720795436519306,0.0457471146922111,0.026536045933278178
8,JAM2,brain_anterior_cingulate_cortex_ba24,brain_putamen_basal_ganglia,0.37794434815749056,3.9263452363162608,0.3909953228938476,0.08724336619857398,7.530200348354806e-05,1.096245829987117,0.44366496239871556,0.31105611979509984,0.19488839823769996,0.12013494858685583,0.06193108662032008,0.03984463927524258,0.025429751451831423
8,JAM2,brain_anterior_cingulate_cortex_ba24,brain_spinal_cord_cervical_c-1,0.4596805339408129,3.6465905856343754,0.6305341851834425,0.09142658838208455,6.492947845453047e-05,1.5361220226778998,0.510511301594484,0.3979825271949121,0.26462835562033504,0.12844915493386838,0.06147693047503834,0.04731137679213012,0.0321926875207322
8,JAM2,brain_caudate_basal_ganglia,brain_cerebellar_hemisphere,0.27236871467711554,3.9736849654331556,0.22355931060953238,0.05996975937199996,5.021223220404859e-05,1.0557583112802404,0.3647805308470127,0.25314753014546376,0.16164098492475673,0.10933763378128425,0.051729528610621654,0.03835812687238294,0.023028118189488737
8,JAM2,brain_caudate_basal_ganglia,brain_cerebellum,0.2893211909566464,4.345153188950378,0.35082037824517276,0.0766569371647849,6.448793174141264e-05,0.8147170452710366,0.4057647379684955,0.2967033732834199,0.15988986577686992,0.10390842136080451,0.04894890655090646,0.03838611231552086,0.0237515574796102
8,JAM2,brain_caudate_basal_ganglia,brain_cortex,0.35916162395749757,3.9006369154459835,0.30778905315978755,0.1201716792555216,0.00013951905873963287,1.0115588134664741,0.42137497877046676,0.32032654946907274,0.16771581803331476,0.1131953051675156,0.05703203583596864,0.038558393310927565,0.024957333417471538
8,JAM2,brain_caudate_basal_ganglia,brain_frontal_cortex_ba9,0.4224545034565811,3.514770730207098,0.41930337782854643,0.056819700657632775,5.6930140651223414e-05,1.4635085498400278,0.39305008479636766,0.30473178510908683,0.17399676343883,0.10863388133176488,0.06900652626908887,0.03673786970214144,0.024841187696887264
8,JAM2,brain_caudate_basal_ganglia,brain_hypothalamus,0.39017389644229855,3.706904203293997,0.28906855177495283,0.0956203614675471,8.223748891183987e-05,1.238482490819239,0.46593328200587764,0.3416523038340557,0.20381083719672302,0.12693025792189452,0.06848372535603774,0.04527015554991786,0.025605118596445098
8,JAM2,brain_caudate_basal_ganglia,brain_nucleus_accumbens_basal_ganglia,0.5084132653706617,2.6792160817848973,0.3771312320312451,0.09658674369140434,9.893148426482262e-05,1.9697173717443408,0.6417754862595151,0.3656190467145325,0.20172898531570632,0.1230667964886071,0.06704481061581978,0.04074768153679736,0.0238866292053716
8,JAM2,brain_caudate_basal_ganglia,brain_putamen_basal_ganglia,0.7913009720471311,1.8845442664950578,0.7749469300477341,0.06670706614626008,7.179418961485727e-05,3.456128144688307,0.7634238965469802,0.34737508351032964,0.19184348209724297,0.1111298450718797,0.06803342632531503,0.0367830367214392,0.022079019209570498
8,JAM2,brain_caudate_basal_ganglia,brain_spinal_cord_cervical_c-1,0.3899252973697622,3.4732081330928217,0.3885978679076154,0.10911343455472522,9.699845493284363e-05,1.4773799326294947,0.5011123376808662,0.3223891348691638,0.20025443728036801,0.13238979931573996,0.05836475281775977,0.0444611795775599,0.02826951173948522
8,JAM2,brain_cerebellar_hemisphere,brain_cerebellum,0.5625219774407088,2.643519912635435,0.5332007414054876,0.1229014146774606,0.00014983731658736526,2.0085358036347136,1.071008413179283,0.27759094861093503,0.15312000216932195,0.11325304988409128,0.0437921773458092,0.03368161607125412,0.023111550156233982
8,JAM2,brain_cerebellar_hemisphere,brain_cortex,0.29483282459936333,4.206662084461244,0.33703286913502,0.11099977856324303,8.092707771001875e-05,0.8583531297901998,0.399222745294157,0.2809460477364346,0.1662346143604444,0.11630277778487479,0.04874514537258642,0.03826694558434508,0.02429397115045036
8,JAM2,brain_cerebellar_hemisphere,brain_frontal_cortex_ba9,0.34802633898413543,3.8864559320517835,0.43949223983933133,0.11326696546747561,0.00011178089699956251,1.190449077551873,0.4324183913110762,0.3095122639184729,0.17039950426078476,0.10913166204243505,0.05526032750500261,0.038623782790258,0.023686011460786797
8,JAM2,brain_cerebellar_hemisphere,brain_hypothalamus,0.322993443096805,3.8439920697068692,0.34410361125473105,0.05203446650640418,3.761963918990939e-05,0.9069006178817964,0.49917066802683074,0.32698873404057194,0.18159377096839008,0.128877945218045,0.06098554590630175,0.04301810161886496,0.02481763280120136
8,JAM2,brain_cerebellar_hemisphere,brain_nucleus_accumbens_basal_ganglia,0.2750732026231023,4.304443789183047,0.30673318042333875,0.0580762394566138,5.850358736227231e-05,0.9396628695371987,0.38945992333723567,0.3178641336523797,0.20216165964504876,0.11882046016031667,0.061360872120060236,0.03898724141217208,0.02466288030234818
8,JAM2,brain_cerebellar_hemisphere,brain_putamen_basal_ganglia,0.29340990032875347,3.912351021606564,0.32611254399797757,0.0379814387010463,3.6531012963179886e-05,1.18257422326481,0.3897766136781798,0.2714514306294018,0.17190214782784735,0.11224609058247151,0.05293402790707258,0.03684642719224788,0.02249550839729318
8,JAM2,brain_cerebellar_hemisphere,brain_spinal_cord_cervical_c-1,0.31590024467861877,3.781940435954734,0.4493350333296207,0.05363243208089889,5.29779222440048e-05,1.2592903193948914,0.4399569831026584,0.3181781720224556,0.19881715147567433,0.143998954199074,0.05233859936039892,0.04274271996183108,0.02885632610690934
8,JAM2,brain_cerebellum,brain_cortex,0.3968634892424225,3.95542372960062,0.41283572006890745,0.14127407914973486,9.859754463671438e-05,1.016215824170515,0.5284629029788832,0.2983992059041274,0.1791539785742622,0.12092474171416474,0.0496153212383494,0.03345773107307154,0.02528381592588664
8,JAM2,brain_cerebellum,brain_frontal_cortex_ba9,0.38216102996336787,4.137502874075012,0.5485926238018131,0.11310997186949738,8.835885296099008e-05,0.9764484064171457,0.502271669424247,0.3006261757966323,0.1738490373613883,0.11184806201911071,0.0543103284033179,0.0364184941811035,0.023369377424682862
8,JAM2,brain_cerebellum,brain_hypothalamus,0.37118014317134035,3.8662761031384165,0.35170968001312153,0.10324771396075086,7.242327325295745e-05,0.9844609653693237,0.5441789788079952,0.31639141482473104,0.18519959228096342,0.1248308248070985,0.05734171011917148,0.040619476369875604,0.02598925911371148
8,JAM2,brain_cerebellum,brain_nucleus_accumbens_basal_ganglia,0.31744713203908825,4.361777592785292,0.433815529981293,0.12673232970686735,9.692985634618913e-05,0.8452089266520553,0.4947434504343976,0.3542141325353588,0.20398664551793905,0.11794038897914402,0.05581010028547704,0.037804545249362956,0.02489666791031126
8,JAM2,brain_cerebellum,brain_putamen_basal_ganglia,0.31786081241285363,4.32891309424457,0.4436719588542207,0.07385682782597548,5.7416420956020944e-05,0.9615659442055312,0.4470301211792555,0.31458824784788675,0.16841585383705354,0.11005550143166527,0.049384570837991096,0.03588079296858926,0.023611310425512
8,JAM2,brain_cerebellum,brain_spinal_cord_cervical_c-1,0.35496622100371084,3.974288151571109,0.4800541277017885,0.10147755374573257,7.823908069251859e-05,1.0574160758832787,0.5888915045188046,0.29354815050344013,0.20064163923493195,0.13339156437268773,0.04942031600687314,0.04014922213216932,0.0286201462395136
8,JAM2,brain_cortex,brain_frontal_cortex_ba9,0.6995993865527762,2.3516539228643882,0.7006593411141415,0.12676901825391662,0.00015373131958501372,2.1468531257446712,0.5481882157413233,0.33183010950130754,0.2062415516863715,0.11833073321486567,0.05918192970027536,0.03538291673147061,0.024859794926266998
8,JAM2,brain_cortex,brain_hypothalamus,0.4972108994017976,3.7988372191828788,0.5359041866308122,0.2029985210432602,0.00011472858111633024,1.6136171004147695,0.49807570939115087,0.34758323749143455,0.20122834276483675,0.12998543760454534,0.06431814821649759,0.04178108132231612,0.02840028274483942
8,JAM2,brain_cortex,brain_nucleus_accumbens_basal_ganglia,0.4145474888670879,4.158476901007832,0.5156116796846856,0.13047144971525335,0.00011482786627465393,1.1408840817361157,0.5857227354475228,0.36241434806566264,0.22468207968173853,0.12666844977648778,0.0677202478794279,0.04135303835808538,0.02456956481353558
8,JAM2,brain_cortex,brain_putamen_basal_ganglia,0.39670868542698906,3.7677090457869036,0.4549622198922686,0.11776302324840641,0.00010524383278865792,1.1580596513012769,0.4802446728722726,0.3291799233994289,0.18226030355583736,0.11947100828614954,0.05851226848502232,0.036301935550116196,0.0238237619504838
8,JAM2,brain_cortex,brain_spinal_cord_cervical_c-1,0.4397955712656737,3.933240771342587,0.5382460993595982,0.09198473653386527,8.661785087081552e-05,1.4414542748664818,0.5869552496744725,0.33963280031581294,0.2286613132243855,0.13719412944487583,0.05908151820867902,0.04303192573221032,0.0287222009714918
8,JAM2,brain_frontal_cortex_ba9,brain_hypothalamus,0.44243340870276454,4.010281437908764,0.4075878960453717,0.21464288271010715,0.0001495908274458527,1.1628669825804832,0.5010925712347201,0.3487136436149439,0.20612260735582605,0.13233979191627712,0.07602287738155812,0.03998777744161936,0.027693699324180344
8,JAM2,brain_frontal_cortex_ba9,brain_nucleus_accumbens_basal_ganglia,0.4389108504199739,3.867689023773063,0.3963765479428811,0.16878593792404784,0.00011439159395919965,1.346472367585776,0.4955447330956556,0.38906636351386137,0.23770059235993313,0.12445938262008024,0.0754641453870386,0.0392235494676793,0.025691520856263778
8,JAM2,brain_frontal_cortex_ba9,brain_putamen_basal_ganglia,0.4612641861082475,3.208129758110148,0.4476946497103233,0.09249407593430292,6.408883480270793e-05,1.6207747871585834,0.4315902581543529,0.32204063567129493,0.19294965500608502,0.1149492978225842,0.06787746102952694,0.03406429082742006,0.02401164407223286
8,JAM2,brain_frontal_cortex_ba9,brain_spinal_cord_cervical_c-1,0.43534371482525885,4.034440199085106,0.41543556995907754,0.11038248209864118,9.072152959446634e-05,1.4730741295388503,0.503311384470483,0.3643700979703021,0.22738769079259785,0.1349425360214081,0.06503253870055527,0.043826153149892785,0.029919937159016217
8,JAM2,brain_hypothalamus,brain_nucleus_accumbens_basal_ganglia,0.5077711311909179,3.4687524229642563,0.48735975261276765,0.020602617839983278,3.5329092924722076e-05,1.7305292283262,0.5974591727995492,0.40199475887975866,0.23209497623942266,0.15448359700762263,0.08388443488926121,0.045046063966468756,0.026871620689034703
8,JAM2,brain_hypothalamus,brain_putamen_basal_ganglia,0.4090722254635032,3.7732026683719524,0.3418503214875658,0.06963146441993247,6.283347772307572e-05,1.2565288402957133,0.5309582606176761,0.3626575391629232,0.21477118709803794,0.13531375334706777,0.07542079086327812,0.041214811330636335,0.025902475914847338
8,JAM2,brain_hypothalamus,brain_spinal_cord_cervical_c-1,0.49355832137628275,3.1708067359579717,0.5226340146419524,0.058833814690448835,5.6360413055795726e-05,1.8368469757150265,0.6183708221257264,0.35150272410587063,0.23905787238009707,0.16287355815634585,0.06987962584493264,0.051760830529590095,0.031376912286536364
8,JAM2,brain_nucleus_accumbens_basal_ganglia,brain_putamen_basal_ganglia,0.5256744108028808,2.803680112711934,0.4179762148682739,0.05034405221619296,5.945429254936587e-05,1.9104561630727641,0.7017555161940086,0.42398973538184376,0.2099714962497199,0.1295205531767705,0.07180484318515537,0.03796158390783684,0.022700017194656842
8,JAM2,brain_nucleus_accumbens_basal_ganglia,brain_spinal_cord_cervical_c-1,0.4828413046437685,3.167538148282052,0.5047730067505245,0.04780355579562952,6.222342297818255e-05,1.98989877480803,0.5943290159459813,0.40362587516601156,0.26243491440426775,0.1581514162080998,0.07077849178191417,0.04683435749121722,0.028769273914427518
8,JAM2,brain_putamen_basal_ganglia,brain_spinal_cord_cervical_c-1,0.43553803343525843,3.483568825713351,0.5110892457608011,0.05064269678944748,4.371350060587211e-05,1.8188754205568785,0.5395642466238394,0.34056006536128336,0.22863926998371512,0.13964374889905254,0.06279916927619884,0.041242001046371976,0.02659374511672356
8,SH2D2A,brain_amygdala,brain_anterior_cingulate_cortex_ba24,0.647699384115643,3.1247980036304854,0.6041561804705697,0.01163754143141368,0.00010881608892075777,0.673969309869358,0.28420083838026494,0.1405804828104997,0.1101243306272913,0.059876982925322994,0.03510771082557416,0.025593736225004982,0.01640365232605254
8,SH2D2A,brain_amygdala,brain_caudate_basal_ganglia,0.5053132725427004,4.341079162760854,0.5973010521414441,0.03507981324446352,3.947304996567702e-05,0.44127467630676537,0.25279210310406697,0.13798039598679224,0.09126422248519914,0.06728146357600859,0.03474168910321644,0.025883215923507157,0.016873958875001722
8,SH2D2A,brain_amygdala,brain_cerebellar_hemisphere,0.36855280978232363,5.462921701615047,0.35018372798261954,0.03338440164618896,8.598074791388915e-05,0.2865966587702914,0.22237621494959026,0.11387627136933928,0.07914364508326868,0.05924410781496244,0.0362908709542216,0.02668792498309296,0.01702811152945952
8,SH2D2A,brain_amygdala,brain_cerebellum,0.3677262346051688,5.342336314235246,0.43649656279067617,0.0320475456489998,4.341038373693998e-05,0.466953986345296,0.23154808695443965,0.1346107933841993,0.08440298569816695,0.06536008699088171,0.03915311759884526,0.0249241798848364,0.015500168626652561
8,SH2D2A,brain_amygdala,brain_cortex,0.43111826573385414,5.0349970887332685,0.5491603535159076,0.016049243946893922,4.357459510517574e-05,0.3295759160840741,0.24294133194352918,0.1265640600919971,0.09420628783254358,0.055018380576486094,0.037371596253761116,0.02655783827724864,0.015525726600203502
8,SH2D2A,brain_amygdala,brain_frontal_cortex_ba9,0.48536444857596006,4.405259503828341,0.48987497915474415,0.02004928419589106,5.8391435889300576e-05,0.38696984560667474,0.23087632857600568,0.1207684795667204,0.08328174603855529,0.059164238579376895,0.03805657921045008,0.02768982003043602,0.01647537551479864
8,SH2D2A,brain_amygdala,brain_hypothalamus,0.5003164101744868,4.004699070575657,0.6351170118964378,0.01094321747331462,9.851649833387535e-05,0.645243528636715,0.26564966545153135,0.15285053160155276,0.11436416995071705,0.06368681964564352,0.047302109048792555,0.02960291591211852,0.02075167273701228
8,SH2D2A,brain_amygdala,brain_nucleus_accumbens_basal_ganglia,0.4742511099219996,4.096522017359376,0.4421828401497338,0.022048118799130358,0.00015139144944322853,0.5312744229514015,0.24029334865534424,0.1655987988920157,0.09755446910317403,0.0625361055949048,0.038080692601573804,0.03155409645456696,0.01890183423911162
8,SH2D2A,brain_amygdala,brain_putamen_basal_ganglia,0.45875215047936413,4.7870469488047265,0.4704207202435988,0.06526732769835027,8.843150944374538e-05,0.45899948000406016,0.24787693491543755,0.13450360811637757,0.09088692022813127,0.06592091574781414,0.04336578476287526,0.0260712088127235,0.01722908696270172
8,SH2D2A,brain_amygdala,brain_spinal_cord_cervical_c-1,0.3635765045690223,4.6616119785488,0.2701258518195453,0.025712792767003362,0.00016658695514156434,0.5524677651462866,0.2667389718275403,0.15465962904878708,0.10509818858044548,0.0694797724494147,0.0438471459690857,0.031631030169664405,0.01933616492898344
8,SH2D2A,brain_anterior_cingulate_cortex_ba24,brain_caudate_basal_ganglia,0.5588566059598199,4.397504324475572,0.4795490574113284,0.0395238879047186,5.496874811531196e-05,0.466504246673197,0.26171842692105296,0.13645816511274733,0.0908607966457099,0.057784174426185365,0.03120906084072848,0.024188107734629538,0.01468762519385454
8,SH2D2A,brain_anterior_cingulate_cortex_ba24,brain_cerebellar_hemisphere,0.4238543554441744,4.755702460072254,0.38595574905351454,0.0230545108710879,6.937013450824416e-05,0.35515107885191016,0.22347227264517283,0.11291792998967427,0.0974752564293158,0.05584053757312276,0.030847072275658683,0.0230762589527468,0.014740170572681099
8,SH2D2A,brain_anterior_cingulate_cortex_ba24,brain_cerebellum,0.39564542223584526,4.977918694078491,0.301063355501083,0.02575094893119766,5.283317028318593e-05,0.44812954739586053,0.23347980026201473,0.1457193353195192,0.09322867146797587,0.05850989034092928,0.03345742566460438,0.02072747543251672,0.0149195681411004
8,SH2D2A,brain_anterior_cingulate_cortex_ba24,brain_cortex,0.6730815564008311,3.680084780494078,0.5882962321748689,0.0240117802517616,5.638494590839783e-05,0.6283342582852898,0.271084979835391,0.14963144670524717,0.11409589477182705,0.0530938684906246,0.030899672641565838,0.022241965537864918,0.01337044301375954
8,SH2D2A,brain_anterior_cingulate_cortex_ba24,brain_frontal_cortex_ba9,0.7484294950556012,3.3093160420040206,0.7881135648683228,0.0083831972671069,2.4297393830121582e-05,0.6799131009860597,0.2513114135748736,0.1435527990018212,0.10314915859787917,0.0526901352557828,0.03069788041364808,0.02348157313711238,0.014221905770030522
8,SH2D2A,brain_anterior_cingulate_cortex_ba24,brain_hypothalamus,0.5270613470107668,4.434941357768688,0.48611781055562125,0.0168761609174947,0.00015172579006095342,0.6677210231452947,0.2827357184408882,0.16187163358809026,0.13734475595732293,0.056031066241369075,0.03936425350276388,0.026066883744837777,0.01768084121211942
8,SH2D2A,brain_anterior_cingulate_cortex_ba24,brain_nucleus_accumbens_basal_ganglia,0.5011240184772023,4.007241660307896,0.4163811283316473,0.01135973588347272,6.565564572129462e-05,0.5897445767082561,0.24722705100876893,0.15893569328020052,0.1078278249670253,0.05608868044811231,0.03374112091794166,0.027482554023096455,0.01666301499231692
8,SH2D2A,brain_anterior_cingulate_cortex_ba24,brain_putamen_basal_ganglia,0.5259130748223058,4.559506988448759,0.4089244854365169,0.0590149847192339,8.167564173682182e-05,0.4903469290952002,0.25131592343358133,0.12440040377202295,0.09229728721379318,0.05943523012420876,0.03502777434932482,0.02487987578289836,0.01517217226112132
8,SH2D2A,brain_anterior_cingulate_cortex_ba24,brain_spinal_cord_cervical_c-1,0.36998751590423506,4.863423580198349,0.23596862340877495,0.030446455374135477,0.00011452786620286528,0.6195062262561812,0.270501533550214,0.15865523868128079,0.10046011056441817,0.06842213324574697,0.03728674102968652,0.0259243436280786,0.01801314695561568
8,SH2D2A,brain_caudate_basal_ganglia,brain_cerebellar_hemisphere,0.43224978361309896,5.117018007556473,0.46735340014916,0.05496295684921686,5.959589718675222e-05,0.3545621284862791,0.2475731549470252,0.11146389233865965,0.07192863971543031,0.06079372353344492,0.0310174661255579,0.0228362850866416,0.014901662182842019
8,SH2D2A,brain_caudate_basal_ganglia,brain_cerebellum,0.4214372029345193,5.140576507280015,0.313271969858986,0.01689717141221362,5.108745413768801e-05,0.5641353985921541,0.24733014496007683,0.11725000045925886,0.08598219441506792,0.0666381151212099,0.03199510583396458,0.02126129334449158,0.014444764411911
8,SH2D2A,brain_caudate_basal_ganglia,brain_cortex,0.5032196230817317,5.246325696491172,0.6445054081030096,0.01282201152359308,3.32933699706595e-05,0.3722141902789662,0.26087340188213215,0.13764734717552962,0.08207100040748502,0.055904384152770825,0.03217773644498992,0.0226860412780285,0.01473292017497134
8,SH2D2A,brain_caudate_basal_ganglia,brain_frontal_cortex_ba9,0.5838260369019627,4.5624230102125365,0.5771137158390562,0.022149524373735623,4.4425114366172696e-05,0.47145554467528034,0.23120697267800092,0.1272863255079397,0.07399463497392245,0.057362361345152546,0.032817617630718846,0.022762835723510642,0.01540942654097222
8,SH2D2A,brain_caudate_basal_ganglia,brain_hypothalamus,0.5270417456545511,4.403947671590312,0.5549816746207348,0.041229816682598217,7.064699091237703e-05,0.505918068797741,0.3212533608682492,0.14999595367552815,0.09260499941317923,0.061305770891335154,0.03711943282497891,0.027757658650759222,0.019806850665864538
8,SH2D2A,brain_caudate_basal_ganglia,brain_nucleus_accumbens_basal_ganglia,0.5855770602359998,3.7758599472264978,0.5920642474459197,0.03697620074601306,8.431500055933105e-05,0.5945439808948746,0.32333011315402155,0.14848037160685282,0.08183776298706709,0.06406785971132674,0.0330965856436503,0.026381693163097342,0.017084018575314042
8,SH2D2A,brain_caudate_basal_ganglia,brain_putamen_basal_ganglia,0.8591752062609015,2.85097292635123,0.8470105102317989,0.01494906599375036,8.861706962679135e-05,0.8126619467803513,0.36074112370726513,0.13502647163307474,0.08076640162990147,0.06977701471179651,0.035072642237781324,0.022844722054183,0.015593507380868298
8,SH2D2A,brain_caudate_basal_ganglia,brain_spinal_cord_cervical_c-1,0.39304109268526133,4.671848434328302,0.2914294731877432,0.11755027432119669,0.0001694758743668805,0.5778025823739272,0.35636373434756197,0.12360422170513623,0.09635573226774583,0.06613228859712061,0.03834219482067182,0.025945677841445657,0.01823660038018278
8,SH2D2A,brain_cerebellar_hemisphere,brain_cerebellum,0.6572623574898093,2.6376588591194423,0.6080481484644039,0.03499422005727814,0.00015411507949295613,0.7218230454421238,0.332090580684125,0.11031770664370585,0.08077568534372648,0.05250987740088402,0.03174785647248916,0.020327532299424682,0.01279014912600392
8,SH2D2A,brain_cerebellar_hemisphere,brain_cortex,0.42266894326232796,4.600839767234286,0.42202780329658757,0.027595007337993,6.413535109508037e-05,0.3505024518244699,0.20209156380747012,0.10063043886866194,0.08340865138770323,0.04966242019117657,0.03140540763311782,0.02387341777966592,0.01318575746852132
8,SH2D2A,brain_cerebellar_hemisphere,brain_frontal_cortex_ba9,0.4429720575756112,4.557139115828377,0.42745610697259284,0.01107395937028546,6.483451281744222e-05,0.3279410854292738,0.1993238622658229,0.10450067003895624,0.07910011919933788,0.05006756164364383,0.03192169192261492,0.024973159364134377,0.014288331785992842
8,SH2D2A,brain_cerebellar_hemisphere,brain_hypothalamus,0.35808246206771077,5.0477148755994925,0.2975108463305019,0.03290897349281424,0.00010775399107668571,0.2835966691947602,0.23552256520584192,0.11667995192525826,0.08871967674536305,0.059334371322997216,0.03887116507847118,0.027086893580953043,0.01779695090951286
8,SH2D2A,brain_cerebellar_hemisphere,brain_nucleus_accumbens_basal_ganglia,0.3588821779543765,5.075474213608061,0.3752732259471575,0.02193837837643364,6.830164131453604e-05,0.3262354789769276,0.22278938569240556,0.1098078833678745,0.07530983147538191,0.0600630819379437,0.03347576257388904,0.02764029959331072,0.016527872440858182
8,SH2D2A,brain_cerebellar_hemisphere,brain_putamen_basal_ganglia,0.4074164696060055,5.0296492228868095,0.32519075200531816,0.07084332296248978,8.461747465377822e-05,0.3226903166816296,0.2396249658001366,0.11250491778783775,0.06704149215940114,0.059368641071022535,0.035084793511127435,0.024083994628387638,0.01489753559002826
8,SH2D2A,brain_cerebellar_hemisphere,brain_spinal_cord_cervical_c-1,0.3118272400588681,4.642789461843521,0.2244502714269029,0.05424098376288404,0.00019008844471885616,0.34426592848033805,0.25211181862469945,0.12418857953218261,0.09400429098416258,0.0621439886726759,0.03779095473111286,0.025019465014907937,0.01696132462949952
8,SH2D2A,brain_cerebellum,brain_cortex,0.40850634692286675,4.679787207588473,0.4768137994406395,0.0077767557245390405,4.102847144065648e-05,0.3583153798839079,0.25510717461105925,0.1234386095339655,0.09408927751612592,0.05124090817790764,0.032898294909583695,0.021690224368503243,0.012855717269151282
8,SH2D2A,brain_cerebellum,brain_frontal_cortex_ba9,0.39219542330694634,5.156187312309735,0.3090801497287753,0.010033175954952058,5.054934907612802e-05,0.3395236326290987,0.21745924354458607,0.11248005619374299,0.07981059624677844,0.054245040057721836,0.03287142226725978,0.022462909443716938,0.01434431016456548
8,SH2D2A,brain_cerebellum,brain_hypothalamus,0.3687354764792058,4.9103361040768565,0.3276068225022783,0.035155809947523944,0.00010037106946094004,0.45391531789750356,0.24310613622490954,0.14797536009414083,0.10183419241405049,0.06065912457303668,0.04303304589441048,0.02401549615910556,0.01672350473966984
8,SH2D2A,brain_cerebellum,brain_nucleus_accumbens_basal_ganglia,0.33484006314955644,5.044131239634706,0.2788531819135983,0.024267408678413323,9.796940331841932e-05,0.4041607280777771,0.23739543471310717,0.141991419041036,0.07985962438660824,0.06226040566892904,0.03533397853663734,0.026265763579254718,0.01559557438746054
8,SH2D2A,brain_cerebellum,brain_putamen_basal_ganglia,0.3886686064326526,5.281979934845312,0.3605030182744634,0.027241287140301457,7.402187548826179e-05,0.4698747343762145,0.2441692616651454,0.11612443100451111,0.08131708255366694,0.06462853546174972,0.037216722567466956,0.02277985450653476,0.014143123551971979
8,SH2D2A,brain_cerebellum,brain_spinal_cord_cervical_c-1,0.3303254079111776,4.083305239494924,0.24494072706965456,0.0831660606218088,0.00013251240445826088,0.6478864646031854,0.25304816222507615,0.13896052817011867,0.08797850767999385,0.06681128507433998,0.04368971700955462,0.02446871384702956,0.0153673685063656
8,SH2D2A,brain_cortex,brain_frontal_cortex_ba9,0.7414065180983982,3.5532562744691547,0.7185518829384632,0.02416645049606502,7.893330082353446e-05,0.7269844888875767,0.2577761010387495,0.13861151972404812,0.08958758043535084,0.0515762312035392,0.030396064487745324,0.02469471943953496,0.0130557062254933
8,SH2D2A,brain_cortex,brain_hypothalamus,0.46370819889057735,5.064504014088617,0.505698829110972,0.0319472693960528,8.603023603460721e-05,0.5895872414492829,0.27683667393685163,0.1548865470680773,0.11203035085601987,0.056700177971345224,0.04253986711902648,0.02662679544942676,0.01609161099461828
8,SH2D2A,brain_cortex,brain_nucleus_accumbens_basal_ganglia,0.44059016540728874,4.709942939153201,0.3661382562046258,0.0479127265931957,7.183827971124394e-05,0.561671426944877,0.23968322181284626,0.14471359167052705,0.091954993946329,0.05800963043485204,0.03418270309563492,0.02563061573091286,0.01603257387710176
8,SH2D2A,brain_cortex,brain_putamen_basal_ganglia,0.4821293704611862,5.3192804325499266,0.5548027440229234,0.020117889102385163,5.1409628564388956e-05,0.38898816266484115,0.2274714224893036,0.12366877997953174,0.08744922269691971,0.05462557990208492,0.0357791068040608,0.02214286360091544,0.015163980944306099
8,SH2D2A,brain_cortex,brain_spinal_cord_cervical_c-1,0.3248184162165992,5.162736394488187,0.23418810692477074,0.055601472257640186,0.00013625748291525553,0.5085838205310974,0.2680743989725988,0.12233716833860857,0.0957440146967864,0.059290778920368006,0.03990165959827756,0.026785977372925818,0.01632728081983524
8,SH2D2A,brain_frontal_cortex_ba9,brain_hypothalamus,0.4989973571317705,4.689856288180013,0.48748693253044123,0.02248793032477794,7.791491272319408e-05,0.542835067341987,0.2512697670058093,0.1469158983830721,0.10174448433407308,0.05872402398329276,0.04238661768198696,0.025628392476879158,0.01782824549542634
8,SH2D2A,brain_frontal_cortex_ba9,brain_nucleus_accumbens_basal_ganglia,0.48442336688934784,4.211358001305485,0.5101933703925458,0.0123310307650978,5.005943899952822e-05,0.5629064036804056,0.21279521084135872,0.13150695907178583,0.08735111212929965,0.05752761830947458,0.0353476137702461,0.02677100204496776,0.01781054333207634
8,SH2D2A,brain_frontal_cortex_ba9,brain_putamen_basal_ganglia,0.5756700291344508,4.595991862297815,0.5102558968877571,0.0433389459939013,8.164343399697337e-05,0.5181358578887328,0.23196240611213587,0.11473916939461455,0.07437879610384261,0.0606230287080078,0.036619895395222424,0.02244722409079942,0.01564010601968148
8,SH2D2A,brain_frontal_cortex_ba9,brain_spinal_cord_cervical_c-1,0.3503301539012293,5.2277040046860765,0.2423427338805575,0.04973211382802298,0.0001219890732272972,0.5108430521479999,0.2535633763250541,0.11458412660431802,0.09826291179732975,0.060835762714208666,0.03795837149501042,0.027762346313036722,0.01766203236815118
8,SH2D2A,brain_hypothalamus,brain_nucleus_accumbens_basal_ganglia,0.582947004226823,3.399661968491474,0.5253592734183954,0.025219560664439138,0.00012535145970849173,0.9237063190114189,0.3216675642185962,0.15277239420091823,0.10437252622776541,0.061637699091341626,0.042953563831159995,0.033686671371339724,0.021117614563847458
8,SH2D2A,brain_hypothalamus,brain_putamen_basal_ganglia,0.5150972032852816,4.4223623213694,0.490328713512187,0.06246538193173281,9.064487202160316e-05,0.5506891432558622,0.31362700965630375,0.1307405195249644,0.09714711998263158,0.062344921957399546,0.046331388848171604,0.0289916266505024,0.01916393216194976
8,SH2D2A,brain_hypothalamus,brain_spinal_cord_cervical_c-1,0.42189683281680485,4.058350433664691,0.35039224921441586,0.04076308812322534,0.00026392063241791405,0.6972286208045564,0.3595868275267597,0.1607694921085354,0.10950458848658431,0.06630777514997266,0.04685347668579576,0.030378529093062562,0.02272494867604064
8,SH2D2A,brain_nucleus_accumbens_basal_ganglia,brain_putamen_basal_ganglia,0.5727575146779295,3.6831649310358983,0.5269370463247578,0.06168460932216794,0.00011121987077484369,0.6577694630926001,0.31786247952910995,0.1395413469543228,0.08541486655334202,0.06023758494589719,0.038065513204719806,0.0279069874676099,0.01720074440358624
8,SH2D2A,brain_nucleus_accumbens_basal_ganglia,brain_spinal_cord_cervical_c-1,0.3890437794372238,4.6000589962767595,0.3053724275978985,0.052024318526706484,0.0001731273156305108,0.6508660793717207,0.3144711684801339,0.14825708299856652,0.09661110958247887,0.06840716421056608,0.04096535784692844,0.029309428718295484,0.02187961966684194
8,SH2D2A,brain_putamen_basal_ganglia,brain_spinal_cord_cervical_c-1,0.39137074866645766,4.878911712421074,0.3062617086487821,0.1530615125247952,0.00014204379012457155,0.6587371537575939,0.36167726885977947,0.12219748001538848,0.09575988360829728,0.0678041906351935,0.045086455244720644,0.026822193363747922,0.01905006586362882
9,JAM2,brain_amygdala,brain_anterior_cingulate_cortex_ba24,0.47308613063029786,3.0717944145562432,0.6274565100915276,0.03318860267152912,0.0001186041313591016,1.269543630072177,0.3829078903414097,0.2467746763573344,0.1593571665487567,0.10518240979528459,0.06842567463738114,0.04876860060508004,0.02660015465429012
9,JAM2,brain_amygdala,brain_caudate_basal_ganglia,0.2656464476574936,4.477073796284197,0.1932519066259663,0.07409799444889452,0.000137883598229896,0.5517058118298144,0.3308471933793981,0.19079222067874663,0.14162984409436835,0.11144449802388019,0.06615751187699676,0.0496540649093431,0.03229581833919618
9,JAM2,brain_amygdala,brain_cerebellar_hemisphere,0.1773709429247326,4.660131761360033,0.21943154743962423,0.049075229817195545,0.00012615949772660354,0.504516124021118,0.2972619772106846,0.2013600764601911,0.14179020880254833,0.0921632440011098,0.07054524944494253,0.044360004809799944,0.0270213656459198
9,JAM2,brain_amygdala,brain_cerebellum,0.22376755245314356,4.921429726993496,0.16131578161433063,0.05724571266801404,0.0001647449434967962,0.42282951031776594,0.29138515361715817,0.16600026932746165,0.13707058721243515,0.08664030702245476,0.06838467780918926,0.04107190017416264,0.02627653210522224
9,JAM2,brain_amygdala,brain_cortex,0.28695530089100185,4.6991488116551805,0.2147537319293153,0.05471992980808106,0.0001659243514589403,0.4689362278460922,0.2664118612011913,0.20336531959981824,0.16531555088055366,0.10038302156581376,0.06640476366840257,0.04325633985100514,0.02697569629156334
9,JAM2,brain_amygdala,brain_frontal_cortex_ba9,0.3065588706088055,4.371465522111484,0.19022828115935225,0.09602153752659479,0.00025160037108046,0.5769917753997238,0.30386379657881263,0.21196814082863918,0.1435521208251474,0.10662129561553788,0.07607610385324294,0.04461635499374008,0.028255887239543982
9,JAM2,brain_amygdala,brain_hypothalamus,0.3867632773077203,3.653799696673623,0.3704252646746139,0.05096103272816118,0.00014336160832571003,0.9391220755738715,0.31742363616409114,0.2256485913356257,0.1740813096860266,0.11950308307348032,0.08269298029354633,0.0485891862049716,0.02820272162216972
9,JAM2,brain_amygdala,brain_nucleus_accumbens_basal_ganglia,0.35597634512879883,3.760473646181764,0.35111443264329856,0.038935916680447644,9.145091473913452e-05,0.8491659736202749,0.3369033350641035,0.22700089578317328,0.1806813456945984,0.12077447530170424,0.07473698076054061,0.04749752892812052,0.031026312949617763
9,JAM2,brain_amygdala,brain_putamen_basal_ganglia,0.2760178448719393,4.326332827421713,0.2564231116734295,0.04852456208553024,0.0001020030558860677,0.6034257606074543,0.31413693224817574,0.19760746561774217,0.14522704712602993,0.10505644628152166,0.06973433913626532,0.0495243979709374,0.02748180370707522
9,JAM2,brain_amygdala,brain_spinal_cord_cervical_c-1,0.302676947598771,4.369418901267233,0.25427421868520284,0.03668411946396878,8.235399224614304e-05,0.6221601064853897,0.3029941001907712,0.22835069318197335,0.1719577071325707,0.13192404496350588,0.08044811608178758,0.04878180709508388,0.03243091689678076
9,JAM2,brain_anterior_cingulate_cortex_ba24,brain_caudate_basal_ganglia,0.3081200184785916,5.017652239829217,0.2251769311696271,0.06636620833769095,0.0001273359486207353,0.4090266112549932,0.2794275553935633,0.18495893048042905,0.12680992313027326,0.09708974654519538,0.05867243806154114,0.04891313418196748,0.03152713336766324
9,JAM2,brain_anterior_cingulate_cortex_ba24,brain_cerebellar_hemisphere,0.20954030580988414,4.663597267709063,0.28015430266501806,0.052705835185725504,0.00013346797239104,0.47025047863619013,0.2664813035049501,0.17517674998424956,0.12263939333018295,0.08224891706270657,0.06238774097566124,0.041680331857425326,0.026477842365726915
9,JAM2,brain_anterior_cingulate_cortex_ba24,brain_cerebellum,0.26414647030248817,4.952153957224389,0.19982742003077994,0.05099051012538636,0.00016577431962346614,0.37099934261855044,0.22444298507203614,0.15446838804748042,0.12614207272874997,0.07609637350535295,0.057923007420733266,0.03969616646042256,0.025537132326787858
9,JAM2,brain_anterior_cingulate_cortex_ba24,brain_cortex,0.5366892126260221,3.4400187460164515,0.5455193990463866,0.09519539999152127,0.00026931073227536,0.9360607718844438,0.3249492253701383,0.19134082814809175,0.14527345057181643,0.0868388448774402,0.05952994837647326,0.04224262813902864,0.02697495350041798
9,JAM2,brain_anterior_cingulate_cortex_ba24,brain_frontal_cortex_ba9,0.5853868095223062,3.0589536947620015,0.5268504813309426,0.1633049891115998,0.00048645833747444,1.0690897960279435,0.3792023049825334,0.22070428585483598,0.13491991823995467,0.09015030632938432,0.06588744176807032,0.04289765244091012,0.02761153106582624
9,JAM2,brain_anterior_cingulate_cortex_ba24,brain_hypothalamus,0.42316976087526703,4.012289816708908,0.45364445487171656,0.04496027528903114,0.0001302618486411328,0.7473581006051953,0.29930438629918005,0.2223873802700666,0.14635812753142924,0.0994326641697456,0.07511249820827395,0.049617591431431164,0.0268535341032342
9,JAM2,brain_anterior_cingulate_cortex_ba24,brain_nucleus_accumbens_basal_ganglia,0.3557437744918003,4.525338440889671,0.3706520944968412,0.04223291247400004,0.00010686698964539687,0.5571956275427979,0.30076328962238535,0.22659281068699894,0.15346762706684108,0.10645016278710058,0.06551728778039762,0.0461787882087608,0.03142768010018142
9,JAM2,brain_anterior_cingulate_cortex_ba24,brain_putamen_basal_ganglia,0.3333740829532487,4.616904995452431,0.351483804696492,0.04720060928214554,0.00010073544329593603,0.4898492092615185,0.29167523018833125,0.18064655786604655,0.12037074191118598,0.09196367774292205,0.06280923334183304,0.0438205396374993,0.029967083100426124
9,JAM2,brain_anterior_cingulate_cortex_ba24,brain_spinal_cord_cervical_c-1,0.3625070786688853,4.7838057269362295,0.38645165372890017,0.05178636111297592,0.00012549030651208117,0.539749996757455,0.2862328256480623,0.2042677067334465,0.16461959939217602,0.10134478833110823,0.07197918265456532,0.04881792618906085,0.03341362186078836
9,JAM2,brain_caudate_basal_ganglia,brain_cerebellar_hemisphere,0.17445254240370228,5.055992913439971,0.1889973772778609,0.033983037516212684,7.715511086404347e-05,0.37749599953471163,0.22832324719471245,0.16599261267944207,0.11574988227759808,0.08742869287873682,0.06360809988891894,0.046543208321506754,0.02802251662420472
9,JAM2,brain_caudate_basal_ganglia,brain_cerebellum,0.24249473694835375,4.728419226229873,0.21504408773822092,0.07488870860484148,0.00013870313953830425,0.41889697742063225,0.20371448778519743,0.16178464252002286,0.113222657905825,0.0745912820876204,0.06197743182698888,0.044001407009465296,0.02738270586238114
9,JAM2,brain_caudate_basal_ganglia,brain_cortex,0.35452329422851425,4.427578193750829,0.349066642444771,0.060259229485027335,0.00017302166024689387,0.4772353277216106,0.25968066591987177,0.17125774632403415,0.13378121122033637,0.08555052558810228,0.0626076913079481,0.0425733566401319,0.02975090371273038
9,JAM2,brain_caudate_basal_ganglia,brain_frontal_cortex_ba9,0.35506787458628664,4.5577099593891655,0.310836069979244,0.0448054622045179,0.0001033283994460041,0.5263770409331021,0.28674188376802456,0.19095436528417983,0.13292034966902466,0.091030605888669,0.0691836493483323,0.04543328245441032,0.03046471375825548
9,JAM2,brain_caudate_basal_ganglia,brain_hypothalamus,0.31667377298654314,4.675388685096656,0.23904335017840897,0.07195787900297912,0.00016215731620812561,0.501913517016684,0.28371922935226,0.1783568658722136,0.12644530983736105,0.10120780066256876,0.0704723776324797,0.05361636178185516,0.0319790829153497
9,JAM2,brain_caudate_basal_ganglia,brain_nucleus_accumbens_basal_ganglia,0.4549116182809888,2.8743399289921876,0.3675365779275275,0.04382812959688612,0.00013434048719302273,1.241840889032457,0.36852385563584245,0.19112638349538202,0.1346229688932061,0.0957492620762332,0.07119397788344542,0.05281172855031152,0.031043771935883018
9,JAM2,brain_caudate_basal_ganglia,brain_putamen_basal_ganglia,0.7950100255131841,1.9228619600597798,0.794911386099722,0.0404265292969498,0.00011020619936786741,2.5678767622930336,0.3789165333282509,0.18802245673179319,0.13488250120754358,0.08983708246377729,0.06501217250343197,0.0492510108346574,0.027569641053139284
9,JAM2,brain_caudate_basal_ganglia,brain_spinal_cord_cervical_c-1,0.36054340552967357,4.1462822456145325,0.2781482986389049,0.0497437278396254,0.0001302967734967317,0.6877404087729915,0.28148361835080965,0.21278640602080276,0.13323391122729383,0.11211375267920583,0.0674056847266348,0.04829251903714746,0.03817033831366398
9,JAM2,brain_cerebellar_hemisphere,brain_cerebellum,0.46812092283517154,1.9358804941891605,0.4267586865267642,0.09450575473418744,0.00031094108084208,2.6437473295465397,0.40155890990738136,0.1666120267489511,0.10965860857279955,0.0740686313336315,0.05569789786362982,0.03564252382247024,0.02324396065667798
9,JAM2,brain_cerebellar_hemisphere,brain_cortex,0.19170518165328393,4.76530052204841,0.36082791561115196,0.04317799086104686,0.0001178604631915405,0.3820994766147418,0.22179751262833497,0.15492611607459988,0.12594192182939787,0.08200632885526415,0.05792334752448456,0.04056248452113862,0.02680789150364654
9,JAM2,brain_cerebellar_hemisphere,brain_frontal_cortex_ba9,0.20319481145241988,4.585036616458118,0.3019202382172188,0.0470257843803965,0.00013098027279070045,0.4229657911689181,0.2586498230802274,0.17183628597947576,0.11847704788424854,0.08438029903814995,0.06649742936835912,0.04020139865566782,0.02691068370225692
9,JAM2,brain_cerebellar_hemisphere,brain_hypothalamus,0.19801332944194847,4.814346405282681,0.3380186642649894,0.023427055037016538,7.886426979552693e-05,0.466373272481134,0.28689045691357273,0.15932233957785585,0.1323416038413292,0.09015431824416284,0.07454593829340705,0.04901774070108608,0.02762746840778098
9,JAM2,brain_cerebellar_hemisphere,brain_nucleus_accumbens_basal_ganglia,0.1662496221552384,5.325422872516994,0.18928609600654905,0.02734203737701994,7.735232745727108e-05,0.37213103591792746,0.26027220283999664,0.17854885799384454,0.12181028463875457,0.08828020885474455,0.0721988463937503,0.04855328566967382,0.0291072035503867
9,JAM2,brain_cerebellar_hemisphere,brain_putamen_basal_ganglia,0.17247638731257167,5.146961444969819,0.25719072102510104,0.02520722897219192,6.100914639379521e-05,0.37079833113317695,0.21862622018585576,0.16711139130128763,0.13108242647530943,0.0847533938507169,0.05684169537452588,0.0441316195809651,0.026917608560260698
9,JAM2,brain_cerebellar_hemisphere,brain_spinal_cord_cervical_c-1,0.19149620418169633,4.798043564460956,0.1718899577755856,0.0293737905803906,8.761408446728808e-05,0.4212603861788139,0.22953475217020075,0.17255474093936707,0.1338581297097315,0.10507753500018102,0.06615148294658157,0.04296528476768288,0.03233204807567132
9,JAM2,brain_cerebellum,brain_cortex,0.2888652091474321,4.7359492582207015,0.3850360604613615,0.028628923671843,8.076724396901972e-05,0.37723048402550113,0.2298562414580625,0.16028125933615978,0.1200071701994937,0.07940933222633692,0.056965948931377894,0.036165610193770445,0.024402718043374
9,JAM2,brain_cerebellum,brain_frontal_cortex_ba9,0.27378257992570987,4.835705314667469,0.24275682389059555,0.03184276732735928,8.762925768902856e-05,0.3694886391990018,0.23822306535471638,0.14621278452082162,0.11867480231117192,0.08179268788110992,0.06431090728701616,0.03608486228099592,0.0257267917245618
9,JAM2,brain_cerebellum,brain_hypothalamus,0.2716866256996296,4.8242076416287185,0.27261564578955993,0.03435509286361408,9.347888873559662e-05,0.42137598329786785,0.2741662054930102,0.14957019334963634,0.11471059330611473,0.08737563113684228,0.06631808186061047,0.04512292860344678,0.02747943509436544
9,JAM2,brain_cerebellum,brain_nucleus_accumbens_basal_ganglia,0.24266952469742503,4.945397252641921,0.17531686976078917,0.07356897977402717,0.00014602790857512092,0.4184674041249351,0.2796643540891012,0.1543382563602202,0.12628088300749277,0.083406455247264,0.06794390922404314,0.040999832720374295,0.028574713015591318
9,JAM2,brain_cerebellum,brain_putamen_basal_ganglia,0.2420925635385668,4.914605831609374,0.27065225273566174,0.05753368328902232,0.00011945928695736607,0.3959826928805515,0.2195126983052796,0.1543849427286969,0.12027186945993704,0.07886710423623966,0.06016051823789318,0.03842384995136592,0.02578053635183562
9,JAM2,brain_cerebellum,brain_spinal_cord_cervical_c-1,0.27918451561115243,4.593099417666945,0.3085203372615785,0.06470870357010594,0.00014602820764452652,0.44338937055467254,0.27674609224316565,0.17266660632202774,0.12692135762669726,0.08825027780042374,0.06393302933437203,0.04108711092932292,0.02898809756618556
9,JAM2,brain_cortex,brain_frontal_cortex_ba9,0.6693024653170878,2.8243098573908294,0.6939320588949511,0.07334081191215715,0.00020826250007454058,1.2635927330186458,0.32510706479668994,0.20514209041019016,0.14831668552691338,0.092959908968426,0.06705559818067872,0.04189069722847014,0.024762210483969076
9,JAM2,brain_cortex,brain_hypothalamus,0.363309809069317,4.597651309300355,0.266268524714664,0.06343611770830598,0.00016182948852870002,0.5242293624129314,0.25111686132668304,0.19508835604394198,0.13426689619846874,0.09833058910752071,0.075561676412697,0.0451060276215724,0.02710644820480564
9,JAM2,brain_cortex,brain_nucleus_accumbens_basal_ganglia,0.3560659617510077,4.593823306413084,0.3138580356479855,0.07234856638489565,0.00020221961775723998,0.514787567681301,0.29909199105819995,0.19520924554175476,0.14745185728558613,0.09382852158672605,0.06024226467041884,0.0452964076843755,0.03092585389291978
9,JAM2,brain_cortex,brain_putamen_basal_ganglia,0.3749142054103517,4.228002228531764,0.3907402560162396,0.041079911705805786,0.00012618512489031726,0.5297535613589476,0.2721577985643004,0.18564996509648152,0.12528268860886638,0.08098485503494515,0.061343934363858,0.04332094812990372,0.027147615223357142
9,JAM2,brain_cortex,brain_spinal_cord_cervical_c-1,0.37757379998948604,4.743900007660547,0.4441168975804871,0.06523123770190951,0.00017417730302265593,0.5132198667381196,0.3152137267584598,0.197982808337745,0.14001228260198023,0.10795004808508002,0.07503372786563453,0.045904639565749014,0.03021375615199644
9,JAM2,brain_frontal_cortex_ba9,brain_hypothalamus,0.36823108996600445,4.714875302246791,0.25291630076363225,0.07243691479957555,0.00020160383584542045,0.5558897083310184,0.2791079332979771,0.19981074780505986,0.13686744555327407,0.1090640114720565,0.08185709223274011,0.0475123896276112,0.027380903516729498
9,JAM2,brain_frontal_cortex_ba9,brain_nucleus_accumbens_basal_ganglia,0.33406923260856075,4.9006412158823185,0.2180859073993786,0.0629760356404527,0.00015114379594107999,0.47930815712771413,0.3027013923452845,0.19102229469903667,0.1480883990810836,0.1026349286028428,0.0706806989455531,0.04793182796860164,0.03146270777789864
9,JAM2,brain_frontal_cortex_ba9,brain_putamen_basal_ganglia,0.37140130095440627,4.369881492454012,0.40433036369097114,0.04696895143364676,0.00010823510598018552,0.5729099664226893,0.29278487092474353,0.19627684222434347,0.12414142208285997,0.08770209639122402,0.06811537313378584,0.04650572314258524,0.027948536700771437
9,JAM2,brain_frontal_cortex_ba9,brain_spinal_cord_cervical_c-1,0.3830470416392074,4.740002590907149,0.36706304630065406,0.0745539111179494,0.00016751656125370458,0.5600002614657352,0.28432072474769227,0.20595146121012986,0.15485214864642502,0.10876144942347747,0.07769600078415531,0.04862334694427884,0.03209381527147296
9,JAM2,brain_hypothalamus,brain_nucleus_accumbens_basal_ganglia,0.42100810197067123,3.3554167953880176,0.4598241291092422,0.03994004492514938,8.639493957652696e-05,0.926923340465072,0.35865517915882916,0.2149115272267172,0.15423990586662711,0.10498744842894511,0.08025021316307074,0.05072670269959449,0.033328788377605875
9,JAM2,brain_hypothalamus,brain_putamen_basal_ganglia,0.31834880355252015,4.57223234716663,0.35033778769835033,0.052207908399703386,0.00013162245162953072,0.518236507880747,0.26053991812718247,0.18018825947182426,0.13116895825313496,0.09577478474248007,0.07073018169763516,0.045598044876215424,0.03284949973646842
9,JAM2,brain_hypothalamus,brain_spinal_cord_cervical_c-1,0.4588212407106206,3.535750901848222,0.42786739141485103,0.02985204976639434,7.208725596174167e-05,1.0892175641505635,0.3329119952179925,0.19863920587469328,0.1544062181456396,0.11516162065490973,0.08217532095699039,0.052316823910788526,0.032393232305404564
9,JAM2,brain_nucleus_accumbens_basal_ganglia,brain_putamen_basal_ganglia,0.45939991797170254,2.925323156981447,0.42580660673328774,0.027242321267965504,8.406957358004252e-05,1.2052292656839176,0.3913057292434713,0.17454356513971764,0.14462717391690547,0.09860489261954955,0.06832761574448848,0.0513824800959086,0.03005289578470614
9,JAM2,brain_nucleus_accumbens_basal_ganglia,brain_spinal_cord_cervical_c-1,0.36248273171881024,4.139766945424142,0.4390004220866455,0.0292978665885829,7.445444519762868e-05,0.686488301725515,0.3806538907508056,0.1974601063296677,0.15876132516231783,0.11573141503891086,0.07322235677521025,0.048663454106388795,0.03893711683547042
9,JAM2,brain_putamen_basal_ganglia,brain_spinal_cord_cervical_c-1,0.3502895239900665,4.276468902373784,0.3153175322792681,0.02549482202037892,8.326950778057463e-05,0.6180320630605846,0.29649128468685965,0.20661364015635514,0.13711013135625807,0.09775834069283915,0.07184903305853528,0.05139827325072131,0.03164589299655924
9,SH2D2A,brain_amygdala,brain_anterior_cingulate_cortex_ba24,0.7210693456072403,4.0200720802157495,0.6866797755179225,0.0229635846372748,0.00012872648877672692,0.7501695215172317,0.37770747137874305,0.26812301633857444,0.15076073501051263,0.06420165752155754,0.05017837422528946,0.02898600979166834,0.02064279137454598
9,SH2D2A,brain_amygdala,brain_caudate_basal_ganglia,0.600952326016587,4.1695063200469535,0.7308097334312987,0.030988175127331364,7.38410714385642e-05,0.6116321565255233,0.28745237740219365,0.20731765757318144,0.1304864572047678,0.0669476620475042,0.05024626264140662,0.03302927044230094,0.02277277911078846
9,SH2D2A,brain_amygdala,brain_cerebellar_hemisphere,0.41794724651390325,5.114138830730343,0.4175182439745839,0.03946213854810908,0.00011525111447915452,0.3953092213640091,0.29206675916099395,0.17249848115799887,0.12508700549458743,0.0678232402402431,0.0430364707824817,0.029775160811304758,0.019806305564481118
9,SH2D2A,brain_amygdala,brain_cerebellum,0.41820468324339144,4.958771363970472,0.46598425296095003,0.03103546792463736,6.507295113494263e-05,0.3969062398261169,0.26297392002591746,0.14780729761681233,0.10271414628393112,0.06479091712962608,0.04391770414785508,0.029890270475599817,0.02196193304661944
9,SH2D2A,brain_amygdala,brain_cortex,0.5586291643850518,4.597356907634867,0.5550977117029887,0.03871543417073574,8.709179603212044e-05,0.5931144103905097,0.28844299819872377,0.21819425550907118,0.14950423147430153,0.05972473681687508,0.0445101502231583,0.0294510528123366,0.0205246300143745
9,SH2D2A,brain_amygdala,brain_frontal_cortex_ba9,0.6182664435130691,4.496578618222501,0.542494341644258,0.04243488419583408,7.703326187142943e-05,0.7286516720718725,0.3162705041916726,0.23722760967076453,0.17466524697003244,0.06241092452253614,0.04794284674529854,0.02801641321641294,0.02252721789893754
9,SH2D2A,brain_amygdala,brain_hypothalamus,0.6086565557596124,4.210667356790852,0.6123045258357106,0.0098677786819432,6.170113356245704e-05,0.7973486915368221,0.3159996780007474,0.2386103168208448,0.18492558174614832,0.07759222132904038,0.059651091976757,0.036787943996716824,0.02756604681254966
9,SH2D2A,brain_amygdala,brain_nucleus_accumbens_basal_ganglia,0.5793814587966414,4.406910330540137,0.5092104365876288,0.028342911772974082,8.42213650832177e-05,0.6749383292274618,0.349836598023291,0.21155380255642026,0.17819722165657725,0.0721262148817582,0.05859854143053696,0.034415823048690855,0.019897350146843483
9,SH2D2A,brain_amygdala,brain_putamen_basal_ganglia,0.586046162332029,4.270582114597985,0.6637248957806754,0.02837504494617612,9.804246776455998e-05,0.6252322141974871,0.30945524642183553,0.22393026427354895,0.14989422127618224,0.06599621974066848,0.047022246816234556,0.03418267504191966,0.02183234067011944
9,SH2D2A,brain_amygdala,brain_spinal_cord_cervical_c-1,0.4822281021535334,4.712279166661409,0.36446724250521256,0.062383561392681794,0.00019024638788395253,0.7148172414096822,0.4349505121195484,0.24015409470926946,0.15028421731216138,0.08583960293275114,0.05746468302475658,0.0352916295590068,0.02545421471157828
9,SH2D2A,brain_anterior_cingulate_cortex_ba24,brain_caudate_basal_ganglia,0.5719337233562554,4.63220721492777,0.5683187101069409,0.02404222054775674,8.657120834128141e-05,0.47819100028924816,0.24171368018806988,0.1647996622563198,0.1267988516323815,0.056012604445496515,0.04686654107238654,0.032244128551779536,0.0203952520842429
9,SH2D2A,brain_anterior_cingulate_cortex_ba24,brain_cerebellar_hemisphere,0.46752455663939835,5.055006554556574,0.5190999694870289,0.027885019109142824,7.360187076311698e-05,0.371989108858721,0.28997060170515815,0.1549710100502099,0.12117212508709463,0.06502620545421316,0.03797199364770572,0.026668076798153563,0.01747808606628936
9,SH2D2A,brain_anterior_cingulate_cortex_ba24,brain_cerebellum,0.48638837229875465,4.686405941843967,0.4937520915473955,0.02227210922530188,5.497045812998432e-05,0.3764895480325838,0.27253122840553407,0.14132528298151031,0.09775595128727702,0.06059621840195896,0.0388783877012955,0.02689762907331722,0.01915358369255496
9,SH2D2A,brain_anterior_cingulate_cortex_ba24,brain_cortex,0.7593464819902366,3.8882020041733085,0.6869394389243194,0.02687496673115188,0.00012718201004338303,0.6749676985829015,0.3472764828071461,0.21061755538023763,0.12083974093429786,0.058447207973498116,0.04081360954216408,0.026451872030491864,0.01720440251085046
9,SH2D2A,brain_anterior_cingulate_cortex_ba24,brain_frontal_cortex_ba9,0.829086918562006,3.607538412500267,0.844951341778207,0.01237223224211614,2.8152133997689112e-05,0.7963297970705149,0.3474377422037845,0.22691748141464996,0.13023960983823846,0.060992690472649304,0.04353873999537115,0.02575406328956672,0.01855320187517604
9,SH2D2A,brain_anterior_cingulate_cortex_ba24,brain_hypothalamus,0.6445421661301032,4.319945412883077,0.5632841209862341,0.01155783068709862,8.055299293808098e-05,0.6604663340550583,0.33428768176180795,0.22678317520530045,0.14975008523016692,0.0692171865987026,0.052103793472983585,0.0329649209248472,0.02370546461454838
9,SH2D2A,brain_anterior_cingulate_cortex_ba24,brain_nucleus_accumbens_basal_ganglia,0.6394911565955923,4.4444237809371305,0.6518879381426724,0.01190483690050312,7.264950367607413e-05,0.6927158365999082,0.35272326166875406,0.19380201518222478,0.13505670507684936,0.06425389447305524,0.050006228078120774,0.03315935071136708,0.01742294285660586
9,SH2D2A,brain_anterior_cingulate_cortex_ba24,brain_putamen_basal_ganglia,0.5861885866905828,4.466324225596671,0.536319954687545,0.03712642251243066,0.0001692496512452185,0.545305793115056,0.2680541683432767,0.18570194014252925,0.13810619525653248,0.05618307034666294,0.04297751331707646,0.03220472626866178,0.020598337512334818
9,SH2D2A,brain_anterior_cingulate_cortex_ba24,brain_spinal_cord_cervical_c-1,0.49600586151076237,4.465415812458188,0.37561743931089847,0.06969869346947269,0.0002456380625403281,0.6316398608196713,0.4678981988368771,0.17631271293396192,0.13999211081307195,0.07761470576586882,0.05026730720040797,0.03134752090940964,0.02294328072268598
9,SH2D2A,brain_caudate_basal_ganglia,brain_cerebellar_hemisphere,0.44453676951584165,5.136675007836975,0.45476202550477945,0.03244257131153408,0.00011620742213229319,0.38296648147681367,0.25431901823092473,0.1666993185879518,0.0993849085063252,0.0651774721178683,0.0393555492711216,0.02979003666920938,0.01909195922586416
9,SH2D2A,brain_caudate_basal_ganglia,brain_cerebellum,0.4516317230180718,4.828311033279787,0.4599455246876216,0.02804415949708256,9.152928345918006e-05,0.40504935985677326,0.24378496110019712,0.13890120465061256,0.091426613466369,0.06269499811794248,0.03955714544611138,0.03192415493936266,0.02007785258000988
9,SH2D2A,brain_caudate_basal_ganglia,brain_cortex,0.561591367030774,4.69910336064552,0.49967411306838694,0.02555477198675666,9.978761953651669e-05,0.46047977749198665,0.2104109743890339,0.1715647808090034,0.12283386032471325,0.06244779882361756,0.04127463800804532,0.03067322861451316,0.01862036940031924
9,SH2D2A,brain_caudate_basal_ganglia,brain_frontal_cortex_ba9,0.5485078842396469,4.661171623825476,0.5517716810268154,0.03322350504142042,8.074790989589655e-05,0.4466526925888773,0.23316841390375775,0.18441667247830443,0.122812819658773,0.0620216700598194,0.0414121905840865,0.03080684692174642,0.021019191292504322
9,SH2D2A,brain_caudate_basal_ganglia,brain_hypothalamus,0.5506186880224092,4.794015718374338,0.5646135445488872,0.02188902846905506,7.786409836760474e-05,0.60984410025681,0.2675157674938145,0.1883274008180728,0.1328838835352492,0.07629656240719059,0.05606906871012231,0.0386939034887398,0.024289153236835302
9,SH2D2A,brain_caudate_basal_ganglia,brain_nucleus_accumbens_basal_ganglia,0.6963349381094173,3.521972627860049,0.696358917015478,0.015995291131184818,7.247983515400283e-05,0.7225196218338992,0.28900462598332904,0.17533186026510467,0.12836259769042235,0.06881825136011961,0.054957403844603514,0.0345958466944132,0.01821937058930518
9,SH2D2A,brain_caudate_basal_ganglia,brain_putamen_basal_ganglia,0.8499710592116733,2.865802898575142,0.8607823537688148,0.01814913269512432,0.0001267421811722656,1.055565659256293,0.29080686527901217,0.19122377214847858,0.12363642071728084,0.06788951451934125,0.04546133602585512,0.03156931860828522,0.01927649468726516
9,SH2D2A,brain_caudate_basal_ganglia,brain_spinal_cord_cervical_c-1,0.4352855243770267,4.881427279831348,0.3369149798449933,0.07473109073226088,0.00028475670979601997,0.5552863236871416,0.2731029242278142,0.20094773802032603,0.12183961115750419,0.08382796449918896,0.05136025316141698,0.039615486808197396,0.023596013672009898
9,SH2D2A,brain_cerebellar_hemisphere,brain_cerebellum,0.7640947855089836,2.788415680208447,0.7223408581276554,0.02409208740886542,0.00019132557303093743,0.9416076232848514,0.42350700122510326,0.1558982197160704,0.12254926619243948,0.05608476175811276,0.03244805751965158,0.0258931488204479,0.01627978450827022
9,SH2D2A,brain_cerebellar_hemisphere,brain_cortex,0.45836312750880637,5.024159369762058,0.39668182966746884,0.01777114273002424,0.00013072891265523832,0.3603779725022547,0.2979400292648396,0.15405830458799705,0.10843349919497498,0.05685924695534964,0.03681857252531378,0.0266874108954546,0.0162419943110618
9,SH2D2A,brain_cerebellar_hemisphere,brain_frontal_cortex_ba9,0.4567517168151845,5.1180364833752865,0.5103544414211851,0.032026716742476494,8.190656162306876e-05,0.3568671604754413,0.3130601145809887,0.1587649169556851,0.10973705066679962,0.06778105551880245,0.03772899536509652,0.026609687908992104,0.0171691555145713
9,SH2D2A,brain_cerebellar_hemisphere,brain_hypothalamus,0.4857064396478533,4.8750062791650235,0.4505428384691489,0.05331730759850177,0.00017924123802052559,0.5869317076389734,0.3077030348466351,0.16973399992646881,0.14938897405074147,0.07700064306257806,0.04382390230131504,0.03310521621311694,0.020541902883087198
9,SH2D2A,brain_cerebellar_hemisphere,brain_nucleus_accumbens_basal_ganglia,0.43837823049592234,4.921501286046995,0.4752123901756401,0.029796302173822963,0.00013354490649136288,0.4001897947416132,0.2959951162799065,0.15531971159455116,0.11313704904367176,0.06754892818925604,0.0441007549274187,0.03024274873667846,0.017423508727683938
9,SH2D2A,brain_cerebellar_hemisphere,brain_putamen_basal_ganglia,0.44149518389134823,5.0097945653016325,0.44336269043419263,0.041595071096478184,0.00015050576488671963,0.46313111644677685,0.2694596709185333,0.17113157374932825,0.10662804688490642,0.06435165848267935,0.03872953075278216,0.03040479526510954,0.01868295056430522
9,SH2D2A,brain_cerebellar_hemisphere,brain_spinal_cord_cervical_c-1,0.4032458665447464,4.718657637482018,0.31544041007254436,0.10120885349049076,0.00025732699280346,0.5400413075091812,0.3128293651050444,0.20674241013716146,0.1338499653605961,0.07453665257796933,0.04243096886804754,0.03090285872212318,0.01961599132832538
9,SH2D2A,brain_cerebellum,brain_cortex,0.4750826867078587,4.831162286574511,0.4125696877915296,0.012355592008754659,5.2693902112595066e-05,0.35262858797172314,0.26752087789255846,0.14867557402126103,0.08882756364147808,0.05838520891104572,0.0369715721691722,0.026468243921243063,0.01734460914017948
9,SH2D2A,brain_cerebellum,brain_frontal_cortex_ba9,0.4751512260486721,4.836771097472173,0.4478307473147095,0.02245292028701186,3.2630166075980934e-05,0.3582684525164289,0.27813883054332217,0.14603987465721616,0.0882708545774893,0.0669445173171119,0.03770581130102496,0.02649599802602398,0.01923202162871964
9,SH2D2A,brain_cerebellum,brain_hypothalamus,0.5148667266980349,4.535218350714109,0.4684981461930014,0.040514108861478784,0.0001386677401395797,0.6369023365540122,0.2944679155738944,0.15664656469885796,0.1260058531631701,0.06781025680305518,0.043317250564693384,0.03467975211287324,0.022794571557322417
9,SH2D2A,brain_cerebellum,brain_nucleus_accumbens_basal_ganglia,0.44145753226634205,4.6349545684150755,0.34902541948154664,0.02025922974295808,8.203558405761564e-05,0.409887357767898,0.2619245620159466,0.143799090560711,0.09467647781522832,0.06526730338656143,0.044921994329031975,0.030754553542804382,0.01835500631451594
9,SH2D2A,brain_cerebellum,brain_putamen_basal_ganglia,0.44748770957058587,4.796952513713563,0.4110517505924465,0.0400793738702192,0.00014723458866844154,0.4726163981615355,0.25980934202121675,0.1477752444446306,0.09097804794720757,0.064323788133319,0.03810795541595672,0.02972272994275954,0.02075814833682946
9,SH2D2A,brain_cerebellum,brain_spinal_cord_cervical_c-1,0.41302114276555413,4.241019134298358,0.2989699377813734,0.0957131143461698,0.0002000915358183,0.5572514572120921,0.29472715574848507,0.16675326664017448,0.12598547084679745,0.0712348153914584,0.043389177709460755,0.03119249301052852,0.02204271579125136
9,SH2D2A,brain_cortex,brain_frontal_cortex_ba9,0.781579391354709,3.5443386701243833,0.7277350314322579,0.023854741983712482,0.00010499508933090795,0.6683810566028037,0.3024477865182008,0.2287237506043997,0.13517095026840836,0.060310109118582776,0.03925029603098208,0.0254126072935022,0.01725369236704994
9,SH2D2A,brain_cortex,brain_hypothalamus,0.5857244479290109,4.383583301228446,0.5747617186854737,0.03696748989092073,0.00010461726852736791,0.6228426655655491,0.2770650126593336,0.18745262851881841,0.14477673495755874,0.07227101967968189,0.047667803791843884,0.031758554996576385,0.02161865792927306
9,SH2D2A,brain_cortex,brain_nucleus_accumbens_basal_ganglia,0.5688948256656878,4.5756575891262745,0.5660988681249758,0.01838580137549714,8.706780565436638e-05,0.5478573950508479,0.2808388520937159,0.18093549080691723,0.1407115623640048,0.06354384722176339,0.04358309085604848,0.03022818277921584,0.017392033670900163
9,SH2D2A,brain_cortex,brain_putamen_basal_ganglia,0.5573655680841949,4.511590432638606,0.4681194541443846,0.027266827641558057,0.00010249895305440015,0.5104099965231026,0.22781673529693197,0.18523895040018928,0.13823599440274942,0.0614087517303583,0.04126074803319772,0.02870637430710196,0.019225952954875163
9,SH2D2A,brain_cortex,brain_spinal_cord_cervical_c-1,0.46816278687612894,4.197061874923004,0.39609500435447415,0.07939729880374079,0.00021119686986175945,0.6254821868753667,0.33460703062876856,0.17629505724033256,0.12453922549287962,0.07214369173178302,0.0497545642839487,0.03181178877184304,0.01985587368523626
9,SH2D2A,brain_frontal_cortex_ba9,brain_hypothalamus,0.598710175024333,4.601388299792054,0.5391621827149576,0.02142592764716682,6.748572965929683e-05,0.646457942069924,0.291830319943988,0.19471219621471186,0.15838462519277532,0.07702073011345813,0.04849600864437218,0.03321611551641618,0.0237246754030591
9,SH2D2A,brain_frontal_cortex_ba9,brain_nucleus_accumbens_basal_ganglia,0.5845337618866877,4.591336297233293,0.5858673550285538,0.01568287386742378,5.7510611480462385e-05,0.6328622078754472,0.2936166871053247,0.18774609875605877,0.1574464166931245,0.06657589264203065,0.04605740368795096,0.030366777555614698,0.01845653690289928
9,SH2D2A,brain_frontal_cortex_ba9,brain_putamen_basal_ganglia,0.5885399111719354,4.34738611273485,0.5351552320247295,0.04772351414935886,0.0001455333018449999,0.5452359925755531,0.2491202013617249,0.20689701752438774,0.1475742250877663,0.06381384220821709,0.03935552871454574,0.0294064394200468,0.020991032452661578
9,SH2D2A,brain_frontal_cortex_ba9,brain_spinal_cord_cervical_c-1,0.4721583905365782,4.5322457652458015,0.3827470092701367,0.07353660091419484,0.00020723157275286068,0.6387036652264066,0.3756565568754557,0.19950406013049696,0.13079822688961001,0.07644762258219072,0.04812212464673454,0.032387428388182184,0.022582568334472718
9,SH2D2A,brain_hypothalamus,brain_nucleus_accumbens_basal_ganglia,0.5907784710394743,4.425375048690834,0.5809055846414084,0.030847328244358894,0.00017701045174359437,0.6933858422937743,0.3294124825510448,0.18942203951981892,0.16169990240861717,0.07912567441501273,0.061416210337527956,0.040605776698975936,0.02217350695087608
9,SH2D2A,brain_hypothalamus,brain_putamen_basal_ganglia,0.5767273844791028,4.328760529378452,0.5159830042925698,0.0273761017805343,0.00011689623465406093,0.7810455002504015,0.2731432547057085,0.20231749356529155,0.14581336371954592,0.0795210919856151,0.0522381740428148,0.03742554608894382,0.02432540458478376
9,SH2D2A,brain_hypothalamus,brain_spinal_cord_cervical_c-1,0.5080643446710104,4.212948417538226,0.43487446646074635,0.07427809058738662,0.0002687835050289173,0.8669521198554098,0.4044707962410298,0.2202985643325106,0.1456957911866859,0.10381587466966054,0.05693100217122428,0.04284467533079256,0.02815107784199184
9,SH2D2A,brain_nucleus_accumbens_basal_ganglia,brain_putamen_basal_ganglia,0.6529179053620293,3.6125689533644794,0.602571516596089,0.033082663108530926,0.00013799550630998392,0.7127352815569767,0.2978765259700209,0.20192333110257804,0.1388052491383274,0.0703929651976478,0.048136588387144096,0.03479996004051392,0.017656717132841983
9,SH2D2A,brain_nucleus_accumbens_basal_ganglia,brain_spinal_cord_cervical_c-1,0.41916436904210413,5.016979427095973,0.3539541377866014,0.0814659062060812,0.00029850999300985276,0.5665338315248056,0.3244617221003068,0.20189079508605948,0.13748896931106924,0.08571331609969848,0.06242273679183012,0.03839641124529192,0.0200939378837839
9,SH2D2A,brain_putamen_basal_ganglia,brain_spinal_cord_cervical_c-1,0.43416722848588896,4.8631949479252325,0.307243567534402,0.04246394954246824,0.0001772427548379803,0.6143255731328685,0.28788854388062923,0.2279086288327891,0.13011171910414687,0.08032386217827095,0.050346541133253986,0.03660570637080396,0.02337184693466118
10,JAM2,brain_amygdala,brain_anterior_cingulate_cortex_ba24,0.4773316744554867,3.3266339910508984,0.499389635638657,0.03866618781395228,0.00015130095261621577,0.9189812003863412,0.39189307399420625,0.21532621160973503,0.1333105103433059,0.09566443102027522,0.05535760587391032,0.04238021348662828,0.02506566935841568
10,JAM2,brain_amygdala,brain_caudate_basal_ganglia,0.3190804726151662,4.785711519983365,0.20014640782637313,0.04288726823705524,0.00013015643206350707,0.4561009087265388,0.2987663192507816,0.19592390904760465,0.14174788092265495,0.08169223178799093,0.06761031916844014,0.04148461676377068,0.03056711688834272
10,JAM2,brain_amygdala,brain_cerebellar_hemisphere,0.2345902764126469,5.004621409463264,0.28328802524844143,0.04332520831495626,0.00012221883951127777,0.5479852586453208,0.19621435719792898,0.15362817668151454,0.12570306055321226,0.08687404602787059,0.056790178434274786,0.040754495207006455,0.024206745126931363
10,JAM2,brain_amygdala,brain_cerebellum,0.23543823185953516,5.206874587773082,0.21063927158937618,0.06388152457569976,0.0001766760527295,0.4120070007169744,0.21888329093322664,0.15925979856404288,0.11787684283454566,0.07924556562673155,0.055033037907485816,0.035253825497953487,0.02097958864648394
10,JAM2,brain_amygdala,brain_cortex,0.34009338629540065,4.785298750840878,0.3021588560931966,0.0573946757925473,0.00019323581125262,0.4545338767147992,0.2391307845040677,0.178172985607408,0.12663618029630133,0.09382003561335443,0.05542899268565754,0.04053385232634144,0.027035527722190457
10,JAM2,brain_amygdala,brain_frontal_cortex_ba9,0.35948864164860217,4.678138465280157,0.31091689792677596,0.08349023390184987,0.00025066985218415996,0.52290512936253,0.29066772395104523,0.19984504334646042,0.14088833784329333,0.09503655560594115,0.05984368679217816,0.04354427765906706,0.02737219905997314
10,JAM2,brain_amygdala,brain_hypothalamus,0.34096460555051145,4.696110449539093,0.26161026780741453,0.04667975568447986,0.00012024776987598928,0.5440953871292854,0.28279134146589824,0.19996507082017226,0.15040604846156652,0.10577653989667395,0.06459807886425936,0.04820509575820612,0.024884909095991718
10,JAM2,brain_amygdala,brain_nucleus_accumbens_basal_ganglia,0.30088282634565167,4.540372690478568,0.20506687640708296,0.03238885439836162,8.730763164643046e-05,0.5435676775291713,0.29456160617335053,0.20030370727530927,0.15884803262999206,0.08866202774627527,0.056282165276694364,0.03962842817769654,0.026926148233216478
10,JAM2,brain_amygdala,brain_putamen_basal_ganglia,0.3350127762291146,4.700138707347764,0.20713383802103444,0.03258762197225422,9.231967314826629e-05,0.49409901185924915,0.2625501696331666,0.16632218919137692,0.13516426690126912,0.08281331788996968,0.06902204860220265,0.040315142633337395,0.03134529951741644
10,JAM2,brain_amygdala,brain_spinal_cord_cervical_c-1,0.25359805862654977,5.349093413742369,0.15712124790113552,0.02575138061397998,6.958680044029837e-05,0.3592408191736115,0.2379772940722893,0.18843748133220806,0.1445497300521618,0.10459032383562901,0.0814465626314386,0.04502842922089913,0.02855732792313942
10,JAM2,brain_anterior_cingulate_cortex_ba24,brain_caudate_basal_ganglia,0.3244626102696603,5.246239203845039,0.2692033494213472,0.039526111253977425,0.00011030068896158837,0.3343190433662814,0.22956197108466775,0.1514844270562359,0.11435924126231312,0.0795912808347559,0.05633957474296458,0.0367388274985901,0.02562398171157084
10,JAM2,brain_anterior_cingulate_cortex_ba24,brain_cerebellar_hemisphere,0.21601762741713543,5.376927544291151,0.23453954460387744,0.036795360875894224,0.00011798446326679536,0.2952709541350812,0.18066329730587297,0.13464293864793114,0.11060149961585278,0.06940237521031489,0.047404065104564096,0.03638364680652084,0.02205350295978418
10,JAM2,brain_anterior_cingulate_cortex_ba24,brain_cerebellum,0.23817733133645858,5.3090735273963885,0.22987873091977776,0.04498806344385344,0.00011947757504327109,0.28107625634908867,0.1929641685869674,0.14072337053050754,0.10770319336975201,0.07132165293215018,0.045433936231650464,0.0295082568155705,0.01984756559961026
10,JAM2,brain_anterior_cingulate_cortex_ba24,brain_cortex,0.5214195101567907,3.628876520724875,0.6060981149941836,0.06690021995063641,0.0002190810684453097,0.7128091186396495,0.27136865800725135,0.15797441116684793,0.1035276012940854,0.08849879513860096,0.04455168890768152,0.0349528482512945,0.023062992953057297
10,JAM2,brain_anterior_cingulate_cortex_ba24,brain_frontal_cortex_ba9,0.66047423357636,2.906948594831474,0.6855614010822041,0.15694645018821804,0.00055184434749042,1.087191896114915,0.3357308095221603,0.18052178578076555,0.12482207051354881,0.07966019554394681,0.05313800131635724,0.03528723104728994,0.021859518720015538
10,JAM2,brain_anterior_cingulate_cortex_ba24,brain_hypothalamus,0.4015069077795891,4.814574540935723,0.4689798902289647,0.04756387171591076,0.00010768265367631699,0.44620928568951024,0.27062569527578706,0.17421961962245264,0.12786250902861424,0.09199720410533671,0.05577757929670686,0.040496722440596,0.02066944986695524
10,JAM2,brain_anterior_cingulate_cortex_ba24,brain_nucleus_accumbens_basal_ganglia,0.3200484641022293,4.798410720475308,0.33255832738112784,0.022109911902815298,9.782863771849253e-05,0.40541255070850557,0.2573668453136525,0.18047105340244468,0.12426495543667546,0.07581979743843828,0.04536334604154356,0.03614649174319236,0.02335065843200844
10,JAM2,brain_anterior_cingulate_cortex_ba24,brain_putamen_basal_ganglia,0.36570272892075933,5.164525626109659,0.3972183699429209,0.04694353789541198,0.00013965048699253238,0.37710319520235547,0.22385438156876597,0.1489762787018642,0.115662368894037,0.08066678500369465,0.059127679829112975,0.03660714272997194,0.02369134129557788
10,JAM2,brain_anterior_cingulate_cortex_ba24,brain_spinal_cord_cervical_c-1,0.29600440411527357,5.0054565544949465,0.3330476991972037,0.04560926275600728,0.00012360325647524544,0.3709510676246487,0.24750041811159873,0.1666604791894004,0.11718196550226176,0.09262575814009982,0.0613090735224446,0.03934914536660232,0.02479745617875222
10,JAM2,brain_caudate_basal_ganglia,brain_cerebellar_hemisphere,0.19323856388562077,5.616948292457731,0.15409961040113201,0.03965226164600836,0.00012043316438804024,0.24710945378956697,0.18319573193514832,0.12983863509208673,0.1032533022626494,0.07383175342887788,0.055559745753971976,0.03626134307689351,0.023582589805649777
10,JAM2,brain_caudate_basal_ganglia,brain_cerebellum,0.2287508764695966,5.27679269136747,0.18555632785801998,0.03796192358061986,0.00011074630583344195,0.26731987350470005,0.203606819621395,0.15380630800410006,0.09538402350296914,0.06494622775562328,0.052305442630279794,0.0310492903152154,0.02180495226940232
10,JAM2,brain_caudate_basal_ganglia,brain_cortex,0.33673787568101976,5.310236554216428,0.33095244817924885,0.06461698029708993,0.00016934553391424002,0.3588953761436905,0.22338915644832363,0.15511451891875733,0.10919962369154634,0.0723841713126399,0.056239714591478654,0.03597733109793312,0.02881154779251424
10,JAM2,brain_caudate_basal_ganglia,brain_frontal_cortex_ba9,0.338064896979028,5.427006967560361,0.26093942032902107,0.03347901557061454,0.00013799303150606573,0.35706647970057703,0.21775535633162404,0.15871844711274488,0.1376891047210658,0.07673910748930399,0.06267043853103253,0.038172140963586544,0.0284030514714739
10,JAM2,brain_caudate_basal_ganglia,brain_hypothalamus,0.4290827963509579,4.365863179278735,0.3327541050706788,0.06565961715077688,0.00016600101001699986,0.5108756303164171,0.26142552123669816,0.19307326046824497,0.12121927552734908,0.0804891588701585,0.06041085711412608,0.040698189717093616,0.02634251630588046
10,JAM2,brain_caudate_basal_ganglia,brain_nucleus_accumbens_basal_ganglia,0.4791803505761131,2.892622609119189,0.44229893727309966,0.0448602656975789,0.00014967465257746223,0.9408344265638032,0.34015009041275357,0.18134743138191617,0.11968869230243917,0.07050523077713604,0.055725515409158696,0.036453342622436505,0.025557916207243802
10,JAM2,brain_caudate_basal_ganglia,brain_putamen_basal_ganglia,0.7912115944767406,2.336378357680818,0.7565715927592436,0.031139556481924402,0.00013034025356909975,1.4071854189107758,0.31475668168113424,0.1858183592511701,0.11830753487798792,0.0837625275581084,0.055581151954212,0.040510245122023,0.02673892498528188
10,JAM2,brain_caudate_basal_ganglia,brain_spinal_cord_cervical_c-1,0.3244748917330111,4.45458946801445,0.26195473815412573,0.04509524302586032,9.612049426017061e-05,0.5246146727308943,0.23636114332570676,0.1630489014580458,0.1108235717296776,0.08142772942269441,0.06616651459913195,0.04176036879734218,0.029169465515650177
10,JAM2,brain_cerebellar_hemisphere,brain_cerebellum,0.5482147335806461,2.308941701347768,0.45342815771231815,0.07601138578572011,0.00025982224890134,1.5025322105991097,0.7252815961264678,0.14336531115670464,0.10302911336287887,0.06441449657782963,0.04293237464979934,0.02610348819867316,0.01705928385384384
10,JAM2,brain_cerebellar_hemisphere,brain_cortex,0.24689285517378665,4.650200436191859,0.26679039782539316,0.038557263227134195,0.0001197281762249508,0.32067655242762305,0.1662400919973562,0.14077213931709692,0.09878494752140717,0.06895816418668967,0.04466233690912886,0.035859472347822705,0.022207079655970442
10,JAM2,brain_cerebellar_hemisphere,brain_frontal_cortex_ba9,0.2260260260206445,5.304785863066422,0.252535175838933,0.03653391502120734,8.807895964771655e-05,0.26429355642585317,0.18701918262778788,0.1524444911562175,0.1248806283054726,0.07124775033670709,0.05062768730292892,0.03636405674172184,0.021888797756726502
10,JAM2,brain_cerebellar_hemisphere,brain_hypothalamus,0.23742834269164836,4.792223306149222,0.18496980230687066,0.02469052124089984,8.75293840604681e-05,0.40020637077394794,0.23750778800889902,0.15065051618176245,0.12246618917668414,0.08112622230738684,0.054607386948723045,0.03696302928351488,0.019448987532708163
10,JAM2,brain_cerebellar_hemisphere,brain_nucleus_accumbens_basal_ganglia,0.19116311422023485,4.95772815733053,0.17202757332179536,0.03967505988364099,9.538430680562414e-05,0.33737781534583194,0.2026329037799436,0.1364958844968125,0.10551978411068752,0.07566328517921696,0.04854602954940827,0.034296802774975,0.021990059587314002
10,JAM2,brain_cerebellar_hemisphere,brain_putamen_basal_ganglia,0.2221349067819185,5.015339688984709,0.24945723244614237,0.032780301541042764,8.509822159459482e-05,0.32096195245169684,0.16685223370694618,0.12887781328183068,0.10134124439267114,0.07030383691272746,0.05822773658991206,0.03608572526450224,0.02254007105173488
10,JAM2,brain_cerebellar_hemisphere,brain_spinal_cord_cervical_c-1,0.20792520273626497,4.554447819618739,0.2843741297625012,0.028079590163189616,7.52301497554514e-05,0.40684405863594025,0.2169341899782699,0.15242222420340204,0.10031935651686638,0.07734620951354172,0.05471876894595986,0.03704795187170274,0.0233755805050018
10,JAM2,brain_cerebellum,brain_cortex,0.3071594560103849,4.492112810088053,0.33948730423192863,0.03207983921857144,9.930845756940887e-05,0.37071672418218726,0.20261024531298827,0.15373193904501722,0.09747242159959417,0.06643361809020028,0.0437800815847843,0.029654978035162278,0.01987249296858062
10,JAM2,brain_cerebellum,brain_frontal_cortex_ba9,0.25583507033960323,5.134700257339145,0.24027950158869324,0.03965551882770988,0.00010044590244682439,0.26865541880986626,0.20783018993817323,0.1637873172924092,0.10763687369808031,0.0716119260418091,0.0470723064224956,0.03073006022540198,0.019811550000528342
10,JAM2,brain_cerebellum,brain_hypothalamus,0.29211095458093705,4.351592235792131,0.21723423911730005,0.04980189527572486,0.0001604613964444744,0.48951233301822566,0.2302975502420655,0.15762742654500767,0.11674788331469022,0.07796835730721627,0.05050409573119463,0.03144147733690404,0.019008698258101458
10,JAM2,brain_cerebellum,brain_nucleus_accumbens_basal_ganglia,0.22564010746740454,4.605644520522061,0.19611742454111764,0.06832730310098159,0.00016881745429608,0.38400328945955875,0.214687580573191,0.14724771114011645,0.10102063579215445,0.07191235822484385,0.04630652999866608,0.03026486515282668,0.019492412069044042
10,JAM2,brain_cerebellum,brain_putamen_basal_ganglia,0.2684407667001013,4.616414779424242,0.23056929687810818,0.028205099341581864,9.770751254685652e-05,0.3617074866723925,0.1916299559221147,0.13652416989685995,0.09878738198717063,0.07106728775126407,0.04779322769398964,0.029114645566488517,0.0218629503605594
10,JAM2,brain_cerebellum,brain_spinal_cord_cervical_c-1,0.2678674657188545,3.9617077478286022,0.3230553243393029,0.03014830519290092,0.00010164841354063708,0.5548204681667288,0.2261996811471449,0.16920003972281922,0.0986724558752454,0.07657679909004131,0.0439363848481688,0.0335381353097499,0.0213306742231498
10,JAM2,brain_cortex,brain_frontal_cortex_ba9,0.620761577179987,3.1131388451670956,0.5443027088034305,0.07432383462348666,0.0002703182917080956,0.970870906288497,0.27399880754277856,0.18123197366116064,0.11028970312723833,0.0829708181127487,0.046825146396120024,0.03487767677061978,0.0246649405006879
10,JAM2,brain_cortex,brain_hypothalamus,0.35640343412818043,5.608537632446074,0.29804251042251995,0.04596165231229804,0.00011162827056057866,0.2847258060256904,0.22106660933345523,0.16535688448398594,0.11699123257237003,0.09089652520313134,0.05508407306584249,0.04052465937210194,0.02318032145246586
10,JAM2,brain_cortex,brain_nucleus_accumbens_basal_ganglia,0.28359477861951443,5.349980458050437,0.2539395282678666,0.0646540662655772,0.00018961261156294002,0.3039390355877263,0.21137270740821706,0.1514399804350171,0.11496964493760416,0.06900430763344878,0.05068981626761622,0.035187538782107244,0.026580317905476557
10,JAM2,brain_cortex,brain_putamen_basal_ganglia,0.366609208829595,5.221128516596311,0.3935791241121871,0.0560298677330535,0.00015245540664834,0.3622571176202295,0.20654314517999078,0.1495186326909149,0.10784946484542593,0.07060682028173716,0.05366522857849458,0.036435057742480084,0.028254979480904902
10,JAM2,brain_cortex,brain_spinal_cord_cervical_c-1,0.3369663547582619,4.700100696059472,0.3192153587263383,0.04417251300513832,0.00017000020367066837,0.41668388991759936,0.24564676696595472,0.17858293577301176,0.11082408200079567,0.0881764077136302,0.05621667283284594,0.03800510431116732,0.027010504263373418
10,JAM2,brain_frontal_cortex_ba9,brain_hypothalamus,0.3825818082507241,5.437812947007799,0.45397121178940336,0.0292299533425238,0.0001149566425277593,0.34986591162584835,0.24584833187334798,0.17955374287466733,0.14187991013643914,0.09515067581816297,0.06252982264502802,0.03983044440333924,0.02262602613277408
10,JAM2,brain_frontal_cortex_ba9,brain_nucleus_accumbens_basal_ganglia,0.31149955514703,5.3197351142045886,0.29462470307790106,0.037749481567731204,0.0001540797423437826,0.3389732612454053,0.2325316379090503,0.16981946687806299,0.14640671120692242,0.07278767634926026,0.0512939621532838,0.03710260684879496,0.025517555083482562
10,JAM2,brain_frontal_cortex_ba9,brain_putamen_basal_ganglia,0.3729269646231418,5.369090675122866,0.4107379664179769,0.030595761619837743,0.0001016636159421694,0.3671728681595291,0.22496557658035074,0.15203360867273036,0.12378594047633087,0.08334228010112957,0.06367542356836846,0.03812857168696498,0.02689221334051924
10,JAM2,brain_frontal_cortex_ba9,brain_spinal_cord_cervical_c-1,0.31384925791306617,4.973920128468863,0.4280630070136137,0.0376380021421646,0.00011570244429205234,0.3639471365759376,0.23958862898324465,0.17580204864738153,0.12974687446354585,0.09199279391281527,0.06361549853820828,0.03921108289043662,0.026266663264099422
10,JAM2,brain_hypothalamus,brain_nucleus_accumbens_basal_ganglia,0.48539715975689923,3.475821223882341,0.593451466505962,0.03199910052877042,7.846351899259732e-05,0.9208860440860187,0.3043051027035368,0.2006123249641004,0.13529500160458952,0.07772981042075586,0.051895246687239285,0.03961759008901624,0.0223772859143335
10,JAM2,brain_hypothalamus,brain_putamen_basal_ganglia,0.46149535653837315,4.268089803626517,0.4956352457285259,0.037692602980400655,0.0001103327830591773,0.5204172012436804,0.24851682092189348,0.18223046838058748,0.11976104731034572,0.0806881169706968,0.06156737106289199,0.037015520930791315,0.02682318507455602
10,JAM2,brain_hypothalamus,brain_spinal_cord_cervical_c-1,0.39317661765708634,4.255689511279759,0.4785239406455627,0.02429617009367426,5.9604084116243675e-05,0.5446211246029933,0.26065915724982935,0.19517136652424644,0.12575009293224265,0.09724042193840039,0.06625798879782896,0.04467906047113056,0.02359686727750588
10,JAM2,brain_nucleus_accumbens_basal_ganglia,brain_putamen_basal_ganglia,0.4863508184302165,2.990202812269727,0.532978415533736,0.030609093653433523,8.185431327562803e-05,0.8494855923571685,0.3217131979991807,0.1711052699992437,0.12172071678504195,0.07277944218014051,0.05318282992624139,0.03642394167047258,0.02482992978053706
10,JAM2,brain_nucleus_accumbens_basal_ganglia,brain_spinal_cord_cervical_c-1,0.31571283385713067,4.015060221401495,0.29245342872557306,0.03370582301912212,5.0810437770979585e-05,0.5506942154893834,0.2543522158822506,0.16556856926570696,0.11961134515070992,0.08078129916779764,0.05579513622343579,0.03752644442570658,0.0277748674498016
10,JAM2,brain_putamen_basal_ganglia,brain_spinal_cord_cervical_c-1,0.3352648252576048,4.620214571323996,0.42077628236989656,0.024350812393222322,6.580191990447401e-05,0.42866487964347033,0.23093948061471936,0.1656979707352807,0.11208570969404019,0.08299475622917199,0.06622051101203216,0.04076357594117816,0.02807885581513774
10,SH2D2A,brain_amygdala,brain_anterior_cingulate_cortex_ba24,0.7559745545064824,3.2097311258175187,0.7031783165063139,0.08679546463652227,5.820228846393961e-05,1.179804736326677,0.5700816098875867,0.365946983804965,0.1919329395753178,0.10076949311256307,0.07371973444399256,0.033694026841941324,0.02032043979304278
10,SH2D2A,brain_amygdala,brain_caudate_basal_ganglia,0.5889181152513029,4.182378446051642,0.6995083164008631,0.10732535169681212,6.182350097661281e-05,0.8782220874959448,0.46206416519399446,0.3580826242236129,0.20259608233539145,0.11529972057769869,0.08808994243109666,0.036355948076170305,0.02409689797234332
10,SH2D2A,brain_amygdala,brain_cerebellar_hemisphere,0.4818834696345828,4.440827930938083,0.48826173480415236,0.14342706172604477,0.0001008008622828066,0.748276618948927,0.43973481132031517,0.28827323268414096,0.167579351019767,0.10455562708060387,0.0690562146426849,0.0331070315741772,0.01766647520756082
10,SH2D2A,brain_amygdala,brain_cerebellum,0.511565715236616,4.242179381876641,0.46798569096736653,0.11993536316862,7.793479075963688e-05,0.862738599631886,0.3728111460098922,0.25614856911939415,0.17078822782165637,0.10098027481523411,0.060492448656653854,0.034317224082231076,0.017552243874059358
10,SH2D2A,brain_amygdala,brain_cortex,0.5658561529232017,4.022419648967431,0.6138720272103784,0.1562351616134714,9.946443606725771e-05,0.8279157399673898,0.4186298830482335,0.31002279541405364,0.18882490313071282,0.09787355972903275,0.07770845645264272,0.034557258495514234,0.01887412472248756
10,SH2D2A,brain_amygdala,brain_frontal_cortex_ba9,0.6229717718789523,3.8557977797288494,0.5824925656516191,0.14080882576365883,7.253693421600753e-05,0.8798927139216737,0.4273739397991683,0.3099838089754492,0.2060165725521328,0.10038407557719442,0.06701161910105899,0.03417439506529788,0.01872892789956532
10,SH2D2A,brain_amygdala,brain_hypothalamus,0.6205700579486768,4.099855837178965,0.6607183799249199,0.11638558758321904,6.277746081395974e-05,1.0639018030154892,0.5664577083879834,0.4156288688097982,0.24268871246369303,0.1201008446741337,0.09343316520184597,0.04295307252637768,0.023232533588705362
10,SH2D2A,brain_amygdala,brain_nucleus_accumbens_basal_ganglia,0.6150634136071879,4.0702819988189045,0.663174812492083,0.06329636621938325,6.983631984676104e-05,0.8760557577309493,0.5188772699668673,0.4095979890032012,0.189791297834225,0.11299764870953574,0.08859015633426351,0.037862980137261984,0.02197125015985368
10,SH2D2A,brain_amygdala,brain_putamen_basal_ganglia,0.5360999080514584,4.269041618642749,0.5271318505299808,0.11283465741812637,9.502056407090414e-05,0.7518554119861072,0.4303845601721372,0.3795982178086099,0.18915501827131323,0.1085502918266916,0.07925146990196161,0.035093126076638295,0.02354280137505012
10,SH2D2A,brain_amygdala,brain_spinal_cord_cervical_c-1,0.47312866008155136,4.468559627106567,0.39016850588127305,0.08690597791188664,0.00011009579448096446,0.9766065303132357,0.45816142663542603,0.37043967702134756,0.2554622335337961,0.1454099267725572,0.10028254172065251,0.040676242374191166,0.0247858651400928
10,SH2D2A,brain_anterior_cingulate_cortex_ba24,brain_caudate_basal_ganglia,0.5305545382463789,4.465597550169752,0.451165552595344,0.049492612214869856,5.2028106434777953e-05,0.592542935455794,0.41516931760969983,0.29275657560357937,0.17799421115850061,0.10399115669608847,0.07225908336510503,0.03428830533219188,0.02230560607724514
10,SH2D2A,brain_anterior_cingulate_cortex_ba24,brain_cerebellar_hemisphere,0.4765385748284604,4.674780547013965,0.44313175533000715,0.05475080040197681,6.082154678198973e-05,0.5646946810999809,0.3836540996665873,0.2562180862100266,0.1456294196857413,0.09100944357433353,0.06252975867906764,0.02978926913894906,0.0172643530506368
10,SH2D2A,brain_anterior_cingulate_cortex_ba24,brain_cerebellum,0.5160802096618144,4.439007330486622,0.4008513281288639,0.04774517240056912,8.446874995288571e-05,0.7251826844794931,0.3417397330846852,0.22478712193998845,0.15594469741044825,0.09247261164311023,0.055148149460054016,0.0314273233483923,0.016337754849406798
10,SH2D2A,brain_anterior_cingulate_cortex_ba24,brain_cortex,0.7461206308948383,3.0826042322351053,0.6420342568652524,0.13876946340941987,0.00010985206371213624,1.1026653570926341,0.43587998858522636,0.29002899025289647,0.1575782056302591,0.09234940334937448,0.06623504108677658,0.03209789190232678,0.017496383133949363
10,SH2D2A,brain_anterior_cingulate_cortex_ba24,brain_frontal_cortex_ba9,0.7837571632951199,3.206010800607282,0.7218600122362882,0.056723335347227656,2.799958872315838e-05,1.0509628593206934,0.4377423518448393,0.2740727152471944,0.1710639329772135,0.09762160797379744,0.05966358856993166,0.03221055810085534,0.0172824098882324
10,SH2D2A,brain_anterior_cingulate_cortex_ba24,brain_hypothalamus,0.5791165249022248,4.045001826347985,0.5117503436388081,0.16681304997059124,7.46673038410757e-05,0.8249729547613114,0.47142096735060834,0.37603208796672194,0.19877213811299377,0.10584706010216416,0.07931903421823921,0.036991238903897376,0.02204900122154992
10,SH2D2A,brain_anterior_cingulate_cortex_ba24,brain_nucleus_accumbens_basal_ganglia,0.5788271175752776,4.355888739431115,0.5976178198182784,0.040772555195982704,5.032721172072114e-05,0.6744452688861662,0.4406657647908748,0.3666868559664006,0.1589180191260318,0.10032014877021038,0.07428562339799807,0.034100337049408416,0.02034195025221706
10,SH2D2A,brain_anterior_cingulate_cortex_ba24,brain_putamen_basal_ganglia,0.5102801700557855,4.383280556511687,0.43369554868563487,0.1053812425066168,0.00013053466550243112,0.5812592792830198,0.43247959493548205,0.3039165933401306,0.16409225849849915,0.0980848467530836,0.06985952101879103,0.03327650158267844,0.02188626416449994
10,SH2D2A,brain_anterior_cingulate_cortex_ba24,brain_spinal_cord_cervical_c-1,0.46727974516407206,4.550409458159615,0.4230049260773276,0.1710138501104389,0.00013750086376054107,0.8795183078377221,0.43302308014032376,0.3350844024430455,0.20307602210564077,0.10973677443722281,0.08769445474525463,0.04007596012256068,0.022377453628173342
10,SH2D2A,brain_caudate_basal_ganglia,brain_cerebellar_hemisphere,0.4972530131264735,4.6003496312734145,0.5112635917529564,0.10649711543349964,0.00010519360666335191,0.6842868293177865,0.3939687900072662,0.2743357059164421,0.16978931698178262,0.10377388865071013,0.07078805059150702,0.032387741593741484,0.01886498407351692
10,SH2D2A,brain_caudate_basal_ganglia,brain_cerebellum,0.5212202334695897,4.349627036145852,0.5515657587217583,0.056243647622212845,8.07822640666093e-05,0.7442562996942405,0.3812779831957365,0.238214868160453,0.17093220831950928,0.094172438551078,0.061518791214155245,0.03443701739290146,0.01886518321605394
10,SH2D2A,brain_caudate_basal_ganglia,brain_cortex,0.5332895528229494,4.6128401918151,0.5719472454440574,0.04991894256375072,6.708229078040818e-05,0.6413913871644344,0.41377696984176027,0.26632898439300623,0.18081472479419652,0.10209951325825703,0.07896511196176301,0.03564126789893922,0.01970479556226678
10,SH2D2A,brain_caudate_basal_ganglia,brain_frontal_cortex_ba9,0.5514721988294051,4.647267952654038,0.5090814519617195,0.046234379552748305,5.393709365155307e-05,0.5701921343557005,0.4118338814262185,0.2638515429889402,0.18181049261770932,0.1126049765088303,0.06547090923599755,0.0344896285331237,0.0197178341277024
10,SH2D2A,brain_caudate_basal_ganglia,brain_hypothalamus,0.5735144630639966,4.3150524569437945,0.5962005081654104,0.1635574333824185,8.611872078304568e-05,0.8699685521907676,0.5328781247560574,0.3351954097949436,0.2145914251550641,0.12275116739118397,0.09063638297508836,0.04127147241540174,0.02651837412209352
10,SH2D2A,brain_caudate_basal_ganglia,brain_nucleus_accumbens_basal_ganglia,0.6689815586197645,3.8490281433619216,0.6864675657622366,0.07844564412195844,8.018193922338958e-05,1.0091228073127732,0.5351731598295303,0.33530980902321167,0.18855380800161567,0.12129465233330024,0.08255691560467675,0.0352467957746525,0.024626110974899522
10,SH2D2A,brain_caudate_basal_ganglia,brain_putamen_basal_ganglia,0.8498645394098568,2.817233348673855,0.8132974913282632,0.10027173096187376,0.00010691305506022125,1.40997593319787,0.5851691210482475,0.3129176680694014,0.17028575974519128,0.11668384922065862,0.08824567134064273,0.03430445581097854,0.022979587971789162
10,SH2D2A,brain_caudate_basal_ganglia,brain_spinal_cord_cervical_c-1,0.46819033290475354,4.535990478023506,0.4982334305437329,0.20446852772926533,0.00022191630764439638,0.7199329478858053,0.4845664480533457,0.33279818009684703,0.23024505857424526,0.1404292413869265,0.10474007813582124,0.041320059853975584,0.02578088410624064
10,SH2D2A,brain_cerebellar_hemisphere,brain_cerebellum,0.7288148388557909,2.9116275162737955,0.7051557102487526,0.07903572403644718,6.64342281704749e-05,1.0258674929312392,0.42986492086280836,0.25402474442886386,0.13329281009124266,0.0842113815339451,0.05404422519394938,0.029875134745087316,0.01419765908867772
10,SH2D2A,brain_cerebellar_hemisphere,brain_cortex,0.47193340604956424,4.613921387013486,0.41726096052882927,0.21011512449591635,0.00010698770200934524,0.551794990439942,0.34227158245116185,0.22795117598316833,0.15006769422564264,0.09099186188594978,0.065040196134638,0.0310165900355193,0.01590981351988442
10,SH2D2A,brain_cerebellar_hemisphere,brain_frontal_cortex_ba9,0.4960266084036114,4.456283246292406,0.4404394041744787,0.12049686550949683,6.702622460606064e-05,0.5892054756352032,0.2968681792787759,0.23191275047991558,0.1568242589324775,0.08769027918976677,0.05992336821393516,0.03155076471109452,0.015989023427900657
10,SH2D2A,brain_cerebellar_hemisphere,brain_hypothalamus,0.48087322033545987,4.34156982081163,0.44008521150979546,0.28155119022500924,0.00017871154931548,0.7097682668110237,0.47043315710015826,0.3298016802788514,0.17368587462247562,0.0950782629581323,0.07484657805777302,0.0379906588428018,0.01804864732319024
10,SH2D2A,brain_cerebellar_hemisphere,brain_nucleus_accumbens_basal_ganglia,0.47995134837453024,4.593213991904035,0.5299213021701293,0.0620347735562668,7.33827188968906e-05,0.6197914741559465,0.3818837525032618,0.2741111151074041,0.16071295948122233,0.09570326538205554,0.07382614110128316,0.03197388439318646,0.01781946197909794
10,SH2D2A,brain_cerebellar_hemisphere,brain_putamen_basal_ganglia,0.4525258740508022,4.687355788258001,0.37774919600865514,0.2120009026873876,0.0001465532321770574,0.5906275899633536,0.37674130920986487,0.2702959133593546,0.15853324241944272,0.09811988306811692,0.07080102177322534,0.031356671091386616,0.01883333120107722
10,SH2D2A,brain_cerebellar_hemisphere,brain_spinal_cord_cervical_c-1,0.4313281296123618,4.644010938869579,0.3713089138821868,0.18736635278685068,0.00020521260519547235,0.7562466081347817,0.3855552306587714,0.3121622764989366,0.19449161147340085,0.11721311588968279,0.07559354902229266,0.037120533693674004,0.0194832064119825
10,SH2D2A,brain_cerebellum,brain_cortex,0.5088812874332627,4.395629449067561,0.4460473723617797,0.06927659913401882,7.187622379527948e-05,0.6869990989561239,0.3540490959201896,0.23078166721976506,0.14211208915630877,0.09041379764779855,0.05791983489171174,0.03184402731993896,0.0151683870149408
10,SH2D2A,brain_cerebellum,brain_frontal_cortex_ba9,0.4964646331652702,4.582450295755483,0.46810327569296667,0.0698856994888819,7.523164953138363e-05,0.5862914168905117,0.3138907265201263,0.20901224441375552,0.16173158735450102,0.09169890998530653,0.05021179294563823,0.03344453976076462,0.0151343228058781
10,SH2D2A,brain_cerebellum,brain_hypothalamus,0.5338940472045182,3.9766715254671334,0.47120115732568646,0.21505646071543608,0.00014380783277955024,0.9367064460720066,0.4112205687052423,0.3107887753919223,0.1736874074711831,0.09887735306802554,0.06467022173298316,0.03843268297632298,0.01785190816901486
10,SH2D2A,brain_cerebellum,brain_nucleus_accumbens_basal_ganglia,0.5401152327622052,4.227833490779961,0.5216802136659012,0.08281618442535688,9.05306260376477e-05,0.8081009840495905,0.3658603775971653,0.25678089816412475,0.16315062836629718,0.0903801430581594,0.06363144696801615,0.03426791205500052,0.0173986457185414
10,SH2D2A,brain_cerebellum,brain_putamen_basal_ganglia,0.48759944620199447,4.436023408965246,0.4312184351170084,0.12399844421180313,9.306006641505262e-05,0.7078468533202058,0.37593135413678336,0.24821406915903524,0.15814050177247277,0.08492835290557174,0.06140582939039816,0.0332173720772165,0.0181099630777695
10,SH2D2A,brain_cerebellum,brain_spinal_cord_cervical_c-1,0.4329850375664931,4.283133072358129,0.3799394205610675,0.1614091475118143,0.00014226388439219192,0.6735308838689049,0.4075689700887719,0.2781997591038555,0.18388288781007092,0.09880382144533657,0.07018207578493704,0.03948668503269992,0.01897600892528218
10,SH2D2A,brain_cortex,brain_frontal_cortex_ba9,0.8220104207400585,2.99647951834986,0.7925012649227071,0.07864723428272852,8.576135767102299e-05,1.1806126360600497,0.474043598640003,0.24488466510512605,0.1624142970970292,0.09674528438594107,0.06116782830292394,0.03308624291543108,0.01571088198669568
10,SH2D2A,brain_cortex,brain_hypothalamus,0.5106727990765987,4.505059719451918,0.5015498954458365,0.14317822660389154,9.095919233588175e-05,0.7235322980393131,0.47170210722550615,0.30336110298676555,0.19112814221336666,0.1024847731614241,0.08358713611007336,0.038656788706196744,0.019914337391151858
10,SH2D2A,brain_cortex,brain_nucleus_accumbens_basal_ganglia,0.540984696706303,4.450895898278231,0.6393890356939902,0.12938079727338686,6.178671610082185e-05,0.6762065702755465,0.45147109854798717,0.28121102026475536,0.15726234123608834,0.09544625944141474,0.07896991384673238,0.03574178218913232,0.018754819556767038
10,SH2D2A,brain_cortex,brain_putamen_basal_ganglia,0.5163141584398097,4.446940386753008,0.37419996995857285,0.07732666185368245,6.949288639482512e-05,0.6791824102724686,0.4236868200023906,0.27623276464070634,0.15660434165583076,0.09760485675705774,0.079251833512889,0.03314544197781038,0.01936158334558128
10,SH2D2A,brain_cortex,brain_spinal_cord_cervical_c-1,0.452602060605634,4.489822544321541,0.45258016237073323,0.20604422317917934,0.00014732650295448425,0.8868136272316282,0.41321876338832364,0.2969873561189842,0.19430490703752779,0.11040592157116765,0.09638626098995204,0.039968893295349736,0.02023187008229106
10,SH2D2A,brain_frontal_cortex_ba9,brain_hypothalamus,0.5357657219535295,4.356777783570933,0.49761864030287395,0.1225784440243575,8.744338409551913e-05,0.6938238475248465,0.4414030859214164,0.2981865285593835,0.20408395062219054,0.11728209518360155,0.07025365505369217,0.03857432938126344,0.01943428347328574
10,SH2D2A,brain_frontal_cortex_ba9,brain_nucleus_accumbens_basal_ganglia,0.5870677199111811,4.234821895724425,0.5691968996430792,0.06960404282368776,3.857048900025537e-05,0.6954291873261478,0.4310679098718129,0.2768401042302034,0.1680805504446652,0.10514925262493116,0.06636147170481052,0.034270885825021656,0.01849584234673696
10,SH2D2A,brain_frontal_cortex_ba9,brain_putamen_basal_ganglia,0.5316027024459069,4.355603880248831,0.413104417150499,0.06106315223716384,0.00010571225345994508,0.6124849265338849,0.4146393515774842,0.2538613448717003,0.16499695857595692,0.10055931843730673,0.06565287851592017,0.033179237817371934,0.01937665223024898
10,SH2D2A,brain_frontal_cortex_ba9,brain_spinal_cord_cervical_c-1,0.4782072178369171,4.5438601980896065,0.4094148149844177,0.1937979244216726,0.00012403724355132724,0.8845690940202455,0.4344818740279993,0.29426834714452477,0.21460853973232555,0.1166725447566251,0.07800769018460216,0.041160520051917705,0.019875672550867217
10,SH2D2A,brain_hypothalamus,brain_nucleus_accumbens_basal_ganglia,0.6070762878335256,4.347799112204772,0.46904148313864125,0.12056904166431844,7.978273453399174e-05,0.8942202133986743,0.5901067581361787,0.3723952547544429,0.2115988270139369,0.1282587980147482,0.08835811735817996,0.0408839530010428,0.02433669010805998
10,SH2D2A,brain_hypothalamus,brain_putamen_basal_ganglia,0.5420383465046963,4.211109274437211,0.48450252237232305,0.1514795801655888,0.00013165504713326544,0.8912080065166211,0.4895766205754322,0.32802590351337585,0.20261443514197502,0.11452349527609051,0.08724650657834514,0.03949404872899378,0.02661019134047024
10,SH2D2A,brain_hypothalamus,brain_spinal_cord_cervical_c-1,0.47615471145042515,4.5152911786213155,0.5647155875499917,0.09782786790637434,0.00017517951762004388,0.858319952778807,0.5720373055908874,0.40157386120961347,0.2390194037678412,0.14538969633054907,0.10955198510266853,0.04713107475076178,0.02665825887970124
10,SH2D2A,brain_nucleus_accumbens_basal_ganglia,brain_putamen_basal_ganglia,0.6296720063070594,3.7928114479634756,0.5499130152900477,0.10002881958076153,0.00013373125359960927,0.8886884680877802,0.5474754587438365,0.3521136483138853,0.1648620157892901,0.11211756421106445,0.08087372511466753,0.0338821581695841,0.024060353453477977
10,SH2D2A,brain_nucleus_accumbens_basal_ganglia,brain_spinal_cord_cervical_c-1,0.480389122243592,4.487270456065963,0.4556852101113879,0.1463473989448106,0.00019630840507907826,0.7529342342334138,0.5217905519339956,0.33364561031178264,0.23278274676489202,0.1432489900706752,0.09400098901490517,0.03981754915473572,0.02513278594735948
10,SH2D2A,brain_putamen_basal_ganglia,brain_spinal_cord_cervical_c-1,0.4416862341180178,4.506898330027385,0.4959366198339351,0.25454658808060915,0.00024096643231935524,0.6997736308007964,0.4739433075330714,0.32613302278066497,0.20422194725337012,0.13775280890106786,0.09474172249067883,0.0398833758093507,0.0243999830816857
11,JAM2,brain_amygdala,brain_anterior_cingulate_cortex_ba24,0.6058023962040833,3.112339967590601,0.726250312473783,0.08099299266091589,7.373292170080596e-05,2.063597470729408,0.6263489757597929,0.4377408360958297,0.2123472166275707,0.13325875640657606,0.07786396013895458,0.04811816204803052,0.02666031130576636
11,JAM2,brain_amygdala,brain_caudate_basal_ganglia,0.3681492265227234,4.1043122139584804,0.26840359264370933,0.11377555532139105,0.00011985910479167612,0.876913500798101,0.531464638922914,0.3168355206952697,0.16630097463097898,0.1213681911623117,0.08163381761382088,0.050989506591574064,0.02717187577999866
11,JAM2,brain_amygdala,brain_cerebellar_hemisphere,0.3070506070079274,3.864455388692838,0.39533093572192995,0.0849065141307192,8.047533853570242e-05,1.1599651485547928,0.4223269594355125,0.2996491046279238,0.1759693231537731,0.10843110517565742,0.06444472436622656,0.04734850322559348,0.024529114144618
11,JAM2,brain_amygdala,brain_cerebellum,0.334639410474131,3.7852567327310043,0.42082570772082856,0.16610042605797135,0.00013658861265290718,1.118867498358576,0.4531208051090684,0.33081732848071643,0.1669416113637024,0.10060927054590134,0.06025514071756116,0.043154894604339564,0.02960056721884522
11,JAM2,brain_amygdala,brain_cortex,0.4866712447201418,3.914353634492971,0.4746095562924514,0.09793793447822671,0.0001304058837559024,1.447731581371221,0.6081218392539273,0.3554948424810799,0.1885153079554145,0.12530293831635048,0.07399812210473654,0.04453369375780262,0.030412862575223843
11,JAM2,brain_amygdala,brain_frontal_cortex_ba9,0.4911351355967552,3.813253464926278,0.4155701086094809,0.20568602240356823,0.00018855631459981998,1.412509681403878,0.5920870446606986,0.3614582785683044,0.2234939636261844,0.12981014017417009,0.08491083115857259,0.0468072061503583,0.02732924663509012
11,JAM2,brain_amygdala,brain_hypothalamus,0.550568059568121,3.1722360258991698,0.5849480422966516,0.05622839964888164,6.43005736777402e-05,1.8512973599102551,0.5486725135099276,0.3856873403374362,0.2440771379599866,0.13980673736059382,0.08154079701786379,0.056386262310509735,0.03448185759476284
11,JAM2,brain_amygdala,brain_nucleus_accumbens_basal_ganglia,0.4585869319878378,3.6557397863392014,0.4860367663633533,0.0395222352018912,4.389539823359865e-05,1.259795456269107,0.6343495396135357,0.36855367659151006,0.2106737212131573,0.15043059570404851,0.0867857489776673,0.05472027483286059,0.030447065936786376
11,JAM2,brain_amygdala,brain_putamen_basal_ganglia,0.39866793829634206,3.9647576280223698,0.36395594089055183,0.07401973762168997,7.754085926270265e-05,1.0098386527163956,0.5392338215734687,0.31614313865610816,0.18768747909975328,0.12968413613716318,0.08834828665249962,0.04732321868068378,0.030302138340751177
11,JAM2,brain_amygdala,brain_spinal_cord_cervical_c-1,0.4162228000017377,3.859529826960361,0.4697585563159052,0.04216762174323434,4.340298552549404e-05,1.2738608741495177,0.5434030155557401,0.3532248219586328,0.22909530384655136,0.15615127325286912,0.08683288397093733,0.058288965449495,0.03247269267273082
11,JAM2,brain_anterior_cingulate_cortex_ba24,brain_caudate_basal_ganglia,0.3768457677865635,4.454105845686398,0.41010950832845994,0.10974589499728685,6.641402644073108e-05,0.8133609114417059,0.47777567787860764,0.31674369096275834,0.17421672946628514,0.11137083286626155,0.07904354542448329,0.04082543018904366,0.02560438067823742
11,JAM2,brain_anterior_cingulate_cortex_ba24,brain_cerebellar_hemisphere,0.3573377422025693,3.92071103910515,0.4054759436379579,0.10362423968365715,8.480404728597557e-05,1.320234655444024,0.46879648519234624,0.3263886272369703,0.18575327127576982,0.09542311398763173,0.06142498527208107,0.04422298857361566,0.02106288815719986
11,JAM2,brain_anterior_cingulate_cortex_ba24,brain_cerebellum,0.3443945849313623,4.08700136940606,0.45205781884606466,0.15688476459798878,0.00013091029455226,1.0180836661788217,0.49995924007534703,0.33844403727192557,0.16521341614994597,0.0921989894102571,0.058489694254478766,0.04105324963532788,0.0241563963339619
11,JAM2,brain_anterior_cingulate_cortex_ba24,brain_cortex,0.5863400721512652,3.5120155213770117,0.6936608398185519,0.17352979138223174,0.00018828920240394,1.4961261648050996,0.6826221830155247,0.4058198532187253,0.1847029335856833,0.11422913436317042,0.07445705306359386,0.039664834606344464,0.025137874001282763
11,JAM2,brain_anterior_cingulate_cortex_ba24,brain_frontal_cortex_ba9,0.7068743003898607,2.8811564892894124,0.6655814681612742,0.25356103156599813,0.00033661521270156,1.9326482926905562,0.7841949232144073,0.40307543590737155,0.2020363789997989,0.120695709247014,0.08187449305451713,0.0446881853429852,0.02329851571106754
11,JAM2,brain_anterior_cingulate_cortex_ba24,brain_hypothalamus,0.4719541109673603,4.120660690285978,0.5337340760677141,0.09153811554934636,8.184668314809926e-05,1.2131974407871433,0.5712038913464524,0.4227826390471205,0.20277560401946845,0.12994400506520282,0.0822799526269689,0.04740072058635388,0.03022757833506682
11,JAM2,brain_anterior_cingulate_cortex_ba24,brain_nucleus_accumbens_basal_ganglia,0.42708557512804096,4.336535227143562,0.5077656083336806,0.04712711285759584,5.634835387701441e-05,0.9692031790690467,0.5865753162992939,0.3688815617247879,0.1974266960871731,0.152347841774812,0.08627934890963924,0.04656712089258658,0.02717787288506166
11,JAM2,brain_anterior_cingulate_cortex_ba24,brain_putamen_basal_ganglia,0.42024509921348957,4.262972561659875,0.4692236924682803,0.08543350295448585,4.818942941688689e-05,0.9389498576493228,0.5150129012223775,0.3305109774044454,0.18900247131559708,0.11939201442266063,0.08455417966249122,0.04180722131015802,0.027237461714121357
11,JAM2,brain_anterior_cingulate_cortex_ba24,brain_spinal_cord_cervical_c-1,0.38841974585761585,4.48057677949893,0.48807125924573835,0.0641170288169446,7.582961009993267e-05,0.9912829017772271,0.5317350830855904,0.3532782294794422,0.21205198594870436,0.1378601600722725,0.08923303120734967,0.05092590920789094,0.02758601968215322
11,JAM2,brain_caudate_basal_ganglia,brain_cerebellar_hemisphere,0.28223692108961984,4.047934273539595,0.25535949364722255,0.09080513941484716,8.451188075418235e-05,0.8961464835028081,0.4364538374063299,0.280725304039125,0.14616765666925846,0.09285228954402883,0.061291548842717924,0.03965384527825104,0.02345644804021398
11,JAM2,brain_caudate_basal_ganglia,brain_cerebellum,0.3112827808662503,4.001961195376361,0.32149327388832283,0.120776480248458,0.00010483244356232751,0.8996919859723486,0.46618081419110835,0.286072122015825,0.15925042611361068,0.08245896024518887,0.05965647625521968,0.03694306013230096,0.02644781475941534
11,JAM2,brain_caudate_basal_ganglia,brain_cortex,0.4281690104049596,4.437522499103314,0.40493677516435983,0.10864566436567931,0.0001281277481321,1.0338533929740774,0.5488581835079376,0.31778111951341687,0.15803786553668758,0.10292656426570938,0.0818250399551532,0.039064675786037464,0.02630211628662542
11,JAM2,brain_caudate_basal_ganglia,brain_frontal_cortex_ba9,0.43065109820357794,4.396769748025953,0.3956288832704292,0.060516280312285696,9.66652145590006e-05,1.0557277999815247,0.5185340202706715,0.32452904798407667,0.1710069080540535,0.11189910783928132,0.08644616725966459,0.03877978462200162,0.026283926912280382
11,JAM2,brain_caudate_basal_ganglia,brain_hypothalamus,0.3892362605312111,4.28258728111566,0.2852040041547349,0.11529524485533911,0.00010825157984257999,0.9161344462295276,0.5102038476490198,0.3132981735525409,0.17700431772981232,0.12690817564883514,0.08102675903948724,0.05034637435381636,0.03003477509330804
11,JAM2,brain_caudate_basal_ganglia,brain_nucleus_accumbens_basal_ganglia,0.5558666110767476,2.8040948923719897,0.4507859007443059,0.09517260541152658,0.00011524642369945717,1.6559748407682804,0.6350588997063998,0.3292046398445835,0.18440480969765696,0.12257493977754855,0.07726899768201072,0.04760263342501058,0.027404300772602565
11,JAM2,brain_caudate_basal_ganglia,brain_putamen_basal_ganglia,0.7890617330389904,2.0256142498638523,0.7744756851421151,0.08011761165731415,0.0001217006465593,2.7394572925010428,0.5915947171636078,0.3064536116986474,0.17352791651730545,0.11024500107360516,0.07435176258913918,0.04363653121636174,0.025435742320655697
11,JAM2,brain_caudate_basal_ganglia,brain_spinal_cord_cervical_c-1,0.41281897059077244,3.5894910541002774,0.3424818582735602,0.1266231799985192,9.37045869824093e-05,1.2650725735007629,0.5620411991480156,0.32746533782197085,0.1842339950976843,0.12307933421871445,0.08361162920844398,0.04875598443983376,0.02997350797366898
11,JAM2,brain_cerebellar_hemisphere,brain_cerebellum,0.5246915403286007,2.311729302624348,0.46880481218656644,0.12972056174884944,0.0001623490314379,2.400672479265581,0.7869261384128666,0.3424897113232953,0.15781391578624726,0.08848402187497098,0.04888657007553202,0.03791881401875026,0.022215527955686758
11,JAM2,brain_cerebellar_hemisphere,brain_cortex,0.37179909179191456,3.693316785633468,0.4264137638505171,0.13367990688904433,9.145319504105802e-05,1.1784792607810712,0.4956590768105341,0.36206624965991546,0.15705701292947088,0.09694103451029412,0.06043202741313828,0.0389507055336919,0.02280130771502962
11,JAM2,brain_cerebellar_hemisphere,brain_frontal_cortex_ba9,0.3891869171706971,3.8820155766927797,0.4021493987134943,0.12112624105315221,0.00010085007160296982,1.380850394048006,0.49635340970991804,0.3269929399961416,0.17576756821413644,0.10653897221174546,0.06376037998899742,0.043045921575355924,0.020665199636962162
11,JAM2,brain_cerebellar_hemisphere,brain_hypothalamus,0.33759728742076467,3.8736815130328823,0.3961326608235569,0.058638927636986735,6.006582523893822e-05,1.0551990644689742,0.5336130437590947,0.32570429445547333,0.17373527804560132,0.10663775664901631,0.05994052455806222,0.04978095315123145,0.025841863347564498
11,JAM2,brain_cerebellar_hemisphere,brain_nucleus_accumbens_basal_ganglia,0.3188776838833187,3.907727621271244,0.33942181387857545,0.10203100895064661,7.023251574522887e-05,0.986817036885005,0.5475653730258542,0.32856652547381515,0.1791750854539905,0.10501917438280088,0.0659458427564232,0.043236575168532916,0.0245245777725486
11,JAM2,brain_cerebellar_hemisphere,brain_putamen_basal_ganglia,0.2955156634051218,4.087641207063545,0.33299573480355243,0.041598958499118176,4.232551239695716e-05,0.891006871817531,0.4491283734851497,0.3072414088498431,0.16655128569425878,0.09170340502489566,0.06433437024920667,0.04155128114318706,0.023232806321112458
11,JAM2,brain_cerebellar_hemisphere,brain_spinal_cord_cervical_c-1,0.28345754492681036,4.140753038724324,0.33047843498080987,0.034083400887691365,5.595628570291371e-05,1.0415357682893218,0.47999785197185474,0.32298877646310975,0.16260859024640995,0.10459763984623324,0.0763961825470446,0.04511579783926742,0.0264734388503712
11,JAM2,brain_cerebellum,brain_cortex,0.4066115493123877,3.568381202466393,0.4758255677766325,0.15404540721275625,9.810443009637993e-05,1.1396273366060707,0.5442606221825017,0.41724745785887524,0.15319196348269318,0.0885951812922567,0.056170221039990545,0.03817749532708884,0.0260952524814748
11,JAM2,brain_cerebellum,brain_frontal_cortex_ba9,0.3532316105570086,4.068665983456919,0.4074174258267288,0.11432605560617407,8.024735567420412e-05,0.9818846823668153,0.5240325926740846,0.3354881707143213,0.16482938469219005,0.09864969158972792,0.06291672309397209,0.03880842898225256,0.02377659155961416
11,JAM2,brain_cerebellum,brain_hypothalamus,0.37577611110450393,3.6619646092067297,0.3710011810765517,0.11076866911017565,8.391353566159195e-05,1.0338307070301602,0.6115608578400631,0.3693594095115643,0.1597903045615443,0.09801587726703134,0.06340706547769186,0.040898549699842864,0.032172733791431964
11,JAM2,brain_cerebellum,brain_nucleus_accumbens_basal_ganglia,0.3602686467071895,3.6576353624207156,0.40983991887548654,0.16700006836086503,0.00012545039693530828,1.034154827924639,0.6146639292168923,0.34132128971788495,0.17385939818885426,0.10060335186660944,0.06480284180252113,0.04080405358160636,0.026812580547833996
11,JAM2,brain_cerebellum,brain_putamen_basal_ganglia,0.3060266984444753,4.140033179191884,0.34672196939941113,0.06494521652754852,6.893039287670909e-05,0.7853389623391741,0.4786941502357391,0.31169577394313397,0.1670978910537777,0.08600715825734692,0.06157275225774016,0.03824535863446936,0.02746579107254516
11,JAM2,brain_cerebellum,brain_spinal_cord_cervical_c-1,0.32001014774235653,4.016005460724622,0.4376518029245847,0.08869572343156865,7.877555748065457e-05,0.9840479255555152,0.589514458054273,0.3551081400658731,0.15816126403696543,0.09211410327860152,0.07032434370841943,0.04177800447767802,0.029973811341218338
11,JAM2,brain_cortex,brain_frontal_cortex_ba9,0.6766602487906346,3.143345070067865,0.6658494111614814,0.11449460091994017,0.00014212879096212188,1.6994576921908695,0.7662808786109679,0.3783955818045231,0.19036259024330787,0.12245717799222637,0.08044711329942814,0.03944601622222248,0.02461979756824324
11,JAM2,brain_cortex,brain_hypothalamus,0.4589912072539528,4.405617358054373,0.4275362677493006,0.13092157259673703,0.000140018718109918,1.0917257956758246,0.5581410690239835,0.37803381399068814,0.18136851542081714,0.13379851789442937,0.0763871305895707,0.04462256815490442,0.03346223635900394
11,JAM2,brain_cortex,brain_nucleus_accumbens_basal_ganglia,0.4358705580774506,4.2873512151018485,0.4772888443078703,0.1089989438335347,0.0001462201556257458,1.0158297461106884,0.5582492225066726,0.3613978741998428,0.18629099164477797,0.13286695465726545,0.075393385070172,0.042189121479316284,0.030184516280199643
11,JAM2,brain_cortex,brain_putamen_basal_ganglia,0.4481307084694697,4.441455953761485,0.47962919079180333,0.09025969123318864,9.108030567754534e-05,1.1002746922535616,0.5165928697988009,0.34462473482090544,0.17606935847333377,0.10870231722172334,0.08216556038040747,0.03776598653813066,0.029119316017500563
11,JAM2,brain_cortex,brain_spinal_cord_cervical_c-1,0.44664685018289685,4.132648606524969,0.5335301039444287,0.11795800360806638,0.0001357491053859,1.349958154467715,0.6181929578853557,0.36456852941332707,0.17572288728359717,0.13124732938586764,0.08220934880279425,0.045739907025934515,0.031064788236256143
11,JAM2,brain_frontal_cortex_ba9,brain_hypothalamus,0.4486691227902432,4.515058248522278,0.3616521693205503,0.15449165083299646,0.0001351561853249,0.9896527492456816,0.5855821059788642,0.367872987109412,0.19204325324824317,0.138402495095582,0.09162371362579096,0.045053646631697045,0.031058648110156063
11,JAM2,brain_frontal_cortex_ba9,brain_nucleus_accumbens_basal_ganglia,0.4193404665756389,4.7217637528161305,0.4073773382257387,0.09801059290992946,0.00012050022980857563,0.9154903557096503,0.5777564818990241,0.34482209507204253,0.2055653387951454,0.14286024943142547,0.09588737509220023,0.043982940678624384,0.028490978823148338
11,JAM2,brain_frontal_cortex_ba9,brain_putamen_basal_ganglia,0.460019209644482,4.319639565453395,0.5095530456951668,0.0669406931515361,9.197328286343396e-05,1.1252379829464372,0.5600287544290414,0.361357293522372,0.18090148055578667,0.11705821349288306,0.09268130501683389,0.04129688441367308,0.027105410075626456
11,JAM2,brain_frontal_cortex_ba9,brain_spinal_cord_cervical_c-1,0.4092166765126163,4.457087404083046,0.46089324098013124,0.0855309049389681,7.618923127323963e-05,1.1349053230970165,0.5938942819535835,0.3492464068170208,0.19664636727623847,0.13903434994984937,0.09507072255923557,0.04879859623970376,0.02875818855175824
11,JAM2,brain_hypothalamus,brain_nucleus_accumbens_basal_ganglia,0.5229684305013189,3.6277687389666995,0.6040866656831797,0.04373429031910816,5.133421033086436e-05,1.5475898540439859,0.6582241572004938,0.3874054337318012,0.2054864107644859,0.15185337477992708,0.0897478495678086,0.0527143424139339,0.033351914512949346
11,JAM2,brain_hypothalamus,brain_putamen_basal_ganglia,0.42262663729662286,4.078468877405957,0.4260347940362258,0.08362643710609345,7.853777835506219e-05,1.0655254834123875,0.5557589571692158,0.31206034091046664,0.19301645371931192,0.13705942698393117,0.0859137313254547,0.046962567539311426,0.03370851717412328
11,JAM2,brain_hypothalamus,brain_spinal_cord_cervical_c-1,0.45154929679156136,3.7575717664282093,0.46338145670849845,0.05125158636255026,6.571344428928697e-05,1.2920760420690385,0.6521073933029984,0.42098055252392064,0.21489671119463752,0.15162032837343897,0.08551757421941586,0.05694774798346578,0.036910186720979524
11,JAM2,brain_nucleus_accumbens_basal_ganglia,brain_putamen_basal_ganglia,0.5727978673578142,2.8846370786934266,0.5508757898419057,0.059964595157332344,4.7514053719295084e-05,1.6925361187413024,0.7124690269804997,0.30845961805773425,0.19549710033218112,0.13437806380583237,0.08713276216071154,0.04585272106792984,0.02923959666676414
11,JAM2,brain_nucleus_accumbens_basal_ganglia,brain_spinal_cord_cervical_c-1,0.4564503305356954,3.759124704106577,0.502324834788618,0.0586244103945968,4.893968667750352e-05,1.360596537280119,0.7269970350800659,0.4507673417359788,0.1925431291609039,0.13796718081786158,0.09093485511360998,0.05358738579687565,0.03339485809442904
11,JAM2,brain_putamen_basal_ganglia,brain_spinal_cord_cervical_c-1,0.412446880047799,3.6921935101429697,0.42417067040283785,0.06570865818228708,6.464564412942203e-05,1.2193790153025408,0.6050947910925254,0.3179131700699774,0.19088828702614902,0.1249923613176113,0.0861052506540212,0.05046794828343493,0.03194667313773072
11,SH2D2A,brain_amygdala,brain_anterior_cingulate_cortex_ba24,0.7487183268223193,3.226479964745015,0.720668554674663,0.03013278753248802,0.0001574768028828592,1.0333216277130006,0.6454100726625536,0.24619755158194062,0.16986709425628244,0.10438950237220049,0.06284837701242511,0.040670652190604416,0.021989963654207478
11,SH2D2A,brain_amygdala,brain_caudate_basal_ganglia,0.5527172269620898,4.505775488445698,0.6655202123286645,0.0212914914831398,0.00010005484504084328,0.7359530078288714,0.3630114983192708,0.24508444523841438,0.18538257331746086,0.10309440073123813,0.06874049851882902,0.04183881112139236,0.027035140453447522
11,SH2D2A,brain_amygdala,brain_cerebellar_hemisphere,0.4658906684900381,4.743298522559379,0.42663270133305603,0.06084025737457038,0.0001531808174089519,0.6567530314771697,0.38985817990482446,0.22885587841389876,0.14520814268550847,0.09256603097057998,0.05685977731034296,0.03127486496935738,0.020725684364484402
11,SH2D2A,brain_amygdala,brain_cerebellum,0.4686539686538459,4.924447977289847,0.4482483068273132,0.03209290804763072,8.919312564675682e-05,0.5671985068459185,0.3545305173262534,0.20640669199980075,0.14593811161722256,0.08310917371153705,0.05855908122365398,0.03333019579175124,0.01873928177267552
11,SH2D2A,brain_amygdala,brain_cortex,0.5639696676593177,4.388753348417685,0.5586856932475764,0.034902557364826906,8.697190993849764e-05,0.5836846529721302,0.3884975889893059,0.23851043102566988,0.12717300250730773,0.0960315621760419,0.06353456134187097,0.033463803830599784,0.02008527753968466
11,SH2D2A,brain_amygdala,brain_frontal_cortex_ba9,0.599734937861492,4.661556759866559,0.5812937787203235,0.03995872957001846,9.725933980934e-05,0.6001037039831371,0.49023503484892794,0.27016028355240407,0.1537272249601282,0.10293649001132739,0.06268108484624316,0.03761640915296754,0.021938643232094802
11,SH2D2A,brain_amygdala,brain_hypothalamus,0.5510251880021061,3.869707561082464,0.6060742876713758,0.0252149726155254,8.412751960574617e-05,1.0009985165398034,0.5177015312554067,0.28950463731226306,0.20600095836946258,0.11659722618515331,0.07206471683022564,0.04325895182635816,0.02775582154319346
11,SH2D2A,brain_amygdala,brain_nucleus_accumbens_basal_ganglia,0.6159560566450188,4.079966499295169,0.5736528218242765,0.02854709982450528,0.00016291853127855098,0.866541000233916,0.5131619359581511,0.272745643953641,0.20055096934017094,0.11911969362926969,0.07222885055667644,0.03899165586843188,0.027329458559637598
11,SH2D2A,brain_amygdala,brain_putamen_basal_ganglia,0.5268935010283085,4.623274791123527,0.5488493694160489,0.02926842107482902,0.00011361805339703401,0.7794893487117378,0.3803140781568143,0.2621800696984654,0.21215220624195125,0.11297724486151836,0.07348224862616162,0.0416692015903318,0.026965624199427364
11,SH2D2A,brain_amygdala,brain_spinal_cord_cervical_c-1,0.4526346134279155,4.641631497503568,0.3735378236642579,0.05455741093607874,0.0001477075551579,0.8635515163115898,0.4552223215710122,0.2750423404321881,0.2226664615867569,0.11565853190645199,0.07422048131439778,0.043805386174334784,0.0257345656848574
11,SH2D2A,brain_anterior_cingulate_cortex_ba24,brain_caudate_basal_ganglia,0.5518583637969374,4.920899996009564,0.48204471251739356,0.02379832198842522,0.00012361900968062395,0.65395378368494,0.3331262475548895,0.22720600136762478,0.15332999328036417,0.09519513128547227,0.06649242540759917,0.043534866653581285,0.02587612496803886
11,SH2D2A,brain_anterior_cingulate_cortex_ba24,brain_cerebellar_hemisphere,0.45452156646011393,5.0213496830793884,0.4865328679300095,0.040120615492093656,9.785404019241103e-05,0.5001345143581887,0.3563002045998359,0.19351925009120752,0.1308581362057215,0.08751324717864958,0.05384928885802302,0.0312990476591829,0.020560100694337162
11,SH2D2A,brain_anterior_cingulate_cortex_ba24,brain_cerebellum,0.47195153215504887,5.1039121273484875,0.4351293381018868,0.04270736123421074,6.852190962482958e-05,0.4532818987491177,0.3134188382268761,0.17898634163978006,0.13169859538354295,0.07761196242886684,0.054814388851423666,0.03221560495381244,0.01962944435383788
11,SH2D2A,brain_anterior_cingulate_cortex_ba24,brain_cortex,0.6813087873855215,3.914327768679199,0.7066513819869739,0.051850212249746466,0.0001183527628035227,0.6845013436033975,0.4196573193189888,0.22298265230914707,0.12092275932847048,0.08426585961717285,0.05737151321482829,0.03457024781156254,0.01975545875193048
11,SH2D2A,brain_anterior_cingulate_cortex_ba24,brain_frontal_cortex_ba9,0.75052376372924,3.9910695175346134,0.7639501230264656,0.01470680477463362,4.757830880615175e-05,0.7948917067394279,0.4820460609041627,0.2660386662564888,0.13850670815300475,0.095316108495499,0.057303368573093004,0.03781025258877744,0.02150059373780844
11,SH2D2A,brain_anterior_cingulate_cortex_ba24,brain_hypothalamus,0.5139208369781626,4.0953220763058225,0.46257405633700055,0.04315376305831238,0.00018960445045852,0.8598098537100552,0.44094825183348707,0.25344404903463513,0.1660060984211431,0.10340949490416969,0.06864623148340596,0.0436426838078907,0.02854509532679802
11,SH2D2A,brain_anterior_cingulate_cortex_ba24,brain_nucleus_accumbens_basal_ganglia,0.6255621575637496,4.183057430956377,0.639427522172706,0.01264928272843856,7.099800257084686e-05,0.7963649350925552,0.4743737240280167,0.26132110362234856,0.16809760694482148,0.10617318133194775,0.0675349567478352,0.04007640023033942,0.027245715581378938
11,SH2D2A,brain_anterior_cingulate_cortex_ba24,brain_putamen_basal_ganglia,0.5290177098952551,4.894485406277067,0.4282066463308474,0.0507374075248118,0.00010011168830062383,0.6978810582149517,0.3963042720172255,0.23569392337878456,0.16694889676541286,0.10429707273681021,0.06637139542320626,0.04317936541055768,0.0277277006321134
11,SH2D2A,brain_anterior_cingulate_cortex_ba24,brain_spinal_cord_cervical_c-1,0.4523503419376366,4.750240104531802,0.33578893396023873,0.09373580131603614,0.00019459546289128,0.7771471091476287,0.4647426850598312,0.256792402866698,0.1743935404046298,0.10203682406574688,0.06763536117985232,0.044223512153641696,0.02643242815186116
11,SH2D2A,brain_caudate_basal_ganglia,brain_cerebellar_hemisphere,0.5088722375132956,4.7039329643049035,0.49791947241657974,0.06190849386675827,0.00010129277207806812,0.54908534152138,0.322563749002893,0.2267113073608304,0.12514791827568983,0.08991011360710235,0.05424833882828413,0.03269723023789424,0.02226808663546584
11,SH2D2A,brain_caudate_basal_ganglia,brain_cerebellum,0.5559591769991582,4.495713606291778,0.5310088941925304,0.04231033504324372,9.196530255228423e-05,0.6022522885002836,0.28381343532722303,0.21168665370323742,0.12488785697785909,0.0781514109639813,0.05507186997610308,0.0390346595873333,0.01928908055672628
11,SH2D2A,brain_caudate_basal_ganglia,brain_cortex,0.5878498001672968,5.0885948835325365,0.6094880139341894,0.0236043516904405,0.0001038162576052875,0.5704725889235436,0.2828597385838717,0.21098521503816187,0.12417942486009792,0.09054280773662346,0.06405631552168038,0.0370779112575272,0.02302592423325986
11,SH2D2A,brain_caudate_basal_ganglia,brain_frontal_cortex_ba9,0.6250063456272527,5.2283121622076685,0.6506239069158334,0.02085397674527646,8.272962829010275e-05,0.6020974958668666,0.30286891885283956,0.2506338174580993,0.13966276026666669,0.10139420170237497,0.061320916541069415,0.043150751168266076,0.025676114675794438
11,SH2D2A,brain_caudate_basal_ganglia,brain_hypothalamus,0.5462952497832855,4.2960162137265865,0.506315184376837,0.0318221724061662,0.0001414332154394189,1.0070706577199464,0.4545228183938935,0.2990300908808562,0.1750237434534816,0.1056437005501845,0.06787845250884916,0.0475133178052773,0.03311022046860505
11,SH2D2A,brain_caudate_basal_ganglia,brain_nucleus_accumbens_basal_ganglia,0.6579146433200318,4.4442279343517885,0.5944104863814921,0.01985882798686392,8.291100659362393e-05,0.8891878093515626,0.44831878807390957,0.3007920018858258,0.18259214035362786,0.11094725771076494,0.0643108524962018,0.04610445738630372,0.0292308845024446
11,SH2D2A,brain_caudate_basal_ganglia,brain_putamen_basal_ganglia,0.8665544829139261,3.2962438902329168,0.8509186670910808,0.03845387788129214,0.00014824738844310803,1.476482192917611,0.5498098154694891,0.2907960545661564,0.1709809853643568,0.0994408124353163,0.0669766643199662,0.045790965266655534,0.028297145364921738
11,SH2D2A,brain_caudate_basal_ganglia,brain_spinal_cord_cervical_c-1,0.4844109145271,4.644496296951961,0.44634153265025117,0.10427029763803637,0.0002188373601647,0.9302904063330424,0.4674277165317049,0.25731139131637215,0.1748901436261533,0.1027124284626039,0.07031674709868264,0.050124227232427744,0.02963028044888668
11,SH2D2A,brain_cerebellar_hemisphere,brain_cerebellum,0.793344962096397,2.950222117759129,0.7766115970203594,0.05096700044698628,0.00015850784789710366,0.9827718069273796,0.5653967936162007,0.17634706889137622,0.11346667783789077,0.07220653929600186,0.044803078931381,0.0270491219902488,0.01585478229504324
11,SH2D2A,brain_cerebellar_hemisphere,brain_cortex,0.4925959280284554,4.896509282756895,0.6314895910033986,0.05596829722614209,0.0001020324720891789,0.41985136769687603,0.30949525548772655,0.17527988255752577,0.11808655448464374,0.07311829699471008,0.04946327776246976,0.029438099202100644,0.01906483823539634
11,SH2D2A,brain_cerebellar_hemisphere,brain_frontal_cortex_ba9,0.5402879438147249,4.884978786007751,0.6099547883619107,0.05275314103316222,9.80329887742e-05,0.4833042740636223,0.3514495573576268,0.20400309635706662,0.12782165158476427,0.08636845961349619,0.051264158151846775,0.0299697293069282,0.02019925053393968
11,SH2D2A,brain_cerebellar_hemisphere,brain_hypothalamus,0.4184761792351548,4.749083802382589,0.36680853231619126,0.12041308598203145,0.00021178512983116,0.641153088182235,0.3668029037669611,0.2779467263857008,0.1511434179587829,0.09208225348745595,0.05692499680051923,0.0333730186321392,0.02432982943308232
11,SH2D2A,brain_cerebellar_hemisphere,brain_nucleus_accumbens_basal_ganglia,0.4730258748765948,4.845426591183303,0.5532098084988231,0.051931351939088766,8.609966332024871e-05,0.5270975798764423,0.36970082581484265,0.23756051763941236,0.1532754294368031,0.09803985968514706,0.053102419266176204,0.032456691053020535,0.022580275657835498
11,SH2D2A,brain_cerebellar_hemisphere,brain_putamen_basal_ganglia,0.4827792782300081,4.586102248934627,0.43701337915049904,0.10972143332224707,0.0001523653811459,0.6100388732933993,0.32301703835061474,0.2492312114241607,0.14087940483426636,0.09335981452818824,0.055338736799646224,0.0339597824908063,0.02243603180802588
11,SH2D2A,brain_cerebellar_hemisphere,brain_spinal_cord_cervical_c-1,0.35753961957985786,5.0852447385672,0.2778993713980743,0.13674988769817342,0.00028590674946516,0.5507682465345011,0.4009237721182427,0.22752362027793235,0.14626294079954089,0.09290686928814365,0.060241052271503184,0.03342722902231669,0.02266065797800602
11,SH2D2A,brain_cerebellum,brain_cortex,0.5503188160595791,4.763385929323708,0.5976317400370033,0.05082180012956726,7.638730400988741e-05,0.4167410699052455,0.2957793004692718,0.17271771257604338,0.10899776598015287,0.07174775929461674,0.052291441295198006,0.02980528319701024,0.01730500868914006
11,SH2D2A,brain_cerebellum,brain_frontal_cortex_ba9,0.5666647106620692,4.909081230131217,0.594761045581385,0.06348525394770622,7.270628429724517e-05,0.4475985433184255,0.2841157466003186,0.1874225515547035,0.12439663681393269,0.07659413447426226,0.0528806441307908,0.031809077787655335,0.01874253066311888
11,SH2D2A,brain_cerebellum,brain_hypothalamus,0.4470564324099883,4.467742356888995,0.3701844872905286,0.09382248105391137,0.0001872383268935,0.7377062697261634,0.32285871116706133,0.22872359443507148,0.1465856753172002,0.08545441699747436,0.05679671282901662,0.038750379475289844,0.0214534284944107
11,SH2D2A,brain_cerebellum,brain_nucleus_accumbens_basal_ganglia,0.5158994895366511,4.702911174798428,0.5748177162253876,0.058452671783822976,0.00012884491827159166,0.5879891877265088,0.32787776619282305,0.2190481873527752,0.14892526160732428,0.08828140006898676,0.055273912136997984,0.03821553845643122,0.01965359669964878
11,SH2D2A,brain_cerebellum,brain_putamen_basal_ganglia,0.5089348505285921,4.592105125682033,0.4279957085371218,0.05851953680034616,0.00010154659957138934,0.6029050910166263,0.3062749106324613,0.2149290315004654,0.14249795481475225,0.08292684365209398,0.05624749765686702,0.03981981289509274,0.0196775862683963
11,SH2D2A,brain_cerebellum,brain_spinal_cord_cervical_c-1,0.37590942577331127,4.814284963096149,0.2718993085208814,0.08276622260412567,0.00022567961742728,0.6248365279861342,0.33408340284984506,0.2013422005386969,0.15194681566759488,0.0827260995505758,0.06058923315384972,0.037557753122188675,0.02022216773989164
11,SH2D2A,brain_cortex,brain_frontal_cortex_ba9,0.8555115750632476,4.173058220938251,0.8142070114042493,0.036239723925808896,9.271931871236285e-05,0.7007606865788523,0.3998068828706688,0.26646447491906333,0.11764802667336219,0.08552427158112458,0.05372659445469872,0.03461330630371382,0.01888240272489576
11,SH2D2A,brain_cortex,brain_hypothalamus,0.4615001892341489,4.871808024970248,0.4256892711791013,0.036176504736975056,0.00011733382564842448,0.6528052837217494,0.35973807460395313,0.23359095745725655,0.13733506649490848,0.09283965282903346,0.06926372513730741,0.03885978590588094,0.023161240880458362
11,SH2D2A,brain_cortex,brain_nucleus_accumbens_basal_ganglia,0.5766293549399379,4.802884284289821,0.6860956898752684,0.03911575089618676,9.938085964419991e-05,0.6400858088143375,0.3578865744073196,0.22545306436543372,0.13514538536762907,0.10035743281915373,0.0681858936740105,0.03498208154744544,0.02263886166269872
11,SH2D2A,brain_cortex,brain_putamen_basal_ganglia,0.5597984214893725,4.976963190400762,0.5037075624597134,0.02883993917741624,8.1057119997605e-05,0.6107508292715548,0.34473933797385153,0.2299565162391067,0.13295735380611537,0.09486733255661559,0.06518807372382425,0.03744837096184328,0.02277595066097718
11,SH2D2A,brain_cortex,brain_spinal_cord_cervical_c-1,0.4238476075997534,4.714481821875578,0.3418424908003962,0.05863783155235138,0.00013706153488557998,0.6280697409701999,0.3840539487378368,0.23389353733136958,0.13734743540312916,0.10008185739323769,0.0659039612464096,0.035835260246161835,0.022905917604186882
11,SH2D2A,brain_frontal_cortex_ba9,brain_hypothalamus,0.48886368866053126,5.080771570325511,0.44632666712889907,0.04198574933596118,0.00013383442645148,0.691376576742997,0.3996664888368922,0.2889215974230303,0.15844446482572647,0.11093298718313438,0.06872289418562846,0.04148730980020772,0.026923415668220117
11,SH2D2A,brain_frontal_cortex_ba9,brain_nucleus_accumbens_basal_ganglia,0.5956318771147348,5.149873524972665,0.6018429514479353,0.02189425836229284,6.953355463233138e-05,0.5785956253599679,0.40769281783328487,0.2804206049808862,0.15333263491969998,0.1128168874097331,0.06327530472285384,0.04051316070683858,0.02619313388255946
11,SH2D2A,brain_frontal_cortex_ba9,brain_putamen_basal_ganglia,0.594574992199665,5.032329388293666,0.49340295630211745,0.047925268801832996,9.58813019942309e-05,0.64793197199392,0.35846074244329296,0.2632800646120079,0.15681119702624086,0.10355138173021006,0.06088455190883496,0.045046576476977816,0.025218681165178235
11,SH2D2A,brain_frontal_cortex_ba9,brain_spinal_cord_cervical_c-1,0.44487713768408765,4.872550630267122,0.3569363200715187,0.09677975164934706,0.0001494620005247,0.6903498799322559,0.4053559885612021,0.26526673947090745,0.1571441226349842,0.10855492284060486,0.06403018060558938,0.04121725569100318,0.025661346540103804
11,SH2D2A,brain_hypothalamus,brain_nucleus_accumbens_basal_ganglia,0.5699269402632092,3.8302370997740764,0.5058526547419142,0.04615254032510036,0.00029128388537579024,1.0615035656837906,0.4946189757243264,0.29783114536832017,0.22574508366007176,0.11791803962409426,0.0722115152762836,0.0462869339145843,0.03385032179533146
11,SH2D2A,brain_hypothalamus,brain_putamen_basal_ganglia,0.5359611596531157,4.147452256000793,0.4307080058012952,0.036284559535705196,0.0001503964606399,1.046264759430446,0.43507317346194396,0.33320485917953224,0.20916954132719284,0.11453870753209476,0.0702897213280573,0.05024573383467764,0.03291323000137842
11,SH2D2A,brain_hypothalamus,brain_spinal_cord_cervical_c-1,0.5155046757815251,3.354414061637068,0.49626085147696497,0.049762952735719304,0.00013860012872936672,1.343158012894757,0.45506563490803087,0.28573003190837193,0.22221041847593748,0.12479847620972266,0.0773720871679175,0.047988482530914076,0.0318253350750756
11,SH2D2A,brain_nucleus_accumbens_basal_ganglia,brain_putamen_basal_ganglia,0.6352830363043955,4.414284199585734,0.5688499483541045,0.05208604185857894,9.864606597332116e-05,0.9342710261952314,0.5317083402645226,0.2902134814943059,0.2080827351947801,0.11867285967171001,0.06764708462777268,0.04668298076053576,0.0293252648349429
11,SH2D2A,brain_nucleus_accumbens_basal_ganglia,brain_spinal_cord_cervical_c-1,0.4696932012792322,4.713335504717284,0.4122750595999897,0.08602872221504693,0.0002558277106698,0.9015493246763372,0.4874933325734359,0.26831121875796865,0.2209692582689012,0.11556533486470658,0.07764599013924116,0.04903856911694756,0.029571923966497337
11,SH2D2A,brain_putamen_basal_ganglia,brain_spinal_cord_cervical_c-1,0.4918331892672841,4.489272460440011,0.44133163960968425,0.0940959647893703,0.0002349251786435,0.970413801974605,0.5504685049322682,0.2618297770296156,0.20364955210920072,0.11202855576869589,0.07404513960599922,0.04741663442890578,0.03010394041459648
12,JAM2,brain_amygdala,brain_anterior_cingulate_cortex_ba24,0.5780824040097492,3.208558374447141,0.6888646606830059,0.06418659790144814,7.04520258670102e-05,1.722631145488397,0.6995949362731384,0.4006792669842059,0.23991158621059974,0.15683404750469662,0.09022872500322207,0.05466001172365694,0.037213275833308156
12,JAM2,brain_amygdala,brain_caudate_basal_ganglia,0.4767869681071909,3.666013891152409,0.35390110576542677,0.14235645829210275,0.00013295141278791945,1.3124535335106806,0.6050916374356381,0.3996437850686361,0.2221969008921299,0.14724249000597583,0.0800170944491134,0.057405022688996776,0.03758623869607216
12,JAM2,brain_amygdala,brain_cerebellar_hemisphere,0.35845225661733915,3.881828354789191,0.47144795845977255,0.08693095546510375,7.102147843903392e-05,1.170367634420145,0.6163533741205351,0.2991273127556267,0.1979030543717341,0.13382028221050685,0.08301370947853345,0.06692338554692469,0.038268876997876136
12,JAM2,brain_amygdala,brain_cerebellum,0.4110875920197247,3.9468323975252275,0.43464562011252905,0.14786622743984706,0.00012550810513388782,1.1209044160142467,0.5672706065897297,0.33452684496863927,0.19170197532830985,0.1471083825123392,0.08204945786575177,0.06442544834131468,0.03740373313779488
12,JAM2,brain_amygdala,brain_cortex,0.5083154828948714,3.121635389125416,0.49742370339699093,0.1880599058039923,0.00014854158439669133,1.5319408244513235,0.5338913041328003,0.3402725588826415,0.1997223243684044,0.13882209133565537,0.08196394743863515,0.05280701547801692,0.033938517920777775
12,JAM2,brain_amygdala,brain_frontal_cortex_ba9,0.5129706470796542,3.540959699972182,0.4080616336592735,0.22199523221880013,0.0001584006363367834,1.3161070250753932,0.5732229368971351,0.379940723649436,0.24300517471828548,0.1524460931470451,0.08677139786352109,0.05720956791540142,0.03914765254233078
12,JAM2,brain_amygdala,brain_hypothalamus,0.5010728692603725,3.5215736983140515,0.6577955628388381,0.050570521730547525,4.044139670186701e-05,1.5237865873040268,0.5821945865727035,0.38475117764607153,0.262492301887512,0.1778741065656903,0.0964852625499748,0.0670386203098475,0.043578379532289116
12,JAM2,brain_amygdala,brain_nucleus_accumbens_basal_ganglia,0.4845030679298773,3.637263423198797,0.5001137750931972,0.05069903430581656,5.3145778392286364e-05,1.4819105230837382,0.646420601832229,0.43792004869114365,0.24957271498305705,0.1593703452354031,0.10468675858987146,0.06330587977458346,0.03815014207013964
12,JAM2,brain_amygdala,brain_putamen_basal_ganglia,0.471865142000713,3.4841440414745377,0.4698712456239257,0.07814152324258108,7.777033104833921e-05,1.4188908978335282,0.5782892551166936,0.39150887810460505,0.22876504570290437,0.1436600772865244,0.08654636762331983,0.06170186975649115,0.03502807532556098
12,JAM2,brain_amygdala,brain_spinal_cord_cervical_c-1,0.5102426932662928,3.9203118983322476,0.591787534437934,0.0859450169353999,5.715120287923364e-05,1.8460516513843057,0.6894012097497063,0.48877902038704946,0.28757202377850183,0.1894858411619904,0.1076698581501159,0.06649841106809853,0.04623188203206276
12,JAM2,brain_anterior_cingulate_cortex_ba24,brain_caudate_basal_ganglia,0.5007432744101663,3.952465753716202,0.4670931050941703,0.1172099639352254,0.00011432946253404268,1.1577987870193445,0.5815750248712167,0.3494717415319464,0.2232218873978206,0.1315402973177303,0.07177920222776778,0.05303824989570134,0.0331204678111629
12,JAM2,brain_anterior_cingulate_cortex_ba24,brain_cerebellar_hemisphere,0.3313909083672016,4.640975331181723,0.516688248748828,0.1444526461826412,0.00010375575920520287,0.7819452737633237,0.5684274543145043,0.28419351212476396,0.1822846995272312,0.13380960261771221,0.0761257547487839,0.05256667071487536,0.035224259987686
12,JAM2,brain_anterior_cingulate_cortex_ba24,brain_cerebellum,0.42169951453723237,4.326260898014395,0.5392463735726843,0.15008606531723376,0.00012183414755666079,0.9570324640176258,0.49130722449183645,0.3049034244488139,0.20117969679614714,0.13891500297673595,0.07153838607002053,0.05509197658752944,0.03337902141211778
12,JAM2,brain_anterior_cingulate_cortex_ba24,brain_cortex,0.710148355834855,2.7327399308629357,0.7490683321966479,0.21324904589446053,0.00019528117228800553,2.0522588990880455,0.5565119828702664,0.37135596896427125,0.20650375298400303,0.13324067594349445,0.07082626324185926,0.04665182835879622,0.029879856944151163
12,JAM2,brain_anterior_cingulate_cortex_ba24,brain_frontal_cortex_ba9,0.7800413091613347,2.7640996777562363,0.810276029253251,0.2982575327295819,0.00026326554411960576,2.0003957475889926,0.6294219628704136,0.41115753791938936,0.2445179278523717,0.15132757082869533,0.0720153573600903,0.05124320137989448,0.03382054990706128
12,JAM2,brain_anterior_cingulate_cortex_ba24,brain_hypothalamus,0.5128632533628478,3.7055169050588956,0.6708278379778149,0.08548191190103391,7.555998530842192e-05,1.3376539548919832,0.5406079266984375,0.3388460676500281,0.24497167794317512,0.1506068969911893,0.08462541646547847,0.06021564485326976,0.0390405751662484
12,JAM2,brain_anterior_cingulate_cortex_ba24,brain_nucleus_accumbens_basal_ganglia,0.578457554607177,3.439871246969927,0.5125141262243187,0.0814094123241031,6.842575864411305e-05,1.8388814578911667,0.5773627700296579,0.3901468503841488,0.2598005773052588,0.14947093397137326,0.08615515310093917,0.055212835348305976,0.03448370117823572
12,JAM2,brain_anterior_cingulate_cortex_ba24,brain_putamen_basal_ganglia,0.49061018970427117,3.846742160153304,0.5950167415090812,0.094918029853423,0.00010661344357118547,1.26533896437873,0.5255578021660589,0.3989364029281922,0.20856412287604761,0.13892637376811873,0.07741543985323318,0.052796173493871,0.031954096826760134
12,JAM2,brain_anterior_cingulate_cortex_ba24,brain_spinal_cord_cervical_c-1,0.5086730063475821,3.817273865912166,0.6335416368107541,0.11066057571553276,0.00013245273750667072,1.4584068012534273,0.6007015174381994,0.46606507431984606,0.25002885648754136,0.15859063621510278,0.09769047099420762,0.05876265365005244,0.039777600287852176
12,JAM2,brain_caudate_basal_ganglia,brain_cerebellar_hemisphere,0.34844541337127066,4.075781701389774,0.31716269713644507,0.15086054307815883,8.255395899772213e-05,0.9165298280271639,0.5609931896538453,0.2935275149080908,0.1894685929174509,0.13870065416190494,0.07030417059397427,0.052446141438636296,0.034033062704836345
12,JAM2,brain_caudate_basal_ganglia,brain_cerebellum,0.45758564648427713,3.8794099438789393,0.40260739517587024,0.1659578843844891,0.00011778124388389962,1.1306359785035414,0.5458701022691944,0.32176731427881566,0.17900015327730595,0.14275605722159743,0.07030192828876236,0.052640462667020535,0.03335293130447986
12,JAM2,brain_caudate_basal_ganglia,brain_cortex,0.47884394922968054,3.7382367880744525,0.5097337797768252,0.12538548372352334,0.00010813687039834896,1.0982546928568249,0.5627343534899163,0.3133518678875221,0.17001284405125383,0.1202021565662926,0.06841929010332196,0.050173204351784316,0.03137247439836338
12,JAM2,brain_caudate_basal_ganglia,brain_frontal_cortex_ba9,0.5281833103040552,4.009579793908428,0.5179502747145092,0.052417020208681844,6.304297329924858e-05,1.123852347842433,0.571070554080093,0.3461534370939487,0.20423695211316026,0.13773618349918376,0.0768844974146117,0.0517824227993393,0.03519235503086174
12,JAM2,brain_caudate_basal_ganglia,brain_hypothalamus,0.48823814040514335,3.9033991861523605,0.42290496150592516,0.14663328056615815,0.0001227639776116221,1.119022722548666,0.6904459262321978,0.31502047525070564,0.23591823797503264,0.15632236969596022,0.08661835413151611,0.06021942249167704,0.03751409085972342
12,JAM2,brain_caudate_basal_ganglia,brain_nucleus_accumbens_basal_ganglia,0.6043736358265387,3.081083144797153,0.46306162824799924,0.10313153502434151,7.565181614478626e-05,1.7528457048671044,0.7935116328054231,0.37528902552422977,0.22437848184983747,0.13697589870703034,0.08119629298578834,0.05905198900565391,0.03413410217423658
12,JAM2,brain_caudate_basal_ganglia,brain_putamen_basal_ganglia,0.8154366494122094,2.386052566033482,0.76849647400405,0.07465281126217026,6.818709931252839e-05,2.7595136880722295,0.8556922604693444,0.37576703345063733,0.19801450844401308,0.14583633962343154,0.07539893818671825,0.05074854221211744,0.031638819905595
12,JAM2,brain_caudate_basal_ganglia,brain_spinal_cord_cervical_c-1,0.4854622513398271,3.9450061366449747,0.4517680829097931,0.11116820406122938,9.482105259297645e-05,1.4378674630182646,0.620511932488137,0.44189112444957407,0.24897066480770863,0.16378448409551175,0.0940138742787788,0.059726808983779724,0.03903673075215974
12,JAM2,brain_cerebellar_hemisphere,brain_cerebellum,0.5922803525131576,2.5822185507997295,0.5824353825731486,0.16682219294928116,0.00012622329412882266,2.221256147692725,0.8418478870219193,0.33061928849091315,0.19235823185259657,0.13697047031536702,0.07397301701594065,0.04856949845822158,0.0315536180863399
12,JAM2,brain_cerebellar_hemisphere,brain_cortex,0.3056417515994794,4.516895666763757,0.48540610353688063,0.1670522665094291,9.538858204514785e-05,0.7462893075482644,0.47735396039996736,0.259508732234934,0.16228428152302854,0.11725928311757587,0.0667895350906614,0.04843652240639224,0.0341880383680784
12,JAM2,brain_cerebellar_hemisphere,brain_frontal_cortex_ba9,0.3395231470574093,4.600059106926098,0.4610719070126225,0.1666193048834395,0.00010584050951512184,0.7209248091164806,0.527340392630377,0.2989509284841098,0.19049241306601458,0.12513881847406477,0.07129531054180804,0.056351581130835715,0.03641043570886746
12,JAM2,brain_cerebellar_hemisphere,brain_hypothalamus,0.3772082077444387,4.177405022849608,0.4256612207207488,0.06149012055887648,5.451165404384241e-05,1.3004231259860055,0.5392752448121472,0.3199192183397481,0.213893778699049,0.14886963984484008,0.08244759306445171,0.06652344509741635,0.03926902090990284
12,JAM2,brain_cerebellar_hemisphere,brain_nucleus_accumbens_basal_ganglia,0.3385329630639534,4.134293903041251,0.37445792459487404,0.12058587513794831,7.393018911686247e-05,0.9538277648209565,0.660741323981494,0.27643917252114897,0.20633687219898814,0.1382710500041698,0.086062275691072,0.058819101723473134,0.0365134214718292
12,JAM2,brain_cerebellar_hemisphere,brain_putamen_basal_ganglia,0.3497205750758047,4.040605826869963,0.36279117977681175,0.07883308602558388,4.7023009356818936e-05,0.9867606535291863,0.5839865902970655,0.29485786999569114,0.18601307065768374,0.13301170192000916,0.07463647322796121,0.05585120931061448,0.03226538834489198
12,JAM2,brain_cerebellar_hemisphere,brain_spinal_cord_cervical_c-1,0.36732051960596357,4.3037160240927514,0.43422883677548796,0.09197541838905447,5.3235333366024416e-05,1.2699503775309366,0.6221751553881248,0.34930477893000367,0.2314993635777653,0.1501034070043269,0.08702699630064649,0.06911071236241842,0.040308342658214105
12,JAM2,brain_cerebellum,brain_cortex,0.4472530520079717,3.931683891641794,0.5552868671957266,0.09872540841282662,8.65532989249083e-05,1.0333792065312803,0.49852318055083744,0.3109640209924431,0.17482784801244713,0.11669970909695118,0.06616785873722404,0.0502367173478803,0.0313849134513305
12,JAM2,brain_cerebellum,brain_frontal_cortex_ba9,0.43335415378799824,4.5250102927363445,0.5490158074540372,0.1470105864454273,9.652812383478159e-05,0.8227954819488079,0.4917614537286366,0.3401228499604265,0.18193099110588068,0.13864775632144433,0.07174063269299645,0.05523251706015542,0.03486746445721116
12,JAM2,brain_cerebellum,brain_hypothalamus,0.46497532982279444,4.040901503839426,0.41025189792957517,0.16158108765355167,0.00011620375107808169,1.3152437269319057,0.544074333834654,0.32587861806289514,0.20797898276660876,0.1576088171305141,0.08746288913353369,0.06372085829692917,0.03670486283896606
12,JAM2,brain_cerebellum,brain_nucleus_accumbens_basal_ganglia,0.4808499722305795,3.5947305386262265,0.5111730871828929,0.19236767330328564,0.00015800607487507595,1.3682615177877484,0.6014785108367035,0.3108402666401601,0.21277244600953793,0.14304901027720887,0.08563516550714828,0.060112603695889874,0.03305046098637876
12,JAM2,brain_cerebellum,brain_putamen_basal_ganglia,0.4588799688369704,3.7829100594546654,0.5240421096555384,0.11766645132528612,9.368972982961665e-05,1.2610583281171166,0.5579369732991009,0.3296037085819063,0.18677283169917935,0.13219111724872729,0.07387401487634626,0.05603651013296747,0.03149781393464686
12,JAM2,brain_cerebellum,brain_spinal_cord_cervical_c-1,0.4979163020698021,3.9192443374397614,0.5517059202607681,0.11672261350206056,0.0001033791768069302,1.6144031615434418,0.6704325749190235,0.4041909035551489,0.23606076721707883,0.15122387651898844,0.08625780122240737,0.06705249121047036,0.038373679076010844
12,JAM2,brain_cortex,brain_frontal_cortex_ba9,0.7573325685706317,2.69877340590582,0.7519442500832453,0.11831030638692548,0.00011729767205962854,1.9642178781272748,0.6000812111457083,0.34758052509650167,0.20939209788940588,0.1314246637619789,0.07061201434903182,0.04933537089638096,0.030852765879097698
12,JAM2,brain_cortex,brain_hypothalamus,0.47971874365220923,3.654544058702153,0.47940201240202934,0.20812533119751628,0.00015166682762477314,1.3020457506953267,0.4855984959398086,0.31293440486526836,0.20974126566826964,0.14240948553430638,0.0712236802435704,0.05640659017936091,0.03651438547903592
12,JAM2,brain_cortex,brain_nucleus_accumbens_basal_ganglia,0.5765670256228791,3.2093993286399596,0.5900185072708577,0.19330257422417757,0.000175532437085261,1.8701579320390214,0.558904591087958,0.3351339048529952,0.19531723178276897,0.14213460814641593,0.0794217426057377,0.05176349234175744,0.03162979344808488
12,JAM2,brain_cortex,brain_putamen_basal_ganglia,0.4652059146220632,3.6967540344087753,0.5252341802174856,0.10334690362931406,9.535516880473627e-05,1.2193291468707388,0.5122231067413748,0.32116351218174105,0.1851736134863906,0.121631828435894,0.06987337194349821,0.049418818807146,0.030494283982877363
12,JAM2,brain_cortex,brain_spinal_cord_cervical_c-1,0.4844922524139001,3.626544484706515,0.6390646919655573,0.14526846272915953,0.00014968262052572046,1.3224366218984225,0.6562588062264292,0.3900151961689614,0.19852110430194608,0.1475734836767509,0.083833040390973,0.05770877372851024,0.03529697207498844
12,JAM2,brain_frontal_cortex_ba9,brain_hypothalamus,0.4974573967857327,3.9749342459669874,0.4388578406188818,0.1733147705075265,0.00012245496340985233,1.1099121874330298,0.5042967339656745,0.34946749048568854,0.24951795012695605,0.1594668904919416,0.08423326941316975,0.061331979389423676,0.04049123457948398
12,JAM2,brain_frontal_cortex_ba9,brain_nucleus_accumbens_basal_ganglia,0.5269528483696169,3.8398058682678036,0.5191645515949551,0.1781174612085675,0.00015973192955909813,1.324602570618212,0.5469665821798324,0.3877772791390435,0.24455538848172673,0.15143756212946458,0.08521710863075618,0.057360163662988836,0.036655663719331676
12,JAM2,brain_frontal_cortex_ba9,brain_putamen_basal_ganglia,0.49988898690581773,3.956405531636033,0.6121822017665302,0.0930670733784552,7.575302947745974e-05,1.1684489870968195,0.5363171134527434,0.3776407351744323,0.20308191487248278,0.13974896195048303,0.08123401955081869,0.05308974626236126,0.03275962142466968
12,JAM2,brain_frontal_cortex_ba9,brain_spinal_cord_cervical_c-1,0.4919060336111104,3.8938248202633203,0.5681520195892479,0.14080312902199132,9.930514590430157e-05,1.3011182636366285,0.5466132759136043,0.43896976793473125,0.23954584773867146,0.1546302464704986,0.09583407062348089,0.06212694794892922,0.043144946825197
12,JAM2,brain_hypothalamus,brain_nucleus_accumbens_basal_ganglia,0.5611733234373041,3.4264424533663247,0.6406328811419653,0.04967655346639468,5.374372645603455e-05,1.6305369483702083,0.7130492635798132,0.35294993647462364,0.2546953551164981,0.17145442226101507,0.10212078713267972,0.06549446918244643,0.041312706347371816
12,JAM2,brain_hypothalamus,brain_putamen_basal_ganglia,0.5055517162773788,3.5255152526739777,0.5530775392263629,0.08088689229932203,8.727528282891261e-05,1.4374656783770718,0.60961738330317,0.3319240201645398,0.24279234486892273,0.15015078963411052,0.09092818025022417,0.06277138292426576,0.03761937168278996
12,JAM2,brain_hypothalamus,brain_spinal_cord_cervical_c-1,0.5566356907782593,3.5179096338589617,0.49755643066018,0.06827112623747927,3.466309436757672e-05,1.842139267267719,0.654011604152376,0.3978242554511014,0.2819842994266818,0.19704153859209414,0.1109192269470514,0.07377097722383284,0.04664056743549138
12,JAM2,brain_nucleus_accumbens_basal_ganglia,brain_putamen_basal_ganglia,0.6171482827494391,3.025454573853909,0.6003319148042098,0.0409478330337265,3.10187667658824e-05,1.8974286565050142,0.8629077398070153,0.39422476661478745,0.2336135605794405,0.14193618539868924,0.09061058625855418,0.06050304233861448,0.03254368224430642
12,JAM2,brain_nucleus_accumbens_basal_ganglia,brain_spinal_cord_cervical_c-1,0.49116195024041476,3.9960256632666287,0.5377333381643892,0.0711705512566399,4.881731881113575e-05,1.4730850089446996,0.7115686662520352,0.48866886977736684,0.27015961880366024,0.18138203436830364,0.11285655847745032,0.06713978314615869,0.0410742785131923
12,JAM2,brain_putamen_basal_ganglia,brain_spinal_cord_cervical_c-1,0.49677062668445293,3.838518735892541,0.5210860815306112,0.06355751491170061,6.238034830580475e-05,1.6203604102079034,0.6603841780680768,0.4731720194437785,0.24122264043502537,0.15948548185064965,0.10024795082302758,0.06213354881489118,0.03694923391517834
12,SH2D2A,brain_amygdala,brain_anterior_cingulate_cortex_ba24,0.6805047019179128,3.660122941696089,0.6279284261880307,0.015471015487333086,9.982488646251766e-05,0.5932292830587246,0.2477333844055488,0.15704615729433832,0.09404257392467667,0.07251915300359922,0.05352868209547362,0.03618529328474984,0.02077208575923698
12,SH2D2A,brain_amygdala,brain_caudate_basal_ganglia,0.4894764306641955,4.943337552026227,0.3884284869533509,0.019345095301577495,8.767825966862769e-05,0.3216591645204656,0.2598743374840084,0.16111897783009962,0.10177760880139122,0.06381462317647334,0.058045769756263424,0.03966781635249084,0.02251862985644728
12,SH2D2A,brain_amygdala,brain_cerebellar_hemisphere,0.4606529363314382,4.600411327750581,0.3867205202794641,0.017165258873903706,7.948241382624566e-05,0.3417126300807894,0.20081945285863284,0.1369710597016367,0.10420097986993286,0.0693511274769008,0.04759927334802712,0.0337222242977683,0.01933215041687564
12,SH2D2A,brain_amygdala,brain_cerebellum,0.4662423169898169,4.947488398126249,0.46564339734703203,0.01854050695525338,8.16474508894736e-05,0.3225026033248259,0.1972936460944417,0.14350078332242738,0.10022785859980683,0.07836642609969591,0.047546476288152485,0.029567106458277943,0.01840629131088336
12,SH2D2A,brain_amygdala,brain_cortex,0.5027229933759049,4.49338665608977,0.4697557403216594,0.02380845774593744,9.574571377835904e-05,0.3229168443499127,0.21093700995781703,0.13855523145733567,0.08565503431939406,0.06382894470855448,0.0473854625541645,0.03720219944579552,0.01716736190886112
12,SH2D2A,brain_amygdala,brain_frontal_cortex_ba9,0.5310972733956544,4.617516180778614,0.5759195123162387,0.02425744205760711,0.00010048047830855131,0.33715094438798243,0.19986701907572804,0.13749608730551377,0.0854910932094409,0.06618493578296548,0.043908374066541876,0.033000468457223896,0.018711014708794542
12,SH2D2A,brain_amygdala,brain_hypothalamus,0.45169272220858125,4.704814235238005,0.3674364391830519,0.019669749191547382,8.747789859340742e-05,0.4297957502456158,0.2623989014513908,0.18508519494142234,0.11397078864310864,0.07397935264475994,0.054833679553922654,0.041328633795321035,0.022622794162952563
12,SH2D2A,brain_amygdala,brain_nucleus_accumbens_basal_ganglia,0.5387323841289844,4.711619048575737,0.5019853883427545,0.022100975269885137,9.721283636891486e-05,0.46372325318577257,0.2704168523393712,0.1841255390315247,0.10563889710041334,0.07124005903863559,0.055839864463938,0.04042127799806344,0.024390594799396058
12,SH2D2A,brain_amygdala,brain_putamen_basal_ganglia,0.4752319349651941,4.854829862929165,0.4140180939695616,0.034850443822925334,0.0001343887460803245,0.3329415767711368,0.25187398035651665,0.156756219300003,0.0997998818557482,0.06918088621051703,0.049583091101581114,0.0402353726332265,0.024588400414217622
12,SH2D2A,brain_amygdala,brain_spinal_cord_cervical_c-1,0.42947553483161327,3.7666329476952902,0.39551284478132076,0.02908296988981826,0.00014474861421463246,0.5341406091120342,0.26035771470100083,0.18656425681856253,0.12536942058810074,0.08607927772003587,0.06010853077577958,0.043313788312975096,0.025322488386873898
12,SH2D2A,brain_anterior_cingulate_cortex_ba24,brain_caudate_basal_ganglia,0.49573211523808636,5.143520777450861,0.3355124476912103,0.019706025889978857,9.044180869492821e-05,0.2626000984032064,0.21295482873738908,0.142204586866307,0.08425128218793622,0.06772736703221272,0.05052278035397277,0.03493682520932088,0.01960106583029672
12,SH2D2A,brain_anterior_cingulate_cortex_ba24,brain_cerebellar_hemisphere,0.49554128069995096,4.653468445572786,0.31103666482298503,0.017265323810829115,9.676290812457717e-05,0.3000375156401307,0.18870797982106224,0.12778592286770044,0.09494210098836492,0.05950779384780051,0.0411822148373725,0.0289046889152126,0.017271192153141858
12,SH2D2A,brain_anterior_cingulate_cortex_ba24,brain_cerebellum,0.515481202738554,4.815047883218762,0.3997097978957817,0.011915786846435513,6.386789270193053e-05,0.25615601501250485,0.21496737843585487,0.1252041396101924,0.0908946249136081,0.06517631863734082,0.044841781615971035,0.02598004189892298,0.01633451087746694
12,SH2D2A,brain_anterior_cingulate_cortex_ba24,brain_cortex,0.6726509953042986,3.89717907239579,0.5199440355262288,0.02405835511970225,0.00010107682237113581,0.378771265371712,0.21707581808477272,0.12864865244695625,0.08594421188284365,0.06265701887849778,0.042019969415712476,0.02931186168023936,0.015197872634624802
12,SH2D2A,brain_anterior_cingulate_cortex_ba24,brain_frontal_cortex_ba9,0.7552149882200647,3.692381758629815,0.7997046917596468,0.009725461730956543,4.545885897615537e-05,0.48108776830978695,0.21407463341934738,0.13463574772283432,0.08402026272180023,0.06225358044516864,0.04009089274327226,0.02622045967182674,0.01659775216003096
12,SH2D2A,brain_anterior_cingulate_cortex_ba24,brain_hypothalamus,0.4722292072572702,4.3601345256757815,0.3094786129904702,0.026448090376840754,0.00015223811207433247,0.40770580418863894,0.22282743337380198,0.1471287477975287,0.09192540882322299,0.07071670692146995,0.05148342905305716,0.0324876564077907,0.020548468630863962
12,SH2D2A,brain_anterior_cingulate_cortex_ba24,brain_nucleus_accumbens_basal_ganglia,0.6129985219289582,4.5046160245574836,0.5898942167829944,0.015142969076292954,7.391719737994788e-05,0.4468508821554458,0.22841749926339236,0.16612038668230122,0.08715270496592874,0.06957874192947854,0.053797084571812856,0.03233630111837328,0.02176152409135744
12,SH2D2A,brain_anterior_cingulate_cortex_ba24,brain_putamen_basal_ganglia,0.467773951849923,5.027098392541708,0.31649805639524486,0.030717132068414317,0.00013732912515011133,0.2763856705762412,0.2172012387658926,0.12896621577867087,0.08622919011286202,0.06551649809495425,0.05164119880517846,0.03331400761664788,0.02068010112451174
12,SH2D2A,brain_anterior_cingulate_cortex_ba24,brain_spinal_cord_cervical_c-1,0.3675033135170557,4.653474082804026,0.2696000341714967,0.04201121221793298,0.00022300641044526278,0.33778557083358074,0.22971877669340995,0.14827249187091182,0.095592911331593,0.07569732835357887,0.054089761687823576,0.036692292755442356,0.02128343535425082
12,SH2D2A,brain_caudate_basal_ganglia,brain_cerebellar_hemisphere,0.4309297100399512,4.983094299207899,0.3321355725947156,0.02394079229518248,0.000118932190080687,0.2665517560000243,0.19298080948505542,0.12617501850374976,0.0902009917364796,0.060982986415713515,0.046635986084455,0.0325835629671821,0.0172594179303814
12,SH2D2A,brain_caudate_basal_ganglia,brain_cerebellum,0.45295072520921753,5.010120389326081,0.3656538432170323,0.023777388547089693,9.670028539036305e-05,0.2606178938617224,0.1701726613010946,0.13990120427086988,0.08869944078615336,0.06434270662998408,0.04688072354811864,0.02936598144963784,0.016613813832993977
12,SH2D2A,brain_caudate_basal_ganglia,brain_cortex,0.4764906408248103,5.021567763444788,0.4258383152178774,0.018974872520765854,8.218542349074577e-05,0.24641437455723697,0.17922460448972077,0.12359425379901542,0.089038398272022,0.05899985675244181,0.04713946935370552,0.031525321589406866,0.016258102660084962
12,SH2D2A,brain_caudate_basal_ganglia,brain_frontal_cortex_ba9,0.4921285517999319,4.958736945834562,0.4543112780373134,0.01702633532132267,7.111391344341083e-05,0.24789751340624866,0.17287085789561202,0.12591150954771926,0.08617331321069474,0.06192944557737325,0.045721380038599754,0.02789575537830532,0.01783624888963922
12,SH2D2A,brain_caudate_basal_ganglia,brain_hypothalamus,0.46708574879211795,4.217371208686775,0.5252229417469666,0.022639404336878995,0.00012653705192447912,0.40879451006639567,0.22856571283574093,0.157004850225643,0.09552498088226712,0.06618778191497274,0.0547466880204455,0.033076769816077156,0.022878176484650382
12,SH2D2A,brain_caudate_basal_ganglia,brain_nucleus_accumbens_basal_ganglia,0.6395304278207037,3.9869867533017236,0.550355865368904,0.020802698725741125,9.831157406070678e-05,0.5432718349069072,0.2599689047777914,0.15333389211279483,0.09857375780489522,0.07002683678972892,0.05349975394971772,0.03536109726643566,0.02215144632014034
12,SH2D2A,brain_caudate_basal_ganglia,brain_putamen_basal_ganglia,0.8613832073870684,2.460506480414067,0.854738312823123,0.011562469066066365,6.776681187213143e-05,0.9817125980232669,0.28702424977912494,0.13472474986994057,0.09094975078139246,0.06561967667109342,0.04570003983181212,0.035918502872338276,0.02114565504384024
12,SH2D2A,brain_caudate_basal_ganglia,brain_spinal_cord_cervical_c-1,0.35996816190242253,4.568764450542803,0.3358804670094276,0.05535909537284106,0.00029293756239927554,0.40566427342338135,0.21565061163554772,0.15129392321152307,0.09911975361276196,0.07802115421337004,0.0580775709857698,0.03978620733526772,0.02285875638870028
12,SH2D2A,brain_cerebellar_hemisphere,brain_cerebellum,0.6623347483354941,3.4937608354525906,0.6737438572584189,0.028652587028488902,0.0001224496612596808,0.5168324008365353,0.2597466408900941,0.14211967948566445,0.09836390206739952,0.06192066626722872,0.038194052079816,0.02599848110662764,0.0137697220871349
12,SH2D2A,brain_cerebellar_hemisphere,brain_cortex,0.4456818653340925,4.925040699345084,0.40093003401606087,0.025504202543394704,9.92292436781461e-05,0.22611439878297962,0.15644879274038212,0.10648223767480473,0.08300635507891733,0.059407593339673916,0.03863979396465308,0.02807016228640722,0.014727014695607221
12,SH2D2A,brain_cerebellar_hemisphere,brain_frontal_cortex_ba9,0.5027012121022779,4.339504246057851,0.36663691409363647,0.02178578942078636,9.50278596156405e-05,0.31728723059649455,0.1614476400307899,0.1147151064959491,0.07816195121871808,0.05282099643249884,0.03723951081439072,0.0258634222056078,0.01553786670649052
12,SH2D2A,brain_cerebellar_hemisphere,brain_hypothalamus,0.3735817188888182,5.032852702427181,0.33185488584146283,0.03697191193986533,0.00015500569594590138,0.2896235994544185,0.2198060647457137,0.14370076732450549,0.09523186487761,0.06977627095284045,0.04561790442806054,0.02823146070601188,0.01898606404566612
12,SH2D2A,brain_cerebellar_hemisphere,brain_nucleus_accumbens_basal_ganglia,0.4794939531910637,4.8959231540754775,0.491591174539757,0.01787745627920985,6.912743507401064e-05,0.3050979929646524,0.22858141198171236,0.14161250158614072,0.09607528235183029,0.06595272068386956,0.04570552146376986,0.0318606118485548,0.019336812275372463
12,SH2D2A,brain_cerebellar_hemisphere,brain_putamen_basal_ganglia,0.4137397073843788,4.937016603842452,0.2763973745981976,0.03521212662610247,0.00017090072856494246,0.2716279405386105,0.20032812749745105,0.13666563742527024,0.08962290292519041,0.06135010848748634,0.04257708248209778,0.03143221946330564,0.018227940218096463
12,SH2D2A,brain_cerebellar_hemisphere,brain_spinal_cord_cervical_c-1,0.3528370866008334,4.473360028239116,0.325492049992894,0.04868943163652718,0.0002225076538252174,0.4092062373581071,0.2324252572298516,0.13033629862029011,0.10267855240532313,0.06600202266141633,0.047735216256050116,0.0354589478793298,0.019232169861746258
12,SH2D2A,brain_cerebellum,brain_cortex,0.5273427277789852,4.623615209048429,0.4647491848189417,0.011272700811189475,4.734207398279631e-05,0.2661896359767325,0.1565093563743545,0.11715927254765775,0.09517878240691832,0.06504077742146902,0.03946930479488818,0.0227436956615259,0.014234946993342401
12,SH2D2A,brain_cerebellum,brain_frontal_cortex_ba9,0.5339876536564939,4.516801264231097,0.4793265350318638,0.009623678931058734,5.03279642540321e-05,0.27492422543752504,0.17320603235249202,0.12042175501041555,0.07883151859078394,0.05621845553248206,0.04059885513360572,0.021522878085883622,0.01529678766301192
12,SH2D2A,brain_cerebellum,brain_hypothalamus,0.3942065765388072,4.891236585346614,0.3691833808370611,0.03369725934092415,0.00015288517620147774,0.29465186328909854,0.21288187501186068,0.13902677616602158,0.1090897582335885,0.06251729846125308,0.04568698985061358,0.0261587351929572,0.01821880113568124
12,SH2D2A,brain_cerebellum,brain_nucleus_accumbens_basal_ganglia,0.4875193884000364,4.924458676630113,0.5111738845863365,0.024002488909172316,8.469614451955304e-05,0.2844688272465847,0.19895756464435568,0.14562369393514818,0.09643256285510836,0.06349543203035604,0.051331168167573014,0.02939669251585588,0.01742369346910356
12,SH2D2A,brain_cerebellum,brain_putamen_basal_ganglia,0.4266756279821358,5.103044258098226,0.3298003700934221,0.03092733900997453,0.00012948281740027064,0.252522750749438,0.1637648350728349,0.14348622422453186,0.0956145609943136,0.0572620607888961,0.04701699621869132,0.028302733863606423,0.01737568448285252
12,SH2D2A,brain_cerebellum,brain_spinal_cord_cervical_c-1,0.3353023223128436,5.00551416443368,0.30214037555019846,0.05371383419238938,0.00021916202520430526,0.29591698199406424,0.2188130301398762,0.15348601020316138,0.0963428533641521,0.08081731245845082,0.05226865722357672,0.030696057699483158,0.0176947406664529
12,SH2D2A,brain_cortex,brain_frontal_cortex_ba9,0.7728434936177517,3.344078011673352,0.6932061798172912,0.024060040073421718,0.00012884325183459014,0.4714070534900852,0.18833543046329587,0.13048766397918732,0.0807830053199218,0.054687748191646235,0.0388743884725247,0.02594968442960044,0.01364494952798496
12,SH2D2A,brain_cortex,brain_hypothalamus,0.40811269603713,4.916875028455181,0.3443937002869412,0.028081391511416632,0.00012377739712918464,0.28596963206965686,0.1796166955405191,0.14110663087267236,0.08467799809615342,0.06357308542395256,0.04763841520963902,0.03345409323407078,0.01674097960287886
12,SH2D2A,brain_cortex,brain_nucleus_accumbens_basal_ganglia,0.5094101749377955,5.062107479609638,0.502088255990686,0.027804845309109472,9.989313548589925e-05,0.25130375164656543,0.19932312852158618,0.13065779023377644,0.08844004224911078,0.060563280907823945,0.047102121408653705,0.03417291742877736,0.01730502287423642
12,SH2D2A,brain_cortex,brain_putamen_basal_ganglia,0.44627563074371307,4.917466670715582,0.4057121481257585,0.025353772319030254,0.00011397425773203881,0.26542501365721377,0.1824200475868047,0.12301677140868358,0.07595347339820549,0.062253121814479964,0.04380386350481362,0.03269609543583224,0.01701860461670826
12,SH2D2A,brain_cortex,brain_spinal_cord_cervical_c-1,0.3332467581983705,4.685729428461682,0.272368847978027,0.05352703999769518,0.00020695878164974794,0.32225081436764585,0.17977573202235872,0.12325934674909092,0.08686316147952064,0.06520841375290838,0.052300594589324435,0.03650943050981618,0.01787078707638442
12,SH2D2A,brain_frontal_cortex_ba9,brain_hypothalamus,0.4324589521500554,4.765267756332831,0.3837936845472176,0.02191201348995722,0.00011960487353019668,0.3013306103303765,0.19087963765329732,0.1287485888563555,0.08551507321848636,0.0670709819121317,0.04553824629217956,0.030929552819074925,0.01829355478356686
12,SH2D2A,brain_frontal_cortex_ba9,brain_nucleus_accumbens_basal_ganglia,0.5707497915581766,4.639777640762934,0.6597104297896851,0.01634059229993629,6.292711176658479e-05,0.33975459241759354,0.19424221426513327,0.13080537494947786,0.09275409561866607,0.0624475991945047,0.04504864596141852,0.03009380888578126,0.018039237732936
12,SH2D2A,brain_frontal_cortex_ba9,brain_putamen_basal_ganglia,0.4690584199307871,4.802940340136285,0.37758436045582855,0.021395468727365797,0.00010318823159891573,0.27837319680401934,0.18142886553844453,0.11912637489086444,0.07619442104337326,0.0577524274325145,0.04620425860839076,0.0312776699995963,0.0188732267535212
12,SH2D2A,brain_frontal_cortex_ba9,brain_spinal_cord_cervical_c-1,0.3325656017798122,5.008367781608028,0.24335628914997817,0.0492443038726989,0.0001968299008005858,0.2938137917376594,0.17827277520874898,0.1312577277599775,0.08812528158321528,0.07244455005537667,0.04617152481662508,0.03037162048912938,0.01945815247133402
12,SH2D2A,brain_hypothalamus,brain_nucleus_accumbens_basal_ganglia,0.509787656253226,4.383926565844378,0.43390846235152997,0.03372245073121524,0.0001649261158148037,0.4592797555605867,0.2888106657526851,0.1863701201765248,0.10501616059324112,0.0723558998631945,0.055879208496178626,0.03559965945424322,0.023270257913048858
12,SH2D2A,brain_hypothalamus,brain_putamen_basal_ganglia,0.46872435783776184,3.98646329743666,0.47927220852118646,0.03519817479582971,0.0001665857309410142,0.45169522228671477,0.24626121792919098,0.1483849782337236,0.09232255931487153,0.07190386001807805,0.04975634549266024,0.03348613798258132,0.023813313105386362
12,SH2D2A,brain_hypothalamus,brain_spinal_cord_cervical_c-1,0.4083890698835974,4.037159716667895,0.3541913821533931,0.029694383154073918,0.00016108122691320278,0.5646283340601543,0.3235103039582151,0.1734088465116668,0.11508810783050771,0.08150119098473792,0.05698304431902194,0.0392462995475181,0.02326517641339614
12,SH2D2A,brain_nucleus_accumbens_basal_ganglia,brain_putamen_basal_ganglia,0.5768028656731793,4.0758294040148595,0.4465169179063473,0.029638139279843222,0.00013771743868662856,0.5298743511007842,0.2732527365747159,0.1380204607913106,0.09953776931097073,0.0767764952557812,0.0517118333410476,0.03336536556090214,0.02431436683168028
12,SH2D2A,brain_nucleus_accumbens_basal_ganglia,brain_spinal_cord_cervical_c-1,0.4079023339417889,4.756139043256012,0.392197562603058,0.0666663310357637,0.0002622245816659954,0.47433071237106705,0.2609813901282818,0.19461873667602428,0.1173960977099052,0.07454994554170587,0.056729871729324956,0.03822777062333234,0.027141021132383238
12,SH2D2A,brain_putamen_basal_ganglia,brain_spinal_cord_cervical_c-1,0.3660954309738791,4.388576839227118,0.30499808364974257,0.07300388623790181,0.00030678918484054014,0.41911309739723046,0.24630236309846948,0.1404095737729001,0.10982256079164772,0.0763435272107476,0.05333794873314942,0.03761041803906342,0.02490524505291834
13,JAM2,brain_amygdala,brain_anterior_cingulate_cortex_ba24,0.5901570183347843,3.0854312535298605,0.6793969383712294,0.05596693318616962,5.7984449807346676e-05,2.1924376860225463,0.6122344843543649,0.3617922051124841,0.22612333801942838,0.14110281863105195,0.08215579171301556,0.04868164392047186,0.03259293620205706
13,JAM2,brain_amygdala,brain_caudate_basal_ganglia,0.4255430031887487,4.205157548776272,0.314738919410917,0.16899689963749442,0.00014178697007674682,1.0939927212440734,0.7102705113118406,0.42083696098275736,0.2184625196857229,0.13675561321160745,0.08073804492848749,0.056632618774070574,0.032628361309717954
13,JAM2,brain_amygdala,brain_cerebellar_hemisphere,0.34173903676381523,3.7796699157993663,0.3524057552133054,0.09930622447654706,8.302948508689e-05,1.2673276929525286,0.5454132633948785,0.29893555286145534,0.18434801180135038,0.11165687777553275,0.06955305427574679,0.05111032977764429,0.02783665400981424
13,JAM2,brain_amygdala,brain_cerebellum,0.39442865901631946,3.9731426750677676,0.33632436709519836,0.21588089267058566,0.00013075676726457525,1.1944403006209798,0.5898379381091514,0.3391849765998341,0.16734832743307562,0.10725157074757788,0.0692081047736718,0.04947172550550308,0.02482566350007014
13,JAM2,brain_amygdala,brain_cortex,0.4614947288524692,3.8272347738389385,0.4325779621233458,0.11138045572874858,7.120785873408002e-05,1.5849377072161603,0.5660855573465151,0.3183150119730348,0.21078755375847974,0.12508154113290654,0.07197059379700121,0.04771240600955876,0.030089635469351523
13,JAM2,brain_amygdala,brain_frontal_cortex_ba9,0.50811635658512,3.6371705441611217,0.40077078547745726,0.24087319779296115,0.00012439753546018002,1.8266054903979385,0.527901004870409,0.37273101388316454,0.21975802512608095,0.13239275791760963,0.07682668576971588,0.05386858070219208,0.03498894320600682
13,JAM2,brain_amygdala,brain_hypothalamus,0.4586684756424598,3.8420635986411233,0.5173977378296402,0.0844513503890823,0.00010474313118754486,1.4147548959535157,0.6169776083772055,0.39472442434683525,0.2315998365139503,0.15949440831539524,0.08461202961658362,0.060752197082431826,0.03326181479558326
13,JAM2,brain_amygdala,brain_nucleus_accumbens_basal_ganglia,0.4422764578429394,3.874457079974426,0.49728611653040317,0.06660833973224584,6.950634759365934e-05,1.22778721616253,0.72941274233422,0.3502121053872388,0.227340645942195,0.14332292182699344,0.07655791908769544,0.0526008615631544,0.0307125422294931
13,JAM2,brain_amygdala,brain_putamen_basal_ganglia,0.45882434503448905,3.923389227244403,0.3588295718643534,0.1211740808626524,9.218616506280785e-05,1.4280384560747843,0.7007045755076745,0.3973461402484726,0.2052693663760433,0.13578587409316814,0.07970888363660023,0.05464123763088272,0.03285065958252144
13,JAM2,brain_amygdala,brain_spinal_cord_cervical_c-1,0.4901691349536629,3.9717035925361843,0.42634064887268996,0.07906877001775511,5.882123190437264e-05,1.5493053034364397,0.6968588234677735,0.4670379373085888,0.2504901715525866,0.14867903200189644,0.07269519652307156,0.06052156944088997,0.033167661763485616
13,JAM2,brain_anterior_cingulate_cortex_ba24,brain_caudate_basal_ganglia,0.4810981815024532,4.365257555663663,0.3824314673128915,0.10410782207566285,0.00010058964173790101,1.129869232966602,0.5078969008340661,0.30718002156824087,0.20447679576938355,0.14432704529970716,0.08395098433718724,0.057260714796474835,0.030877396771196303
13,JAM2,brain_anterior_cingulate_cortex_ba24,brain_cerebellar_hemisphere,0.3722971377493395,4.059944572900916,0.3930748187615127,0.04933577562228196,5.779944393674977e-05,1.136116981302634,0.4505765884880087,0.2858994578365109,0.17137277061732498,0.10524121334835843,0.06924160217976963,0.051270826676372304,0.02730543723607276
13,JAM2,brain_anterior_cingulate_cortex_ba24,brain_cerebellum,0.43703867506528804,4.051885303353481,0.48972648547277126,0.15527033617874783,9.565918257256362e-05,1.1050825543091725,0.47689523092577907,0.2843395362015672,0.15407462114577058,0.10468002266770962,0.0669764890645958,0.04770806803423202,0.025662477637407023
13,JAM2,brain_anterior_cingulate_cortex_ba24,brain_cortex,0.6890380535115805,2.9945385033488288,0.7790076181794812,0.17085504433094667,0.0001651270785097657,1.939461386492826,0.5974215901227607,0.2967769428500196,0.20079239991282455,0.12412462121112391,0.07497649712597079,0.04417885460451518,0.026994230519958584
13,JAM2,brain_anterior_cingulate_cortex_ba24,brain_frontal_cortex_ba9,0.7986780900252335,2.777701327144538,0.7786544249751314,0.24934192377760617,0.0002148428328368818,2.325402859465128,0.6033299530402063,0.34483237961377156,0.21293597604466624,0.136097086936852,0.08254575826382288,0.05069592294861226,0.029439079853804118
13,JAM2,brain_anterior_cingulate_cortex_ba24,brain_hypothalamus,0.5293432563044014,3.9084327753136963,0.5954776821196861,0.05352629647571079,6.346168383549558e-05,1.3630620968536453,0.5245730823795867,0.3157472092165916,0.2348811701648903,0.16691621751974148,0.08703950950399764,0.057252603681332226,0.03129885693976884
13,JAM2,brain_anterior_cingulate_cortex_ba24,brain_nucleus_accumbens_basal_ganglia,0.5384845939149485,3.5728691252077267,0.5336134853639596,0.05790923688979436,8.131389655741216e-05,1.4032419012128965,0.5390624276225993,0.2901618247352157,0.2309024674231289,0.14734978935780052,0.07289380071148012,0.05113742420877067,0.029439182135195065
13,JAM2,brain_anterior_cingulate_cortex_ba24,brain_putamen_basal_ganglia,0.5140943467529104,4.085587378399879,0.5697166867639618,0.079128764406956,7.898975675119807e-05,1.3365116440918476,0.5164003758864434,0.310340366709353,0.19934531631680272,0.13370561933550587,0.08258467248977579,0.05731187820881114,0.0309039122960016
13,JAM2,brain_anterior_cingulate_cortex_ba24,brain_spinal_cord_cervical_c-1,0.5484823117187337,3.994066266320285,0.6589125019257611,0.08284710498935051,7.014229930649942e-05,1.5324558727601334,0.5554076311221199,0.3538192584876176,0.23524086141376915,0.13372434243534054,0.0755420980926133,0.060859248125180246,0.03210994823409178
13,JAM2,brain_caudate_basal_ganglia,brain_cerebellar_hemisphere,0.41857483189682954,3.565234212836117,0.4220364410412456,0.11822580810012147,7.162121919500658e-05,1.5034248335868874,0.4978179410537842,0.3042443610501316,0.189141835592412,0.12977583225421105,0.07353156556000846,0.050987184364819506,0.0264355767690214
13,JAM2,brain_caudate_basal_ganglia,brain_cerebellum,0.4988922318046466,4.021096369712336,0.48505407978092785,0.14724580225205391,8.549050280947991e-05,1.3575824401963978,0.6258861442271071,0.31693050876928214,0.18213560621359043,0.12011091647689558,0.07431860490244012,0.04643419549101428,0.02441791281965442
13,JAM2,brain_caudate_basal_ganglia,brain_cortex,0.4892619530729184,4.302506694329111,0.508820157849714,0.12792503679218564,0.00010309478127817873,1.1668336440236253,0.5317253215605748,0.31263341832427727,0.20010099648977392,0.13096033811380936,0.07782387025777968,0.050762852000092416,0.02786172955836046
13,JAM2,brain_caudate_basal_ganglia,brain_frontal_cortex_ba9,0.5117620989030806,4.233302423473512,0.44678954209984517,0.08513594654514171,0.00012525948317875098,1.321735131484921,0.5067987634290618,0.3255489880496315,0.20829349200676792,0.14448726809513007,0.08383430395814032,0.058214598957390805,0.031959371285483665
13,JAM2,brain_caudate_basal_ganglia,brain_hypothalamus,0.5304184782637197,3.9508040491430365,0.45142245952898835,0.17191884954915893,0.00012085017965764778,1.4993786488740621,0.5937194306528062,0.3649801744994132,0.22149979643961296,0.17038428137978845,0.09234339380257357,0.06738167677386561,0.03056127565308524
13,JAM2,brain_caudate_basal_ganglia,brain_nucleus_accumbens_basal_ganglia,0.5814129780661956,3.378945161074469,0.44826120493183746,0.12921551827417072,7.474497109071423e-05,1.588992999498625,0.8181031307445062,0.36513842866231355,0.20070711767345192,0.14337325399828366,0.084406239342073,0.05422098890963758,0.0287602120091419
13,JAM2,brain_caudate_basal_ganglia,brain_putamen_basal_ganglia,0.8543628450956172,2.365299847055495,0.830055118700552,0.0764232667294557,8.828866670534217e-05,2.735604642447347,0.8980399731010715,0.36812320405922394,0.2021810914055182,0.13457783141027246,0.08932062298102865,0.05591645548822606,0.029903214149293682
13,JAM2,brain_caudate_basal_ganglia,brain_spinal_cord_cervical_c-1,0.5361880795900718,4.170338467921727,0.47235774353647936,0.11027286654829167,7.60453730243691e-05,1.3585316319045433,0.6611515234815181,0.4082227131343055,0.2192456319451357,0.1610173184209363,0.08955981274811779,0.062316171848599146,0.03054663160112564
13,JAM2,brain_cerebellar_hemisphere,brain_cerebellum,0.5950953995805702,2.7139951406176364,0.5320499342680598,0.1457194835395586,0.00010599249698686462,2.1283937139475184,1.0368606768827269,0.2907662839533116,0.1716686251246039,0.09880498706998836,0.06532995478860412,0.03951990356727454,0.02088059252561624
13,JAM2,brain_cerebellar_hemisphere,brain_cortex,0.3405920793407472,4.347073961718071,0.5808437380556842,0.1130939142159634,0.00012742584388983127,0.995920910913726,0.4099722428993684,0.2857315440078641,0.1688254005256679,0.11163132717562178,0.06266609916679718,0.043643192551005815,0.02524976040124336
13,JAM2,brain_cerebellar_hemisphere,brain_frontal_cortex_ba9,0.3603145046629017,4.1969018114966925,0.513726429874202,0.11241488101659587,0.00011732871507336268,1.0806292876224828,0.42489290958202436,0.2864750211872154,0.18073954043880414,0.11363431963410746,0.07069638521193172,0.05197580053378144,0.028187774673538078
13,JAM2,brain_cerebellar_hemisphere,brain_hypothalamus,0.4140704901200224,3.9691185936827544,0.4529550267050344,0.052549074532075336,2.9797435579881577e-05,1.4161675393409774,0.6182399611943403,0.3105684903974133,0.21259760389845947,0.13809871447324037,0.07762410723803186,0.050490671024697245,0.027243171891395024
13,JAM2,brain_cerebellar_hemisphere,brain_nucleus_accumbens_basal_ganglia,0.3786734494762437,4.04873811025232,0.3539579125176505,0.0955142448812923,5.774418853108244e-05,1.2725274082079627,0.5384857904773064,0.3125382368020433,0.1757687711061696,0.12217331546100116,0.07111346034867379,0.04733125132498682,0.025886038254451137
13,JAM2,brain_cerebellar_hemisphere,brain_putamen_basal_ganglia,0.4233433064906372,3.5016980463496807,0.5010091962235566,0.07478061415844922,5.78262926847576e-05,1.4693568746173702,0.5812156294171307,0.3032433116518237,0.18094727512608572,0.1180028023761345,0.07494139580429918,0.049396422590148904,0.027055076785088623
13,JAM2,brain_cerebellar_hemisphere,brain_spinal_cord_cervical_c-1,0.4189573359591797,3.7917194704972217,0.5332899807517738,0.04585248702030682,4.3957481704938856e-05,1.316717830487177,0.6117542534495319,0.34328243343552234,0.2058786479089747,0.13048916127728477,0.07457111972423214,0.051253438228923455,0.025628756379365836
13,JAM2,brain_cerebellum,brain_cortex,0.48461091588587213,3.68918143925194,0.5413623816741645,0.0927704737350269,0.00010212387422865385,1.3459702830045992,0.47193440953571975,0.30907004227679213,0.1562900483585748,0.1066831072437715,0.06060127025867312,0.04085156522947556,0.02402857964787234
13,JAM2,brain_cerebellum,brain_frontal_cortex_ba9,0.4380870227909643,4.277218472562848,0.4304714980366901,0.05716019998583148,6.240263029985089e-05,1.1702585754781805,0.4291734593259058,0.3081553556409722,0.17006650119823905,0.10460030392617556,0.06883175081762624,0.050059246922834845,0.026510479441301537
13,JAM2,brain_cerebellum,brain_hypothalamus,0.5155321212866848,3.5224396756783394,0.49717610555869485,0.17932856746028109,7.532646195307288e-05,1.6264626306899597,0.5608169487000072,0.31595653211760943,0.19596716663079952,0.128451867019311,0.07536182510653834,0.051404900500411264,0.02511431187123022
13,JAM2,brain_cerebellum,brain_nucleus_accumbens_basal_ganglia,0.4457693834707996,4.073181850096629,0.43686940226936943,0.21143764205410226,8.303760889135763e-05,1.1314144270907895,0.6684469469252518,0.30185072548438124,0.18132696023098266,0.11253401668976037,0.07376282814024407,0.04341273503047352,0.02426614147545996
13,JAM2,brain_cerebellum,brain_putamen_basal_ganglia,0.5223502405898339,3.8078099595713417,0.7097664216738907,0.13151231489677415,7.586826979129385e-05,1.5415871090593538,0.7295034882918641,0.3054077661872767,0.1834600595238845,0.11064421449328865,0.07031069075952302,0.0466932507822095,0.02464379474562604
13,JAM2,brain_cerebellum,brain_spinal_cord_cervical_c-1,0.5045203293623741,3.821832289265616,0.5735798608263972,0.07243360329315193,5.848740471128753e-05,1.4521175369624824,0.629416873555112,0.3393080467440317,0.21031600089697955,0.11304572106916373,0.07516536035095926,0.04729690295223896,0.0256157289070628
13,JAM2,brain_cortex,brain_frontal_cortex_ba9,0.7728034978702275,2.659973800978579,0.7565518800129165,0.0936049090159522,0.00010530117541935984,2.267195944599602,0.6098640981437351,0.30437283689215866,0.21102826745893205,0.12936278978406188,0.0780967565860862,0.044087949263952333,0.02700787090335004
13,JAM2,brain_cortex,brain_hypothalamus,0.5123828390988947,3.934326949079966,0.590814089687351,0.19093242137166574,0.00015419273263011585,1.413939575051391,0.531043570394705,0.30211297366711365,0.21728921915495913,0.14424713101393655,0.08392463721217605,0.05020103776099076,0.028675107375109983
13,JAM2,brain_cortex,brain_nucleus_accumbens_basal_ganglia,0.4963494023684579,3.723426348522915,0.5336441496884348,0.15155407990250863,0.00010584663280890248,1.2682149974912853,0.573552731830658,0.2876507308699747,0.2080726779038468,0.12767980185332112,0.06795025316796037,0.045954260559508596,0.027216130824035883
13,JAM2,brain_cortex,brain_putamen_basal_ganglia,0.5243215595700379,4.009269590681693,0.6856531693434683,0.10782841911340768,9.402906404867219e-05,1.4177992755012065,0.5649832072181836,0.30029170062634314,0.1991395597148223,0.12648710677535716,0.08085330434537005,0.04656476624307958,0.028783223360070682
13,JAM2,brain_cortex,brain_spinal_cord_cervical_c-1,0.538933959734851,3.8850464199328045,0.7461858961444019,0.07136000811892544,9.697615123039862e-05,1.5590016128964148,0.5423484298813193,0.337850327108971,0.21398315311728186,0.124119812150119,0.07554910149800054,0.05154906407769464,0.02921848057946626
13,JAM2,brain_frontal_cortex_ba9,brain_hypothalamus,0.5176133006159186,4.156995964940515,0.5374652911669617,0.17257761501052518,0.00011575687087166959,1.3557762238777857,0.5016462143561717,0.3459524772405489,0.2516717398542637,0.16339977984856008,0.0909272014086716,0.058149661499539484,0.03224231183726034
13,JAM2,brain_frontal_cortex_ba9,brain_nucleus_accumbens_basal_ganglia,0.5100031155399577,3.80203618160376,0.47637542168915326,0.2213896581292863,0.00015008013835498,1.3413575681332177,0.5220401946171203,0.30365377023959045,0.22190608804959994,0.13938854648114235,0.07442307800615332,0.054829544094523716,0.02985328162320114
13,JAM2,brain_frontal_cortex_ba9,brain_putamen_basal_ganglia,0.5330031227374638,4.113688289958761,0.6060481248765115,0.07404942204310516,8.340319495131197e-05,1.476419797305431,0.5075380939117258,0.3319547773038629,0.20969771995474168,0.13936392394551947,0.08804946217729603,0.055099354245706354,0.032120847626744144
13,JAM2,brain_frontal_cortex_ba9,brain_spinal_cord_cervical_c-1,0.5332810468042607,4.057218244148035,0.5867709677564232,0.08697262851056088,8.014708612774437e-05,1.4658027550885377,0.5522972646693753,0.3694954596317187,0.22712610342603448,0.13170752202353295,0.08406432205891942,0.06636003880510177,0.03084519413770142
13,JAM2,brain_hypothalamus,brain_nucleus_accumbens_basal_ganglia,0.5750963861481585,3.4266336343917936,0.5790062287582413,0.050588023127135895,4.2898951164942085e-05,1.7380761746369597,0.629726181517394,0.383261393192763,0.22810055327768936,0.1732130320024825,0.0843018666432345,0.06087288651482477,0.029316292774896356
13,JAM2,brain_hypothalamus,brain_putamen_basal_ganglia,0.5648221880560755,3.843910010035141,0.5810385092742765,0.11810583107839531,8.447907442955622e-05,1.7821281418496482,0.6095655267298822,0.3754515164972401,0.24227125473260216,0.15113930894598776,0.09262726300290333,0.0625238784142625,0.0318284302817978
13,JAM2,brain_hypothalamus,brain_spinal_cord_cervical_c-1,0.6251485051378606,3.560673647379942,0.7353256921597235,0.08857660687003914,5.7950265967879074e-05,1.9666854769680746,0.6177059920598686,0.3927053555197365,0.2626171556635767,0.1963210850436577,0.09935003519914706,0.06306266044190215,0.03187547959013392
13,JAM2,brain_nucleus_accumbens_basal_ganglia,brain_putamen_basal_ganglia,0.5968709152303059,3.2144311272631554,0.5600844228573607,0.07639358309782406,3.8574828051384493e-05,1.7423769437979755,0.8684373788576634,0.3359043331700052,0.20191041857470376,0.13147523189786495,0.08299768069522884,0.05375572039456855,0.029704660515642838
13,JAM2,brain_nucleus_accumbens_basal_ganglia,brain_spinal_cord_cervical_c-1,0.5178875427822167,4.075576775279789,0.5758768146962363,0.07180510982858668,3.801680490283461e-05,1.305958479246262,0.6864352701169907,0.3838666820949258,0.25709699096376726,0.15706628871188227,0.08249209375101962,0.05893657016174878,0.029002814614955318
13,JAM2,brain_putamen_basal_ganglia,brain_spinal_cord_cervical_c-1,0.5529684344772214,3.9981847504917964,0.5899257270717657,0.06188871406514658,4.366360405075231e-05,1.531594045231555,0.7176976263938368,0.4024143445732008,0.19579727263539753,0.1423920033547936,0.09139278767959566,0.057555482990182635,0.03251625550032668
13,SH2D2A,brain_amygdala,brain_anterior_cingulate_cortex_ba24,0.7068366516501878,2.9954123449193313,0.64761876023016,0.02144615819536596,2.953246080931976e-05,1.1507664351354596,0.3548097822270991,0.21824756596582828,0.13710132657820318,0.10174881103002945,0.05585296307735259,0.03910529541967322,0.02012192283564932
13,SH2D2A,brain_amygdala,brain_caudate_basal_ganglia,0.5717251737376678,3.9723254788763382,0.5679892832837506,0.01578241302531148,7.929664362112693e-05,0.9257074583677914,0.45534856832627,0.242949485121483,0.13998097599808873,0.10467021548124118,0.0563121420779628,0.03913631747264976,0.02264390335558914
13,SH2D2A,brain_amygdala,brain_cerebellar_hemisphere,0.48864860604088706,4.803496782814105,0.5148029334114556,0.09434638394903759,6.768456490763803e-05,0.7021122877178135,0.3237740502928203,0.19111326442238602,0.12455615856177435,0.09585873260507094,0.05903619661685714,0.0345219717270811,0.019980066955430982
13,SH2D2A,brain_amygdala,brain_cerebellum,0.4959951246995331,4.7915480631731455,0.6464017890299683,0.06546994673971993,5.1229638201293625e-05,0.6775637237493903,0.3026015195225205,0.1974866704203773,0.1195988100988139,0.08504214429773546,0.05645632531835798,0.03368775888041224,0.017379750766399
13,SH2D2A,brain_amygdala,brain_cortex,0.5431376452284165,4.218248683034512,0.5422975560025249,0.02605039716618352,6.038513075129015e-05,0.8278939789135432,0.2583968175712345,0.19928086532097955,0.15902797483378778,0.11127267585224651,0.04908783452618935,0.036951966086068586,0.020883453813530062
13,SH2D2A,brain_amygdala,brain_frontal_cortex_ba9,0.57125300580371,4.39666612771844,0.5608810783213662,0.01554192879518406,5.277717122165655e-05,0.9133945573868081,0.32392464004766586,0.20632558660047437,0.15542422044416657,0.1192938562244569,0.06131722693379664,0.03921628995718252,0.02228553600878026
13,SH2D2A,brain_amygdala,brain_hypothalamus,0.5157642499689687,3.617412098224752,0.5099929213494023,0.04876624478872922,4.288823254200365e-05,0.9740367425309362,0.42608288547078776,0.23676065433592658,0.17855970216910416,0.11655303582440313,0.06218697707723182,0.04042340100453732,0.02304306495812054
13,SH2D2A,brain_amygdala,brain_nucleus_accumbens_basal_ganglia,0.6227787371794941,3.4920779089013,0.5839511481256832,0.045586210214745564,3.0154567655243015e-05,1.0492190692880545,0.4039049164196329,0.24277888852376436,0.16675084484830394,0.10712705915032869,0.060531670059734866,0.041249285140003214,0.02439158927923084
13,SH2D2A,brain_amygdala,brain_putamen_basal_ganglia,0.4890919538299535,4.051393875325166,0.5132648922324795,0.02559439484444175,8.190280873709367e-05,0.9429023309046862,0.42563742717077113,0.21830366474756951,0.13782081134575055,0.10645079810007192,0.06093056833072567,0.041848768801939086,0.02215916568818944
13,SH2D2A,brain_amygdala,brain_spinal_cord_cervical_c-1,0.4253316940801084,4.567670845615489,0.3471941284407778,0.10582632011782804,8.057656745238962e-05,0.6962574086614483,0.40844655721325046,0.21903028048477333,0.1915139016094881,0.13997856641387008,0.056741600811896775,0.04315788042479724,0.0254007848492387
13,SH2D2A,brain_anterior_cingulate_cortex_ba24,brain_caudate_basal_ganglia,0.5387642623903137,3.989637684378998,0.43688195408423275,0.02673535954240225,6.533194427423155e-05,0.8369127856100566,0.3138683584180696,0.20775074517710385,0.12814733777459703,0.0936935198907768,0.053475236611154976,0.03446426617460337,0.020970573925338097
13,SH2D2A,brain_anterior_cingulate_cortex_ba24,brain_cerebellar_hemisphere,0.533091751563693,4.334937516952428,0.47436860150364596,0.07655125845750584,6.041927518847985e-05,0.722832690778154,0.25511373259277687,0.17213369808370518,0.10623503320895814,0.08259681486170559,0.0546594423785091,0.033696075447881654,0.0175721991203816
13,SH2D2A,brain_anterior_cingulate_cortex_ba24,brain_cerebellum,0.547991784692057,4.341544354608911,0.4737659013832463,0.03547671904965796,4.3648872385038245e-05,0.6550892061729022,0.2658719005658434,0.16926860346400005,0.10504229944879277,0.07370458192666854,0.050575200561362776,0.030769473255272517,0.016847985257045582
13,SH2D2A,brain_anterior_cingulate_cortex_ba24,brain_cortex,0.7101612375283146,3.3075480916244744,0.6261332725969918,0.05057893613710694,5.5126449348085413e-05,0.912315489284091,0.2697867014920197,0.20639723457493467,0.13094945061920582,0.09177983993394974,0.046042123556770856,0.034892499263917284,0.01811004414260938
13,SH2D2A,brain_anterior_cingulate_cortex_ba24,brain_frontal_cortex_ba9,0.754648896683311,3.2543104445520923,0.7746665415272626,0.016962052748739107,2.0418016299270452e-05,1.0052994712878107,0.3008826521596467,0.22379049108297835,0.12357831472494059,0.09832778045163419,0.0589773211981766,0.03715097372452134,0.0197726761643235
13,SH2D2A,brain_anterior_cingulate_cortex_ba24,brain_hypothalamus,0.49637669987016475,3.928935519467854,0.46077292115454344,0.10067193770603663,5.338792728075489e-05,0.8670264185590186,0.3437487363749957,0.2490526324178611,0.1333702328800128,0.0888104934646122,0.06273080391030053,0.03603245817263106,0.021759372729672
13,SH2D2A,brain_anterior_cingulate_cortex_ba24,brain_nucleus_accumbens_basal_ganglia,0.5809730839054945,3.5786764641812736,0.5191349503679898,0.03263629833764978,2.8996940353128787e-05,0.88653545972765,0.31013452193184554,0.20935434415966378,0.13114615930386891,0.0964607978890775,0.06079815690100758,0.03811028459665922,0.0210736373113711
13,SH2D2A,brain_anterior_cingulate_cortex_ba24,brain_putamen_basal_ganglia,0.4524411950959095,4.2253584153619865,0.34462500412171476,0.060221774522662676,9.189085231637572e-05,0.8459081969766935,0.300945197217683,0.20359524698350473,0.11594586381211736,0.10254488450106251,0.05458123450063675,0.03737645598413162,0.0208573197382979
13,SH2D2A,brain_anterior_cingulate_cortex_ba24,brain_spinal_cord_cervical_c-1,0.396087073929162,5.011144674430987,0.32310603603600285,0.1559311664188087,9.592773081467702e-05,0.6122931229612864,0.29735403538340954,0.22967222296326567,0.1365247271112526,0.10049681509615398,0.061150717748296925,0.03806842111605472,0.02305958823627516
13,SH2D2A,brain_caudate_basal_ganglia,brain_cerebellar_hemisphere,0.5109732420184201,4.244775911508871,0.479546551665199,0.07540248143615376,7.105712860693086e-05,0.7004019878332983,0.3074813252226865,0.19228258206691512,0.11124364849333432,0.08617252244380051,0.0545026365023209,0.03060242988094586,0.02107257123195334
13,SH2D2A,brain_caudate_basal_ganglia,brain_cerebellum,0.5032213142851135,4.279759912429328,0.5100805844333047,0.051107946397948446,5.2370022068965967e-05,0.7311252877316672,0.27883987549168154,0.1727009187195292,0.10975384298941629,0.07395275848172671,0.047790919535433816,0.03025388659243906,0.02005895775674952
13,SH2D2A,brain_caudate_basal_ganglia,brain_cortex,0.5300861155802732,4.454492730707426,0.512345173294172,0.02256683354584616,4.4758047786662405e-05,0.7315378011198517,0.2721980062509563,0.20766895689678858,0.1437175813362227,0.09678958700277114,0.049449304436651104,0.0328267121671072,0.02084921053913464
13,SH2D2A,brain_caudate_basal_ganglia,brain_frontal_cortex_ba9,0.5607905761392126,4.341759085302931,0.5284678976233872,0.015701200015035728,4.3571817409229333e-05,0.7852552910835036,0.33535625914177836,0.20667474270351324,0.14420967050906675,0.10303097207898111,0.05802844932167874,0.03383231625771782,0.02395658740931706
13,SH2D2A,brain_caudate_basal_ganglia,brain_hypothalamus,0.46554566948498144,3.8463147835527707,0.5558565725567988,0.05186550746408727,9.424757986765836e-05,0.823921918479857,0.36569100342313815,0.2107853920463297,0.1582320705958771,0.08983929603375643,0.06737768784904918,0.037349343689382544,0.023022199707604798
13,SH2D2A,brain_caudate_basal_ganglia,brain_nucleus_accumbens_basal_ganglia,0.5812225035255324,3.723309340555839,0.5418066335981285,0.04312899115704889,7.507310108576978e-05,0.8646194145280856,0.38757309508935167,0.28044892135353194,0.1383880754977741,0.09254690209282665,0.058127058979839163,0.03814888329560512,0.0248427522845949
13,SH2D2A,brain_caudate_basal_ganglia,brain_putamen_basal_ganglia,0.8303598190689305,2.549056251824176,0.7987865009888357,0.023305457280327208,8.284578090061881e-05,1.3134984949360353,0.5101631425914475,0.26030061835676793,0.12765805879302455,0.09616300409839734,0.05830388333895353,0.03620047988773042,0.021351492698410263
13,SH2D2A,brain_caudate_basal_ganglia,brain_spinal_cord_cervical_c-1,0.42467211647562964,4.378554971564359,0.3514092242298045,0.11056294554397723,0.0001710104640899414,0.7072066381012828,0.39076882555093345,0.22672839037794162,0.15606064056993443,0.10473293817592715,0.06417058363879607,0.03872105802995268,0.02612749154385966
13,SH2D2A,brain_cerebellar_hemisphere,brain_cerebellum,0.7465555534634627,3.374776457140797,0.7050922492449864,0.03420114568535388,4.185111525553929e-05,0.7860889952270176,0.3929171777610641,0.20921738214260882,0.0911483673433812,0.06424216294218638,0.04845186052861604,0.027518712979722998,0.01723773961004142
13,SH2D2A,brain_cerebellar_hemisphere,brain_cortex,0.5911025013620297,4.242569645600609,0.6234792181132527,0.04412962159555751,3.853757112915324e-05,0.638748512784202,0.24517584166117637,0.20298809880888208,0.11469889083688664,0.0827443440876816,0.04860161050879736,0.030131219167420637,0.0190266169583905
13,SH2D2A,brain_cerebellar_hemisphere,brain_frontal_cortex_ba9,0.620383542603513,4.132891206923833,0.5867915125997342,0.08083130466139533,5.073567560336571e-05,0.7414282845579773,0.2776843092159701,0.20971630517672377,0.11261934905340265,0.08871495021774226,0.0576996335261597,0.032206400957847256,0.01982038044902178
13,SH2D2A,brain_cerebellar_hemisphere,brain_hypothalamus,0.4169080256339214,4.487638663616531,0.45454343431943045,0.1057019312394631,0.00013227829192904273,0.6994431924978981,0.32271677258392084,0.19721486740533414,0.12547363795301444,0.0850231601815586,0.0595496625169783,0.031337500849155445,0.021847472059813338
13,SH2D2A,brain_cerebellar_hemisphere,brain_nucleus_accumbens_basal_ganglia,0.49063888882268714,4.480790974869985,0.47764668988402165,0.03625558024918154,8.501405544202152e-05,0.6851723195485682,0.2756759101170336,0.20722664853353162,0.11363110123579215,0.08881032333374098,0.05810571159630834,0.03398854193634342,0.02157613525641576
13,SH2D2A,brain_cerebellar_hemisphere,brain_putamen_basal_ganglia,0.45859124699839027,3.9273592046010166,0.3567731259109974,0.09973384991232714,0.00010622506474733927,0.7121474468174204,0.3310953106351463,0.19270760804768328,0.11306807879638629,0.07959808151228019,0.058145455658314985,0.03176016698063816,0.019884658964222878
13,SH2D2A,brain_cerebellar_hemisphere,brain_spinal_cord_cervical_c-1,0.43243437536109247,4.418888541620346,0.35424910588165404,0.16579111711697145,0.000177414711778281,0.6421380285946471,0.36195083958197866,0.2050214897178181,0.12409089776579507,0.09383501616582991,0.05479855443405109,0.03730488694828976,0.0217127286888307
13,SH2D2A,brain_cerebellum,brain_cortex,0.6395843245990747,3.8886169563379,0.5958179653375629,0.018940020305167195,2.4665843146710556e-05,0.5264463937556075,0.253878568917678,0.1793649638745966,0.12159289247064597,0.07597034339713735,0.04623181927222128,0.027779456966952658,0.017767893257445898
13,SH2D2A,brain_cerebellum,brain_frontal_cortex_ba9,0.606528055691817,4.25437020093011,0.640344079826144,0.04594330888952382,5.1144378394858846e-05,0.5621086330244759,0.267583776950086,0.19063141098714245,0.1211395002706106,0.07428955075195877,0.0535128439243852,0.029440525883427715,0.019379599525594197
13,SH2D2A,brain_cerebellum,brain_hypothalamus,0.4462611637839952,4.715759964576419,0.3955852793392567,0.06326490497824598,7.769974410328604e-05,1.016726580656474,0.2734646649206591,0.19753906168130797,0.13043558012706177,0.07336181017628636,0.0576430934223658,0.031230285771082354,0.01937731267643762
13,SH2D2A,brain_cerebellum,brain_nucleus_accumbens_basal_ganglia,0.4887242017808887,4.753051954897278,0.4784763471578385,0.05673398567270408,8.683705580645785e-05,0.6938046935610408,0.2592693869358317,0.20176642894585436,0.1173614224359812,0.07750477059945547,0.052030586705775914,0.03315309637833122,0.02011601025616374
13,SH2D2A,brain_cerebellum,brain_putamen_basal_ganglia,0.4260551666739715,4.268261783513123,0.3008158824233548,0.07780978024717822,7.940245380359875e-05,0.6424371286310567,0.2941342023827576,0.18121326054854955,0.10280222233904439,0.07208335227546618,0.05327431451547702,0.03178505583066172,0.01843715947049516
13,SH2D2A,brain_cerebellum,brain_spinal_cord_cervical_c-1,0.43509366184161635,4.797253464239901,0.3627451135891817,0.12390711671852653,0.00011942818033441321,0.7211124825764493,0.33469331783664724,0.20374718918676735,0.1307959362574766,0.08134800441915183,0.0479595752701101,0.035008733780365696,0.020725585537115003
13,SH2D2A,brain_cortex,brain_frontal_cortex_ba9,0.828189106772629,3.2774231694771165,0.8371917200121409,0.03914975990441759,4.580911355272987e-05,0.9656984192983755,0.3123351197435056,0.20696960770497644,0.14226628810149672,0.10647407835874505,0.049520288758812744,0.035364238521162585,0.019937769296633982
13,SH2D2A,brain_cortex,brain_hypothalamus,0.4255226804751164,4.796623146360384,0.5206177036577336,0.048867772983008186,8.394218129760835e-05,0.5365123910701328,0.3078987961065384,0.2458053513915655,0.1491528068996229,0.08007851157675314,0.057380955073413176,0.03525218129796496,0.02140618428846096
13,SH2D2A,brain_cortex,brain_nucleus_accumbens_basal_ganglia,0.5059522766567192,4.56585647936752,0.4508026585832979,0.0406819216215706,6.940896200625581e-05,0.6291838959612377,0.2506109598224476,0.2067490878928202,0.15381158447002458,0.10142791525603019,0.04960068791011424,0.0374141416233035,0.02159819080489302
13,SH2D2A,brain_cortex,brain_putamen_basal_ganglia,0.4588345922130516,4.44167299441992,0.3840513303718397,0.026660247369699814,4.6927206564905005e-05,0.7674439990773286,0.26258880935972445,0.2126901837132898,0.1265886903981023,0.09725210330681394,0.0493690398411675,0.035071480363216515,0.02050510950856424
13,SH2D2A,brain_cortex,brain_spinal_cord_cervical_c-1,0.4175847024441879,5.115847882871245,0.3312990945967714,0.08025314146381383,0.00011051407177927101,0.5171498790998357,0.2797518177005903,0.2450203005108486,0.1637415915538811,0.10538821615148505,0.051253090039534155,0.0374164148773295,0.022814103174592
13,SH2D2A,brain_frontal_cortex_ba9,brain_hypothalamus,0.44607549546349085,4.540684227261537,0.48224310675966553,0.0576165438533817,8.23827261574372e-05,0.6112341287291443,0.30859078835375847,0.2678185788857728,0.15877621640256362,0.094838342167606,0.07143650260898374,0.03470197006690544,0.0252224646552335
13,SH2D2A,brain_frontal_cortex_ba9,brain_nucleus_accumbens_basal_ganglia,0.5287679836023891,4.380610611496441,0.46676257795904397,0.02790030257983826,3.477661411870098e-05,0.6714150643921731,0.2829082301314475,0.2006343159797212,0.1610994772112441,0.10954121797013534,0.06494975342639461,0.037055762728722366,0.02461214926393142
13,SH2D2A,brain_frontal_cortex_ba9,brain_putamen_basal_ganglia,0.4862550507873051,4.1843401601556085,0.400341437954811,0.03802420190529826,8.220104134156793e-05,0.8452288355176136,0.3137278022602612,0.2111381164668023,0.13027059968402738,0.1072438369743927,0.05989098655202728,0.03573679812874596,0.02300484826597954
13,SH2D2A,brain_frontal_cortex_ba9,brain_spinal_cord_cervical_c-1,0.410232481792677,5.1836096251531085,0.31130924779323765,0.12230953007572612,0.00012147240441195563,0.5393286618504514,0.3044884212973765,0.23247682545458845,0.1506843554552853,0.11589596968488407,0.06791633662515202,0.03879415256244524,0.02676922366990252
13,SH2D2A,brain_hypothalamus,brain_nucleus_accumbens_basal_ganglia,0.5123917776192605,3.5958001745302317,0.48892206667858495,0.07707326224097052,6.059707720313829e-05,1.0768195232713922,0.35253171069990924,0.21933625486456237,0.16713883087160292,0.09619896677964543,0.06866869841432383,0.0404086422965106,0.025430544020906182
13,SH2D2A,brain_hypothalamus,brain_putamen_basal_ganglia,0.39455207398681563,4.033213471064092,0.42579325687516373,0.05189675435630333,0.00010102305254485753,0.783054055491433,0.3824930572929263,0.19545167200546273,0.1393200935735664,0.09926599086190122,0.06922120070489432,0.03892798200884538,0.023511767193672022
13,SH2D2A,brain_hypothalamus,brain_spinal_cord_cervical_c-1,0.45728316638278377,3.618201068601972,0.4163795149417807,0.10700280602464204,0.00012658891392679878,0.950423909020636,0.36362100558377736,0.2645973916637421,0.1547897572079624,0.11239777047805555,0.06636787236016459,0.0400778219890696,0.0267342608323268
13,SH2D2A,brain_nucleus_accumbens_basal_ganglia,brain_putamen_basal_ganglia,0.5212591789273227,3.6914855615975766,0.4634973034084161,0.0581158467641313,8.632290977971126e-05,0.9445595679992842,0.37934836958065876,0.2437213496325013,0.14640612124829328,0.09552385079473483,0.058885207480892446,0.03891022172545294,0.02493859227624174
13,SH2D2A,brain_nucleus_accumbens_basal_ganglia,brain_spinal_cord_cervical_c-1,0.4500893741964765,4.483079200094369,0.3725490588431396,0.18473909782961212,0.00010204134519015494,0.8436587725226428,0.340368031436797,0.23750503371824766,0.1917525791771084,0.1055361560439306,0.06453089665488329,0.044083065916256596,0.026348360432319563
13,SH2D2A,brain_putamen_basal_ganglia,brain_spinal_cord_cervical_c-1,0.40808409770054055,4.181090923160456,0.39005728596395683,0.12850042821849814,0.00014356055241037432,0.73826727141841,0.41950270296378783,0.2199774793426938,0.15291974943412773,0.11127774193861746,0.06045819828514028,0.04120642846346066,0.02465606481488148
14,JAM2,brain_amygdala,brain_anterior_cingulate_cortex_ba24,0.6953363022293104,3.123050137210779,0.778077959712905,0.08967597839594114,4.103501199537441e-05,2.1598625048855915,0.846337348301374,0.47278786977012865,0.29549336579755076,0.15551421907938096,0.08072754217725517,0.04912859486205978,0.0267321306201522
14,JAM2,brain_amygdala,brain_caudate_basal_ganglia,0.46905525380040897,4.23104329344663,0.3799957183688196,0.20496072116484187,9.579669150299739e-05,1.2717760350021556,0.6059853936709307,0.48939737465212574,0.29157664181420107,0.14509996695342947,0.08432413688447385,0.04610492878203576,0.027834052085437162
14,JAM2,brain_amygdala,brain_cerebellar_hemisphere,0.35575233441131904,4.226475985336451,0.3219248542679994,0.09164427301108777,5.834081322952404e-05,1.0876010156919573,0.6104118026913066,0.4109609149002916,0.24648991136508122,0.150085723922104,0.07554968902763316,0.04099583181968016,0.02484036782345638
14,JAM2,brain_amygdala,brain_cerebellum,0.46214910025184636,4.195214050673711,0.4737012624952725,0.19726544691039552,0.00011353329697090875,1.083032893662493,0.665853664168244,0.4515961186416858,0.2804543537021428,0.12503653385055416,0.07232818054200885,0.042406806884001225,0.02307047575057796
14,JAM2,brain_amygdala,brain_cortex,0.6116893781563602,3.2200270187724827,0.6794466937352948,0.15884534289733437,0.00010150404119856433,1.7637809261562551,0.7370160879910893,0.40502192438437384,0.24987720659032703,0.12800693088828216,0.0727788370473681,0.050885111000142126,0.02388706787863408
14,JAM2,brain_amygdala,brain_frontal_cortex_ba9,0.6034242208694118,3.411686588726912,0.527965134909177,0.292358729260128,0.0001383439310709567,1.666018370156045,0.7254305445813027,0.4251682111458224,0.2935471382677598,0.14336827553943146,0.06961077420950408,0.04542776488432256,0.02636331257023336
14,JAM2,brain_amygdala,brain_hypothalamus,0.5927545133085751,3.8489115656399258,0.5872007263388109,0.10216322356727306,8.834748411984224e-05,1.4565339876884347,0.6702726671371896,0.46710918049329503,0.3514461522349107,0.19110485656401083,0.09307582433296432,0.04976179920430744,0.0294743000288263
14,JAM2,brain_amygdala,brain_nucleus_accumbens_basal_ganglia,0.5248382195721137,3.7777502724634204,0.45603823890586587,0.07847219450852906,6.038695338117751e-05,1.4971076364091238,0.7161244871672525,0.49856664587675176,0.31856959057550044,0.16583746735780294,0.08892481861720494,0.05087513477411976,0.027260428248630043
14,JAM2,brain_amygdala,brain_putamen_basal_ganglia,0.48607290782781554,4.131835205740221,0.5171072335846428,0.17676835673707797,8.034168434526998e-05,1.4531887999317674,0.6482726902420302,0.44821960719055803,0.28364482288304876,0.16433747795713854,0.08921165682825556,0.0515398696990161,0.028398475961174795
14,JAM2,brain_amygdala,brain_spinal_cord_cervical_c-1,0.47455632936514497,4.155302935704774,0.5720403498906412,0.09180835229460765,3.584663459797265e-05,1.3220321319002568,0.7536028679277014,0.5167437103427733,0.31322519767700985,0.16221497744508825,0.09952345500522271,0.054376998902200824,0.0312568385356144
14,JAM2,brain_anterior_cingulate_cortex_ba24,brain_caudate_basal_ganglia,0.47005847937512507,4.397459486470067,0.38166732465005304,0.19812970565252172,6.83660479872964e-05,1.1807086206106945,0.5847038431553393,0.4319332649652572,0.284930284740571,0.1467530233712507,0.07624833815884133,0.04753855585158954,0.02625649332658044
14,JAM2,brain_anterior_cingulate_cortex_ba24,brain_cerebellar_hemisphere,0.3705248823393633,4.236932446701269,0.44542508715933093,0.10770869188838099,5.982684803249078e-05,1.0330386884690979,0.5942278175171103,0.4361288491831514,0.2650888170854476,0.12765147657916823,0.07010623880866251,0.04010909003892912,0.02445559682462298
14,JAM2,brain_anterior_cingulate_cortex_ba24,brain_cerebellum,0.48818540626999585,4.287084130566778,0.5242570590339697,0.14377896069120047,9.092711693851976e-05,1.0152163009859905,0.6493896827045054,0.4660307785575336,0.2823991749383104,0.12131249870132606,0.06575751360946427,0.042867008387178815,0.02250830456534446
14,JAM2,brain_anterior_cingulate_cortex_ba24,brain_cortex,0.7128212863244745,2.9809178250108124,0.8295842327829286,0.22190336436347685,0.00017679241509176757,1.9037523595793462,0.7833306575324585,0.41829906414249873,0.2735609614961423,0.13096796326632187,0.06839968168390162,0.04934377309627478,0.02281442995878058
14,JAM2,brain_anterior_cingulate_cortex_ba24,brain_frontal_cortex_ba9,0.7563905970116996,2.937767979355738,0.7410298592877562,0.33176883127814044,0.00020700436419162136,2.138564911592539,0.7788989654764265,0.46406381887197634,0.29781758513177564,0.14337076326672635,0.066220681454403,0.04688283956399084,0.024449493555452402
14,JAM2,brain_anterior_cingulate_cortex_ba24,brain_hypothalamus,0.5946474709945683,4.110923375540508,0.6618964734519013,0.09991150103912144,5.102826630241713e-05,1.2406992303140232,0.6774665511418011,0.46579516629273054,0.3460082053492389,0.17671784402398133,0.08550332848081514,0.05027053059654102,0.0273428789993988
14,JAM2,brain_anterior_cingulate_cortex_ba24,brain_nucleus_accumbens_basal_ganglia,0.5239282036537853,3.792738406105511,0.5353453052301378,0.13851131646984166,5.768344960585094e-05,1.3979268340922064,0.6521442345086469,0.4635717989673423,0.3214675254362458,0.15764122355295446,0.07776249119371173,0.05215099233191652,0.0259428907974263
14,JAM2,brain_anterior_cingulate_cortex_ba24,brain_putamen_basal_ganglia,0.4775045041590527,4.193163915103386,0.5189879078303301,0.15727867918687655,6.199495166803656e-05,1.2283723067990935,0.6409129470664405,0.43524588674420234,0.2673127667877976,0.15489533707632422,0.07907701704391056,0.052588432295056074,0.0265479021208275
14,JAM2,brain_anterior_cingulate_cortex_ba24,brain_spinal_cord_cervical_c-1,0.4581692073359366,4.219364970606468,0.6130350714339101,0.12370798428769639,3.242374144698867e-05,1.1317899352241514,0.6678015314506484,0.48232651168791163,0.29754228652407966,0.1609524340508358,0.08801154552576984,0.05677596205765566,0.02950128070362066
14,JAM2,brain_caudate_basal_ganglia,brain_cerebellar_hemisphere,0.3261491648060366,3.9007730836425543,0.4272161662040297,0.09715580491467725,4.279821435655973e-05,1.1425314468411565,0.5030539312606152,0.34539840027014723,0.2503245564680673,0.13212095542237684,0.07293457319673434,0.04133477863552484,0.02400195176008904
14,JAM2,brain_caudate_basal_ganglia,brain_cerebellum,0.4066308969292821,4.233119041139648,0.43541060803537446,0.15560007763059897,9.331015620439265e-05,0.9687576615614197,0.583502006140974,0.3805858704944885,0.28079352382918704,0.12178565499913278,0.07157348213487952,0.04186520099172334,0.02196352923322012
14,JAM2,brain_caudate_basal_ganglia,brain_cortex,0.46943204294842944,4.05306285792568,0.3783917394991923,0.1703724203608928,8.787410485359119e-05,1.211653479024766,0.5661120518532214,0.38331500173873134,0.2654865580177999,0.13493250404919124,0.07104253527914625,0.04417943479954582,0.02365368527214156
14,JAM2,brain_caudate_basal_ganglia,brain_frontal_cortex_ba9,0.49550558035425035,3.9048097480515955,0.4706978381418553,0.10058488430077143,6.393894430775686e-05,1.2842133776424882,0.5369327806218531,0.4404846324771549,0.27369954002675634,0.14478799699546455,0.06902948148985408,0.04348323461030776,0.025111201193794303
14,JAM2,brain_caudate_basal_ganglia,brain_hypothalamus,0.4964749543314868,4.324289437622037,0.4345222100503007,0.12506207345070067,8.214980374965394e-05,1.0539553993991313,0.6614265023670539,0.4480817833470975,0.30362096202925976,0.17625818335468882,0.0874070263916898,0.04901443474854978,0.02849124129019472
14,JAM2,brain_caudate_basal_ganglia,brain_nucleus_accumbens_basal_ganglia,0.5197167309134548,3.5619455343557327,0.4473422151068537,0.08167072972533083,6.498859570053779e-05,1.4877618592214223,0.7326675667430156,0.4789775220449136,0.26635967644182185,0.17320511562068722,0.08298955376194314,0.04749410304561768,0.025480196832367196
14,JAM2,brain_caudate_basal_ganglia,brain_putamen_basal_ganglia,0.8146183072159584,2.341980361342134,0.7761653197087913,0.0618235198791454,9.433782469182885e-05,3.1466943335543434,0.9673196347652716,0.3996026485899973,0.2511978292786822,0.1599137404456898,0.08526622912791032,0.048780692671889406,0.02494216711909336
14,JAM2,brain_caudate_basal_ganglia,brain_spinal_cord_cervical_c-1,0.4495868436024688,3.8996983035451507,0.4044984426228311,0.1415519176117452,7.533421916007069e-05,1.516413418767728,0.6811789177138446,0.451283798629653,0.28927948112098767,0.16506940291681788,0.09833605920927656,0.048629646553849507,0.03015226809309108
14,JAM2,brain_cerebellar_hemisphere,brain_cerebellum,0.6479376638693785,2.6113066509221095,0.6413695138856443,0.15941741493062736,0.00013118403860308225,2.9436102048320465,0.9166645059239334,0.4832540119824241,0.22319908737893543,0.13187390696875007,0.0631975603318998,0.03875670515247714,0.01962924143703908
14,JAM2,brain_cerebellar_hemisphere,brain_cortex,0.3538956782054124,4.3050521573296425,0.41330754222546384,0.13390282135918746,0.00010084574682786382,0.9524566781885353,0.533010598145375,0.4093819881456411,0.24073758514655852,0.11894427200192155,0.06690585715023996,0.03869238830615536,0.0223689560920801
14,JAM2,brain_cerebellar_hemisphere,brain_frontal_cortex_ba9,0.38593300471158376,4.061778158605373,0.4096391158040043,0.16378648612139904,9.931563218042885e-05,1.069851429981998,0.5676529746033225,0.413504679489201,0.24550260687281728,0.134547811940588,0.06210723966335534,0.03841459706351922,0.02413938696565144
14,JAM2,brain_cerebellar_hemisphere,brain_hypothalamus,0.4294611242899428,3.7493247885418954,0.502367486644822,0.10738150063759504,4.013322267521685e-05,1.3036707355985742,0.6109684958221391,0.429495907591454,0.28791092333829504,0.15944593599579393,0.07969941343525226,0.043005568025150175,0.027220994476220763
14,JAM2,brain_cerebellar_hemisphere,brain_nucleus_accumbens_basal_ganglia,0.35281347280559183,4.067326354321104,0.44109095192235676,0.12279431297846703,6.266259520658403e-05,1.104057898505389,0.6169580099510783,0.3855209088166057,0.2724815833976259,0.1603095219660125,0.07579386994728786,0.0434061040632858,0.02399549668235628
14,JAM2,brain_cerebellar_hemisphere,brain_putamen_basal_ganglia,0.3424171319655726,3.934450781949516,0.5386174378934662,0.06285805934161218,3.2239193118906284e-05,1.264577572135938,0.510735402271296,0.38003032944543036,0.24059354018246076,0.13736052995298326,0.07897868309069331,0.04162729212556028,0.02474035007542818
14,JAM2,brain_cerebellar_hemisphere,brain_spinal_cord_cervical_c-1,0.34965242093973886,3.8579152239541243,0.3947017861897494,0.06325089029302719,3.172461253655102e-05,1.2250445245836015,0.7054533698582836,0.3688120590884778,0.26958154441483023,0.15693978161461897,0.08208223144405744,0.04474879701591124,0.02765576571749332
14,JAM2,brain_cerebellum,brain_cortex,0.4937747723472306,4.021214301983042,0.5637419443561857,0.11985188110235274,0.00010754024862358817,1.1164189766233363,0.5952007835830679,0.43544633634314217,0.2476268597058206,0.11711733852699475,0.06301901757989939,0.03878784610846732,0.02111137849411996
14,JAM2,brain_cerebellum,brain_frontal_cortex_ba9,0.4867546642206676,4.202488937578143,0.5371729633400555,0.132099865302565,9.5153833578022e-05,0.9657843942907467,0.6600384447843096,0.44860914755364956,0.25337297577053264,0.11618188012510955,0.06201019175746099,0.03852851165024148,0.022651636276134878
14,JAM2,brain_cerebellum,brain_hypothalamus,0.5527708435634455,3.9303519913862615,0.5013206229005285,0.2135845025934413,7.227043765219214e-05,1.2109447227734915,0.7192988031381743,0.47800021746514165,0.2830030888505531,0.1415598631601495,0.0734386770516137,0.04724128225542697,0.0238903243638533
14,JAM2,brain_cerebellum,brain_nucleus_accumbens_basal_ganglia,0.4524730514502163,4.08051378519791,0.4783793704616438,0.24701549422966398,0.00011348932520598493,1.045896187318302,0.7358716718861353,0.40074812555750505,0.2747157263796101,0.14821992861904318,0.0737897717764606,0.045344920929623646,0.02219484347110776
14,JAM2,brain_cerebellum,brain_putamen_basal_ganglia,0.4161351503487893,4.190694074457775,0.5271900337947132,0.12218319373722866,6.951364183662103e-05,1.0403966412547276,0.5834990965840309,0.3976196460353993,0.25411633831748637,0.12979047605148525,0.07774727804244216,0.0422968676582395,0.02256908978238766
14,JAM2,brain_cerebellum,brain_spinal_cord_cervical_c-1,0.44211672935126245,3.9518976727452886,0.5296432424923438,0.12465568432573419,7.802556583221886e-05,1.2353099764808828,0.7749150092434105,0.4357453548409781,0.26748233833396307,0.15135104641868888,0.08113048479347781,0.04480895973942374,0.02545184136832402
14,JAM2,brain_cortex,brain_frontal_cortex_ba9,0.7539185241001178,2.952741885680982,0.7600828222915113,0.13783342745141938,0.00012375974708595815,2.0191351284882666,0.7372665922565262,0.4404076401847058,0.28700084788897556,0.1320371048593231,0.06396723793729561,0.04245154813053118,0.022730584632731598
14,JAM2,brain_cortex,brain_hypothalamus,0.5700816724042937,3.98086402575344,0.5667799813687753,0.21270865119242996,0.00014153276615178,1.2432044269313782,0.6322075967866809,0.42745573075458987,0.3040797459031917,0.14713085435340245,0.07693645463739625,0.048379942426752,0.025008630813559342
14,JAM2,brain_cortex,brain_nucleus_accumbens_basal_ganglia,0.49640675169462156,3.753023252520138,0.5316458901499151,0.18433032938445643,9.315902099136793e-05,1.2300471474304067,0.6286504570522368,0.410286014754431,0.28366103596768427,0.13891662490657156,0.06978519316486642,0.050793364757742196,0.02299223781068606
14,JAM2,brain_cortex,brain_putamen_basal_ganglia,0.519177502058025,3.8321827528900583,0.6151147066741826,0.1655027086240264,8.507885986424768e-05,1.3570310129585237,0.7079487442019323,0.40815490890822215,0.261313547073109,0.1287106023593155,0.07418428878997738,0.04913653994061255,0.02435387872299788
14,JAM2,brain_cortex,brain_spinal_cord_cervical_c-1,0.46477158416672193,3.891226441571905,0.617074844120471,0.1500531120369893,9.163030195147487e-05,1.3923048039227002,0.6367813315906398,0.43668830316450447,0.2954497545287214,0.13779102522419345,0.0810249403673909,0.05520415328684426,0.0260567804371869
14,JAM2,brain_frontal_cortex_ba9,brain_hypothalamus,0.6090872732764441,3.9932382242179236,0.5156239019259985,0.21906943011378255,0.00013707336840634,1.3584230561743875,0.6512404289017797,0.45602964731693146,0.3198009951640128,0.17686066496419292,0.0772669436807861,0.04566674975452516,0.02688905053842856
14,JAM2,brain_frontal_cortex_ba9,brain_nucleus_accumbens_basal_ganglia,0.5069018486193813,3.7826663572752026,0.4327709581880173,0.17423119735891482,9.02986645348346e-05,1.2564997370974555,0.6464023222473256,0.41702770421997226,0.3062114305873004,0.15059482161390408,0.06911865498109922,0.04779300110346294,0.024679989169792298
14,JAM2,brain_frontal_cortex_ba9,brain_putamen_basal_ganglia,0.5301829529354795,3.74615668747769,0.520988797482815,0.12140714609202194,8.054507655295e-05,1.4020079864523556,0.6335485644004688,0.4469945448435396,0.265998112325826,0.14859312188208085,0.0708818284011245,0.04766561689891986,0.025574333496658018
14,JAM2,brain_frontal_cortex_ba9,brain_spinal_cord_cervical_c-1,0.4725211358761972,3.9604888671825322,0.4584702885254222,0.1286682962209339,9.067975598460992e-05,1.3569253977038453,0.6351700843630357,0.41944824486978655,0.3144644042685508,0.1631203420109994,0.0804392712971905,0.05061007689299864,0.028752502876511522
14,JAM2,brain_hypothalamus,brain_nucleus_accumbens_basal_ganglia,0.6707156657074852,3.3181293802972234,0.6717519989432345,0.05326659634699651,4.704747571249325e-05,2.0473868140825164,0.7266540351054754,0.4765192951298838,0.33049175687381227,0.19900448837826415,0.08980246266708533,0.0533679080298259,0.0277325681959049
14,JAM2,brain_hypothalamus,brain_putamen_basal_ganglia,0.5182718185597509,4.266413392357561,0.567035375051146,0.09805707146652826,5.121858825432115e-05,1.1453534834915384,0.6681177499926747,0.48500597811193674,0.29881959592959506,0.1827693993239044,0.09226489984622385,0.05150407588627885,0.02930174736472534
14,JAM2,brain_hypothalamus,brain_spinal_cord_cervical_c-1,0.5265514798748475,4.1845245636002755,0.5736214641742596,0.048941414748209996,2.8756416205308984e-05,1.3203686892159547,0.7529825257364996,0.49013120904163143,0.3474653686735194,0.2019388924521195,0.10700374229330409,0.0544379180902735,0.0324389522952217
14,JAM2,brain_nucleus_accumbens_basal_ganglia,brain_putamen_basal_ganglia,0.5307471825141947,3.5908492712400295,0.49407813484410257,0.05046949978580734,2.752561447363718e-05,1.5791869617721352,0.718836722132758,0.4910124698587615,0.2662020903115672,0.1831406652264668,0.08843548400315304,0.051713289450823915,0.02661724658157798
14,JAM2,brain_nucleus_accumbens_basal_ganglia,brain_spinal_cord_cervical_c-1,0.4812890821244629,3.9783469558976554,0.48877613542424997,0.08180064307050353,3.451647315217127e-05,1.4305227051404432,0.9465181946624988,0.4877072067450774,0.2841891060945999,0.19122280497546376,0.10055949299301321,0.054346930292211625,0.030026374443650323
14,JAM2,brain_putamen_basal_ganglia,brain_spinal_cord_cervical_c-1,0.4519810309097062,3.944476151939182,0.53981035751685,0.10754599930218152,4.751922364285358e-05,1.5228816914819578,0.6985609566852491,0.4558903086981244,0.2905021646661558,0.18205830975819418,0.10092453819471528,0.05710745254579188,0.0321422408948138
14,SH2D2A,brain_amygdala,brain_anterior_cingulate_cortex_ba24,0.7077494763584237,3.061342117025297,0.6322027398733034,0.00947103388678788,4.779083120884541e-05,0.5169313510853251,0.1806823553677733,0.09773592922790376,0.07184868474297088,0.04327047591743958,0.02980153205016488,0.01901806180065166,0.01200500093506584
14,SH2D2A,brain_amygdala,brain_caudate_basal_ganglia,0.5066779504788667,4.125450200180901,0.6479628420461199,0.0036730432718973596,4.842699679108932e-05,0.32517054975685306,0.15271750901551676,0.0992643211769086,0.06352193702523581,0.03853361197833452,0.026246538571876078,0.018065887393091402,0.01243461119972966
14,SH2D2A,brain_amygdala,brain_cerebellar_hemisphere,0.3708979289823452,4.674487217813711,0.24366866082853625,0.01279528970846112,7.814879253528406e-05,0.21826522644565935,0.12044530564813583,0.09505073321579763,0.06003138711320496,0.03698585832297444,0.02598992757866874,0.01779748127405168,0.01085500107357266
14,SH2D2A,brain_amygdala,brain_cerebellum,0.36659499388231703,4.301371681942594,0.37095207305045247,0.01253984252474582,6.855474385996395e-05,0.2425151393793687,0.11105916841955674,0.08915624758979478,0.05631497127913504,0.04012572118321326,0.0235417495403983,0.0180029628754979,0.01182947995147148
14,SH2D2A,brain_amygdala,brain_cortex,0.5227581617255919,3.6300706939122174,0.45377606751385613,0.00521043727613572,5.285230441905112e-05,0.33767403567438403,0.12253384967823022,0.07385803266177737,0.0655530913596648,0.04078481888838777,0.026219144305111058,0.02135112690699808,0.0117212000930285
14,SH2D2A,brain_amygdala,brain_frontal_cortex_ba9,0.5460841482404287,3.918079211462389,0.5461638900355393,0.0033412303047483,4.8092350706485696e-05,0.31206971916910636,0.14015659095683278,0.09109009818107663,0.06604753258105296,0.04318345013579392,0.02986733556519966,0.01918332940692512,0.01143590707681378
14,SH2D2A,brain_amygdala,brain_hypothalamus,0.5592166970151029,3.4739201116676925,0.6117533930551061,0.0055428436068218,5.629462944597784e-05,0.5742726574173985,0.18921566673966392,0.1226283606773868,0.07906476518763209,0.048103414810485016,0.03256716947817276,0.021911419784342377,0.013859620656103638
14,SH2D2A,brain_amygdala,brain_nucleus_accumbens_basal_ganglia,0.5285744447522562,3.984365911026809,0.47986632981466143,0.01028670536566358,6.0354004748504235e-05,0.3405987899930844,0.16696891494806487,0.10917352053815992,0.061724197744975985,0.042517243407995606,0.03054372150311624,0.02077923317942964,0.013172517416476359
14,SH2D2A,brain_amygdala,brain_putamen_basal_ganglia,0.4210737964391608,4.267741234745074,0.3909904180134606,0.00807618335319118,5.9308049536867984e-05,0.3122663960001187,0.1598323146728709,0.1009022766966301,0.06619829332474858,0.03895803958781988,0.02669433520512406,0.01803628092130998,0.011766627957176621
14,SH2D2A,brain_amygdala,brain_spinal_cord_cervical_c-1,0.3048450034330082,4.581204604315188,0.1735311783815306,0.02231453152234572,0.0001599573354764806,0.24698197976460823,0.1749728802508238,0.09876862324975524,0.07275450004281614,0.0452219110487357,0.030771238152643942,0.02134816535101558,0.01524608529087092
14,SH2D2A,brain_anterior_cingulate_cortex_ba24,brain_caudate_basal_ganglia,0.530241737663846,4.047667704823459,0.45562946969436113,0.00925268432627592,5.9653923992073995e-05,0.34635922767255145,0.152420048955825,0.09650248844059493,0.06694157113480434,0.03618023039456028,0.02818866256370458,0.020100010134840963,0.011651219546637299
14,SH2D2A,brain_anterior_cingulate_cortex_ba24,brain_cerebellar_hemisphere,0.36991913751753247,4.476370519360131,0.2758270967583861,0.00808887184165042,5.3276492619385154e-05,0.22381216747199667,0.10998249222995196,0.08877568786313225,0.05363570813002968,0.03736460715717922,0.02910739216019268,0.02008941750402508,0.01046681091899668
14,SH2D2A,brain_anterior_cingulate_cortex_ba24,brain_cerebellum,0.41029775476887764,3.900584207018764,0.3163712965686557,0.00455018840666862,3.5288400990041896e-05,0.2785386540958942,0.12017931008644123,0.09335997180323258,0.05575761649399071,0.037065610509735156,0.02695589874832128,0.0196922283866802,0.011118133211183781
14,SH2D2A,brain_anterior_cingulate_cortex_ba24,brain_cortex,0.6611787511275014,3.083649468320047,0.5458583182362584,0.00855737827930252,5.468849134871304e-05,0.5171116842644807,0.17542546409436893,0.08878617221433842,0.05953309859189636,0.04091745986476002,0.027812876379240757,0.02189620630513834,0.01127216462038054
14,SH2D2A,brain_anterior_cingulate_cortex_ba24,brain_frontal_cortex_ba9,0.765825088383256,3.024151594672495,0.7500026260476224,0.004340295890176265,2.5975649021266758e-05,0.6256498392893999,0.18133263068687436,0.09612077970460482,0.06733565431522151,0.04590616407831176,0.03213316126205462,0.0193765603256606,0.01113823994949328
14,SH2D2A,brain_anterior_cingulate_cortex_ba24,brain_hypothalamus,0.5641441615627063,3.480027514594119,0.49427980275162114,0.01821716806365498,7.998149481897398e-05,0.6674120385407789,0.18957609430250294,0.10138211433776459,0.07762065532498398,0.05001728523109592,0.03666312173095044,0.02345543407420906,0.01329190355160978
14,SH2D2A,brain_anterior_cingulate_cortex_ba24,brain_nucleus_accumbens_basal_ganglia,0.5263013026412182,4.024267386567669,0.4987545187199318,0.002704621661323128,3.045019682477855e-05,0.31198304521801584,0.16651061019687993,0.09755455923429346,0.06384968208259592,0.03938527413740256,0.03219799518193792,0.022167044752389196,0.013181474676491282
14,SH2D2A,brain_anterior_cingulate_cortex_ba24,brain_putamen_basal_ganglia,0.46770221759072983,4.004660376625771,0.40388756812215065,0.01213501995876522,8.655250300396245e-05,0.3902483317387896,0.16548442840525407,0.10045797500148926,0.06542019044156792,0.0370409104947413,0.02694751488889166,0.02011719708384626,0.01162353766930226
14,SH2D2A,brain_anterior_cingulate_cortex_ba24,brain_spinal_cord_cervical_c-1,0.30620841602809656,4.319687389699,0.17308948930827656,0.017331189587565802,0.00014241711038115177,0.24642197322333242,0.14852549491138883,0.09167855708575788,0.07305013099690748,0.04836387853895962,0.03395283637334434,0.02251344509782804,0.01457616226693006
14,SH2D2A,brain_caudate_basal_ganglia,brain_cerebellar_hemisphere,0.41225209033259,4.868876509273892,0.3984920310660329,0.01632696681920946,9.129933204594213e-05,0.19033239159682555,0.11057382581848718,0.09459791588686565,0.056042770656852,0.039131495621518464,0.02674159565261336,0.0167318036980251,0.01044332019326862
14,SH2D2A,brain_caudate_basal_ganglia,brain_cerebellum,0.37178617519516954,4.672804996728514,0.34701228686711877,0.01212569785635992,7.016062490895067e-05,0.21321597177794657,0.11923796948375817,0.0851657850258358,0.0599187119393242,0.03896545424841202,0.026095268874022158,0.01723366868130806,0.01075516022403174
14,SH2D2A,brain_caudate_basal_ganglia,brain_cortex,0.48069427534177445,4.329128901053792,0.4749413832424434,0.006527067841643553,5.779328560086157e-05,0.29614664999729334,0.13860191447986547,0.08383450001169458,0.06186381435930373,0.0380718664277907,0.025794180479849882,0.0191120907159501,0.0118615029873874
14,SH2D2A,brain_caudate_basal_ganglia,brain_frontal_cortex_ba9,0.5604273906118229,4.3558523550744175,0.4733920313655887,0.007044025827580161,7.060020194691678e-05,0.3084349167193893,0.1478201505788465,0.09653026156447514,0.06695449727329465,0.042237203729887415,0.02606674170848356,0.018334906526092102,0.0113850102972478
14,SH2D2A,brain_caudate_basal_ganglia,brain_hypothalamus,0.5058956858474697,4.267473558036986,0.6544409394467352,0.00324249476175646,4.127516316146441e-05,0.3808330570136964,0.1969606211592242,0.1197646658261798,0.07151077660618502,0.05131755389145591,0.03147668904852622,0.0215116788416689,0.01272714183843206
14,SH2D2A,brain_caudate_basal_ganglia,brain_nucleus_accumbens_basal_ganglia,0.6357225920895372,4.018092633065612,0.6103601263741614,0.011512444919185839,7.286048847928536e-05,0.3194435858079937,0.17942897181159406,0.12000300798175265,0.06323862861565657,0.04134543349271804,0.028135813644572,0.02049303104862242,0.01211944286811552
14,SH2D2A,brain_caudate_basal_ganglia,brain_putamen_basal_ganglia,0.7903642238887565,3.005926409678547,0.7930185692069398,0.01349759624936914,9.23743785850495e-05,0.6609522380999924,0.20300025706090338,0.11466656191262001,0.0721583599462545,0.03907919592333852,0.026046015140408517,0.01830299277951348,0.01062435419824452
14,SH2D2A,brain_caudate_basal_ganglia,brain_spinal_cord_cervical_c-1,0.3039969627796574,5.033158623450776,0.17189134168866368,0.02043040360279364,0.00018815421499918003,0.21701502751578414,0.13426650428125433,0.1015172847679376,0.07478957602871826,0.050225260781433925,0.03305391799109654,0.02002902411680324,0.01285058930602084
14,SH2D2A,brain_cerebellar_hemisphere,brain_cerebellum,0.6305834303393326,2.5227261417883646,0.5823164819287943,0.01795888172830548,0.0001403006224062289,0.5774478487192375,0.15394805135752695,0.08792781553090875,0.05800948961922938,0.04077869512952662,0.02461750356546482,0.01681767606425032,0.00913947296872164
14,SH2D2A,brain_cerebellar_hemisphere,brain_cortex,0.3572642007284502,4.399241322948948,0.262485563593037,0.014883857812804241,8.910662324913597e-05,0.22679990531670993,0.10722302906497543,0.07845955705131887,0.04937528683994592,0.040076005173906984,0.02547076780423956,0.018865697801689358,0.01069750856610346
14,SH2D2A,brain_cerebellar_hemisphere,brain_frontal_cortex_ba9,0.39708695444609876,4.482373360760279,0.324523878726427,0.01343274919050944,6.826010742039096e-05,0.22565624262700715,0.10903749390522766,0.08745298201409157,0.050823481714220665,0.04325336244848051,0.026116230562006702,0.0192951544768733,0.01051937349896194
14,SH2D2A,brain_cerebellar_hemisphere,brain_hypothalamus,0.32777349673423084,4.858477976728085,0.21820687895549856,0.02146444637756004,0.00011688464548778547,0.2367777189753833,0.1385139778731228,0.10220346291180578,0.06899978960242314,0.04847596706346916,0.03083729933464586,0.0213552487597686,0.01137592428433896
14,SH2D2A,brain_cerebellar_hemisphere,brain_nucleus_accumbens_basal_ganglia,0.415636717132597,4.651283111258115,0.3550396085512106,0.00406376196989346,4.888635487715141e-05,0.21164350781835334,0.11962069626258473,0.09436217538695746,0.05459966663099416,0.04148936691557546,0.027642812394712578,0.018420259553945877,0.0118724847018915
14,SH2D2A,brain_cerebellar_hemisphere,brain_putamen_basal_ganglia,0.36796856575623665,4.955246297723097,0.3892343251301972,0.01397384464736974,8.865304697344543e-05,0.1935446427464023,0.12480042859414771,0.09041628908625614,0.05812936919449736,0.04566063865064296,0.02549903882181012,0.016882131022177022,0.01060509539749714
14,SH2D2A,brain_cerebellar_hemisphere,brain_spinal_cord_cervical_c-1,0.2866283321815262,4.777590388124372,0.17197556023188182,0.029094784952391522,0.00030483563693058,0.29689398457440247,0.13450214594296028,0.09204697704484038,0.06845608477515101,0.04306505357280638,0.031328244145445,0.018828778675397763,0.011832996666672601
14,SH2D2A,brain_cerebellum,brain_cortex,0.4394031282846325,3.57003973705849,0.42688453840893575,0.0059797176903161,4.0872573262560303e-05,0.36030930182321297,0.1476720063460571,0.08621969455745268,0.05181909435749378,0.04310234889690644,0.02377285935643968,0.01751285561409468,0.01137970063552174
14,SH2D2A,brain_cerebellum,brain_frontal_cortex_ba9,0.4316216405351323,3.942675714850579,0.4052640524176538,0.01321218777644106,6.399478774686196e-05,0.2917840799888486,0.1289761068828387,0.08664524697816682,0.05426769697314556,0.043324811510755776,0.024810219723890838,0.01902161843131206,0.011140451072839461
14,SH2D2A,brain_cerebellum,brain_hypothalamus,0.32870352920866996,4.686026536991163,0.24420435141720637,0.01793269729515794,9.711193601870493e-05,0.264119296219138,0.14223550706044175,0.10315113993450069,0.06584673291174836,0.0509104356454668,0.03225959018363578,0.02098619231811738,0.01200508056132118
14,SH2D2A,brain_cerebellum,brain_nucleus_accumbens_basal_ganglia,0.36928630743575225,4.523710638381292,0.3095675368577444,0.00794027437173076,6.609057742924479e-05,0.21970895695278533,0.11906537637790274,0.09063798956961558,0.054040866533198194,0.04214172015475406,0.028668030399987682,0.0186403583120342,0.0125052286084479
14,SH2D2A,brain_cerebellum,brain_putamen_basal_ganglia,0.3329312304551554,4.801637516607715,0.29327358648383434,0.0087952777835931,8.030240560238821e-05,0.22505436352341346,0.135409794791885,0.08938354027299655,0.05961141731669156,0.04813467329129678,0.024204411350138278,0.01750112086793406,0.01124640613318322
14,SH2D2A,brain_cerebellum,brain_spinal_cord_cervical_c-1,0.2489830419494427,4.895563494980498,0.14428951242100901,0.025192928071708438,0.00022601304683764,0.23617885578431802,0.12923787936278866,0.10145810631317223,0.07205564404342193,0.03936828285950764,0.03156682660785824,0.02023131347265026,0.0123463257746634
14,SH2D2A,brain_cortex,brain_frontal_cortex_ba9,0.7378273256824665,3.070047505330797,0.6852371519476786,0.0115664195949598,6.387820271895843e-05,0.625633188091202,0.18780934639804242,0.08879327407646362,0.059240729338898124,0.0423734641500874,0.0281110693047662,0.0200167544019147,0.01104912479358076
14,SH2D2A,brain_cortex,brain_hypothalamus,0.44547471607003314,4.034047202292172,0.3767848203454113,0.00979019944984356,8.427480614949744e-05,0.40010433707592064,0.15592325207534513,0.08775610932337662,0.0656184710284442,0.050824224651847605,0.03415755634537706,0.025694015079057858,0.01289121451526582
14,SH2D2A,brain_cortex,brain_nucleus_accumbens_basal_ganglia,0.4344458170388476,4.663141802057288,0.3385285227311662,0.007856583370441681,5.883740246087379e-05,0.21718356429110303,0.1334372034743921,0.08923033341314263,0.058024506222630855,0.042308056417266635,0.0300754068028432,0.0223616488233665,0.012903389714699
14,SH2D2A,brain_cortex,brain_putamen_basal_ganglia,0.44246634201824475,4.280785565895641,0.40466267812269213,0.0058849910139782005,6.0307507804112653e-05,0.3609053361259473,0.15090353564306522,0.09215621338364603,0.06269726645138628,0.0405564235063421,0.02582704986550972,0.01892074537871854,0.0117627783189743
14,SH2D2A,brain_cortex,brain_spinal_cord_cervical_c-1,0.2716157530663259,4.577391568621189,0.15960572093011616,0.01694295561058668,0.00017436973749746,0.21824427912641214,0.1306388428973382,0.085002249909441,0.06568752323192131,0.04466097788015096,0.0322798241916657,0.02322220548829774,0.014193650485936621
14,SH2D2A,brain_frontal_cortex_ba9,brain_hypothalamus,0.4793606002326907,4.1848388690609015,0.41811094935666854,0.006787843371342019,6.398640706758634e-05,0.423705123324057,0.17601307916808417,0.10412534842872787,0.0740444509918199,0.053845704126137185,0.03813373529331452,0.02158016472472038,0.012524847069664499
14,SH2D2A,brain_frontal_cortex_ba9,brain_nucleus_accumbens_basal_ganglia,0.4912893698511779,4.607379662904672,0.4673209547842827,0.0066411785354489996,5.350945098470081e-05,0.22247125585286898,0.14798532972321693,0.10411720824969853,0.060328856631990634,0.04547446203660752,0.02954713646699476,0.02171005713706618,0.01242470049258446
14,SH2D2A,brain_frontal_cortex_ba9,brain_putamen_basal_ganglia,0.534368659013132,4.130354769579662,0.44445619949421866,0.01621228740554258,0.00010871888711540216,0.38430381171552647,0.158308868924147,0.10467544591098081,0.06991753914407797,0.04341252609017188,0.02536593822195572,0.0183794701638626,0.01138940508836634
14,SH2D2A,brain_frontal_cortex_ba9,brain_spinal_cord_cervical_c-1,0.31833740343167516,4.204793220054714,0.17247101225576705,0.018925415315306202,0.00016184779309994743,0.2615880881237825,0.13972988176363396,0.09317327967380748,0.07172934664217681,0.05083552679950348,0.03188212709745368,0.02157606606155026,0.0138371689321901
14,SH2D2A,brain_hypothalamus,brain_nucleus_accumbens_basal_ganglia,0.5250789213404218,4.081089950487405,0.4641255723914748,0.01941641184971628,0.00011047899974282387,0.38988811140169977,0.20980635059346836,0.13283439088274476,0.0709684638961084,0.056213630456807315,0.03435932252533934,0.02519000477985548,0.01424174547260974
14,SH2D2A,brain_hypothalamus,brain_putamen_basal_ganglia,0.44453216843877036,4.1617894702239955,0.43616804384336555,0.01453299848142384,0.00011892066280133115,0.3870482722795751,0.23107768644146193,0.12535747449844228,0.07857070575863978,0.052005578892303096,0.02955435358890728,0.02195824085658002,0.01272097263467802
14,SH2D2A,brain_hypothalamus,brain_spinal_cord_cervical_c-1,0.35581502657036906,4.468221097203306,0.21897999412395808,0.02216019709816374,0.00018979439241828,0.3878264801255341,0.2181274678890691,0.16022138224007584,0.09416548987727438,0.054024853253803615,0.03911568677927828,0.027131499522541035,0.015246627328991642
14,SH2D2A,brain_nucleus_accumbens_basal_ganglia,brain_putamen_basal_ganglia,0.5593088052211204,4.097287964284624,0.492010893492986,0.01876477386782446,9.605555679898988e-05,0.3226308772789186,0.1897576972703255,0.1376634926582519,0.06319633606435522,0.041896002442628325,0.02978397678255698,0.019877953706699918,0.01215774904404672
14,SH2D2A,brain_nucleus_accumbens_basal_ganglia,brain_spinal_cord_cervical_c-1,0.32104354372267574,5.04319827716174,0.1820106189047411,0.0192239008085514,0.00018525395246314,0.228057380658431,0.1575324924226698,0.1256777297549499,0.069493657908476,0.051197801104091424,0.03317427748700394,0.02446339069540214,0.015208098753551141
14,SH2D2A,brain_putamen_basal_ganglia,brain_spinal_cord_cervical_c-1,0.2861337848698902,4.759668040955366,0.15601362463024754,0.02243429157827302,0.00019783497556155632,0.26138418707544525,0.1352577671834732,0.10615560227350536,0.0757270392218518,0.05234653290506658,0.030316179209823678,0.02111029694669942,0.013337388643337462
15,JAM2,brain_amygdala,brain_anterior_cingulate_cortex_ba24,0.5172926657200108,3.708663066652555,0.6063257366639973,0.08500170841577473,0.00014921832576540603,1.3712386982734917,0.5383794203880257,0.39855068784729697,0.23846827286035807,0.1404789232875046,0.0796959317609144,0.05819382420141174,0.04030625101215712
15,JAM2,brain_amygdala,brain_caudate_basal_ganglia,0.40503923812677156,4.149783283384721,0.28999275613178466,0.07305690085573391,0.00013024275323882643,0.8650355920488895,0.4590624719845472,0.2638611292555592,0.18777472249692545,0.14333051679131398,0.08347865260411542,0.05721813642950916,0.03603269016073906
15,JAM2,brain_amygdala,brain_cerebellar_hemisphere,0.2663443571490583,5.0265241742720095,0.35458128001812683,0.0710939483786022,9.947457333327737e-05,0.5383028933589076,0.38320756179493287,0.257509303829967,0.19784847759918342,0.11441208603251538,0.07889342471219192,0.0517348706431793,0.030696133435173377
15,JAM2,brain_amygdala,brain_cerebellum,0.330842105031827,4.320532769724575,0.3089576009980308,0.08441851948047378,0.00014625580804350572,0.9212615937465843,0.39379463416893784,0.277159763869035,0.19621220909624265,0.11815288489402427,0.07816658767345178,0.050581594406254315,0.030858667987847137
15,JAM2,brain_amygdala,brain_cortex,0.4030968201290369,4.418562262804502,0.3426925899132966,0.10891255293424092,0.00014695968682144707,0.8181492034404435,0.4260192494232865,0.31555928902529473,0.20935040768203422,0.13683324822576984,0.07117954248810786,0.051205547931942416,0.038239995891002944
15,JAM2,brain_amygdala,brain_frontal_cortex_ba9,0.4109034072161216,4.547710676312917,0.3648002809121472,0.1620061381471681,0.00020791765015613998,0.804888594141594,0.4190056603402145,0.31027273719166604,0.23557884681463043,0.13061284949696184,0.07415259899840067,0.05443688807612283,0.0404815366432743
15,JAM2,brain_amygdala,brain_hypothalamus,0.4948205785168621,4.232141238879628,0.5256412059575242,0.07764091660558806,0.00013963782474646025,1.1595286371778524,0.5160234071309969,0.34745089422398856,0.26466030111370953,0.15106149822869147,0.0981454784090148,0.06970934660430285,0.040904966009179825
15,JAM2,brain_amygdala,brain_nucleus_accumbens_basal_ganglia,0.4484042450974367,3.8583854247307436,0.4389703796027934,0.06810220410401022,0.00012402497661066116,1.1797065375583895,0.5075788233466444,0.3439459096517466,0.262752279849353,0.15444293792853717,0.08355882354752896,0.06346896355450818,0.0388862269783094
15,JAM2,brain_amygdala,brain_putamen_basal_ganglia,0.41452751564617313,4.071694441335341,0.4285896965106032,0.06398488661052254,7.57506881980092e-05,0.9132690881760649,0.48154368207165243,0.26379643570249744,0.18387535428865415,0.14648861591706314,0.07880387985120899,0.05517494862134462,0.036756135627033296
15,JAM2,brain_amygdala,brain_spinal_cord_cervical_c-1,0.41175736516218653,4.247056100333038,0.4182718672832806,0.05020036278058748,7.558474919383635e-05,0.9266781011386437,0.4486589223329437,0.2849324591759582,0.2355462827505189,0.14243971815447237,0.09136479709605334,0.060709052554758336,0.03819647987618338
15,JAM2,brain_anterior_cingulate_cortex_ba24,brain_caudate_basal_ganglia,0.3821789901005425,4.734677835983805,0.3133279446055062,0.0837052331359917,0.00014268139135606601,0.6647692988137456,0.42482735962714246,0.23381121438076174,0.18543093390845344,0.1484583458217695,0.08822809437486027,0.055176377029738696,0.03858119081983502
15,JAM2,brain_anterior_cingulate_cortex_ba24,brain_cerebellar_hemisphere,0.26965912902859507,5.142301369447752,0.405917575334633,0.10749477067123821,0.0001342351316355782,0.4804601491184794,0.35655723505893994,0.24668659685856023,0.18060180107293883,0.12302089800723034,0.07665902807507628,0.048023094959564416,0.03464781867561886
15,JAM2,brain_anterior_cingulate_cortex_ba24,brain_cerebellum,0.3103670785397411,4.835787141862313,0.36154034508292743,0.10281394181858809,0.0001296805388756955,0.6842499283896576,0.3236587321163208,0.25436755550357215,0.19571688620411992,0.12698431101326343,0.07391459217580112,0.0491253505416469,0.0334592930038593
15,JAM2,brain_anterior_cingulate_cortex_ba24,brain_cortex,0.6113674308318191,3.359579457301276,0.706471999193928,0.1361497917852939,0.00021734799425496385,1.3564127517742515,0.569186101291273,0.3477524634786334,0.2012796647042419,0.14726085268588626,0.07755884200351408,0.051439270159721696,0.0347554465897259
15,JAM2,brain_anterior_cingulate_cortex_ba24,brain_frontal_cortex_ba9,0.6474410680218788,3.2874652949759686,0.6097106444471454,0.2203599855431128,0.00041722180104371997,1.37308567559308,0.6291967200347968,0.3428230913569916,0.21114281254890757,0.14373042730968613,0.08169994735484128,0.05431418832567662,0.03769828808648458
15,JAM2,brain_anterior_cingulate_cortex_ba24,brain_hypothalamus,0.49663408407775267,4.597688288125732,0.6054317412884436,0.06424592659013077,9.611634835055768e-05,0.9099211521760739,0.5155129143341637,0.3222424718801001,0.2333335110374512,0.14853418466383356,0.10580449314019377,0.06730161513896782,0.04525247254126966
15,JAM2,brain_anterior_cingulate_cortex_ba24,brain_nucleus_accumbens_basal_ganglia,0.4344161976033683,4.582310092057377,0.4352995457887558,0.07644816282904235,0.00010696854176677735,0.912781050862877,0.4830355756525771,0.33186419912669324,0.2460179123922232,0.1575397489175466,0.08670110393643857,0.060257470214017436,0.04162634087949556
15,JAM2,brain_anterior_cingulate_cortex_ba24,brain_putamen_basal_ganglia,0.40384236277331187,4.436887013449182,0.48567817204069497,0.06813373150597658,9.720865194010064e-05,0.8163564238598884,0.40141958013396695,0.24083878907609754,0.18532726465890864,0.15346712362231857,0.077845139197734,0.053205262347544705,0.04066558414298802
15,JAM2,brain_anterior_cingulate_cortex_ba24,brain_spinal_cord_cervical_c-1,0.4656251802945436,4.270347255461979,0.5082144419253812,0.08122598833901305,0.00012292254144432823,1.1379634060138653,0.4524099566814604,0.29378635346170945,0.2025183788846813,0.14636328917870617,0.0881806771380143,0.060662520717322796,0.04217626523715068
15,JAM2,brain_caudate_basal_ganglia,brain_cerebellar_hemisphere,0.27769557573899295,4.983334887032662,0.25692503660918287,0.08339385370718776,0.00010229034191437934,0.49732090479517793,0.33857116984666413,0.23574668109280356,0.1563472810769919,0.11931989096467677,0.07341847618812593,0.0502945069637865,0.02832233169950902
15,JAM2,brain_caudate_basal_ganglia,brain_cerebellum,0.29827310919029576,4.807391006903059,0.2985724628192615,0.09541877001978041,9.8986177923519e-05,0.5866107916314729,0.3386609069353852,0.21535103939834235,0.15713065224534606,0.1201068481480273,0.07041839796511712,0.04976589975566448,0.02872179235424388
15,JAM2,brain_caudate_basal_ganglia,brain_cortex,0.40320863325890366,4.566630146987871,0.47349775807082944,0.06730190260365917,9.705515093351014e-05,0.7150064501583622,0.37399290457350337,0.2602342275387489,0.1810624124736699,0.13128746544034753,0.07071704746128467,0.04988706149215514,0.03419271564233436
15,JAM2,brain_caudate_basal_ganglia,brain_frontal_cortex_ba9,0.41635927591646527,4.756039195317586,0.36840986351198896,0.0578526816960707,0.00010512685501588064,0.6574429975443594,0.4137535978759129,0.24877435333219217,0.1925790596063852,0.14614595214580023,0.07649618987670817,0.05017153379205526,0.0356664273119981
15,JAM2,brain_caudate_basal_ganglia,brain_hypothalamus,0.4861335404857975,4.712576334149141,0.4386904576347258,0.09589517250140253,0.00014334430280329768,0.7772503164216744,0.510964930484062,0.30145235563537615,0.2009590934952766,0.1562562274914134,0.09626912774396218,0.05865400777190373,0.03822411027041848
15,JAM2,brain_caudate_basal_ganglia,brain_nucleus_accumbens_basal_ganglia,0.5648147618239259,3.2930069296169364,0.43326015830472586,0.0797632788938934,0.0001269073517891775,1.4938631443617907,0.5811094869215545,0.2592053910137163,0.20046000290343322,0.15968038955084216,0.0841836181793811,0.055427941229956354,0.03558151075390692
15,JAM2,brain_caudate_basal_ganglia,brain_putamen_basal_ganglia,0.8108650743260067,2.5231831106674143,0.7791547004785153,0.06680170929171758,0.00015230838035470935,2.2169517797685785,0.732082424873774,0.2945581175614589,0.1990541038276531,0.13828340593447358,0.07514368160694672,0.04731088393588802,0.03164356118992306
15,JAM2,brain_caudate_basal_ganglia,brain_spinal_cord_cervical_c-1,0.42300805211651904,4.4497121236509845,0.3488689561170276,0.06518221750294315,0.0001121662475949604,0.7587280114272629,0.45054617599390634,0.25658721430128245,0.20098920679746818,0.1520101023556935,0.089049314317526,0.055946203737357855,0.035310855070209576
15,JAM2,brain_cerebellar_hemisphere,brain_cerebellum,0.5303598914064496,2.6181504343124145,0.47551122105929433,0.13091322216055903,0.0002541880167163255,1.7903164591583418,0.7767632636702428,0.2505107052048144,0.15828722237930978,0.10051100518245834,0.06587992114061804,0.037788420664399316,0.02625639782902134
15,JAM2,brain_cerebellar_hemisphere,brain_cortex,0.27468711102411925,5.13545224707419,0.3593706426705421,0.10308821201546196,0.00015044318533514715,0.461133146481777,0.33709432313718823,0.23433422440335683,0.1659652811879641,0.11293506491232472,0.06759091094263608,0.04304372612587618,0.0296460579221438
15,JAM2,brain_cerebellar_hemisphere,brain_frontal_cortex_ba9,0.2864010902643578,5.278877922733234,0.3423846117061359,0.10574359105200233,0.00014218694150981177,0.432652814349945,0.3378822632910382,0.25792209807096966,0.17158696199769713,0.11019865491516154,0.0804511522267581,0.04455833772717474,0.0309308941283871
15,JAM2,brain_cerebellar_hemisphere,brain_hypothalamus,0.349271563422675,4.781207500110103,0.5107320153144463,0.06626823953460924,7.475105628817501e-05,0.7673665106773304,0.43022729146232697,0.2935207062188228,0.20651605366890008,0.11514150697058545,0.08842409291077971,0.05279778278057362,0.034582909523109176
15,JAM2,brain_cerebellar_hemisphere,brain_nucleus_accumbens_basal_ganglia,0.270347711737262,5.10164804032055,0.3454385313263057,0.05957732677017874,9.844514738352757e-05,0.5623652291634247,0.3858455634953035,0.25815706120651216,0.18207236846500566,0.12242509938648027,0.07976402476044629,0.05008893621777762,0.03258540775703136
15,JAM2,brain_cerebellar_hemisphere,brain_putamen_basal_ganglia,0.2889207544688016,4.633143291595079,0.3356536450321729,0.06021392334022217,7.531660681515037e-05,0.5821138726960001,0.3236158448362326,0.22616464548908294,0.16107600937842456,0.11671917746861823,0.07151724388136724,0.047534940293128644,0.02946589963143712
15,JAM2,brain_cerebellar_hemisphere,brain_spinal_cord_cervical_c-1,0.2923734916823395,4.952845730164202,0.3742515424150544,0.038672549015156446,6.847560568752479e-05,0.5242381555008357,0.3863641425127476,0.27885586289746445,0.1771819827857631,0.11999514986499023,0.07401588380412691,0.048359475464083417,0.0306746706907207
15,JAM2,brain_cerebellum,brain_cortex,0.33167988215965416,4.4314144197268055,0.330458043777958,0.09352748420372696,0.00014444131081020568,0.7673621561313431,0.3312268072673751,0.218037542485858,0.1740243326371979,0.12364894949948257,0.06703152020323236,0.04025976763693296,0.03017931824287174
15,JAM2,brain_cerebellum,brain_frontal_cortex_ba9,0.3019158089092981,5.250691707197551,0.33162899388618133,0.10010421225202246,0.00014190570378266255,0.5018672823527481,0.31277417976619326,0.24583124703111667,0.18724874186723584,0.11722386673588232,0.07535177781055424,0.0429023980049435,0.03216438997794556
15,JAM2,brain_cerebellum,brain_hypothalamus,0.4071925249601991,4.3056877277901755,0.2914541497350942,0.11582315818348168,0.00012362504543752666,0.8819674843050045,0.48099837979977755,0.2750346192303921,0.20274937995782083,0.12127445376881907,0.09049822979281334,0.04863681864809572,0.03632214420617968
15,JAM2,brain_cerebellum,brain_nucleus_accumbens_basal_ganglia,0.3424231248224846,4.301789235709518,0.3121962310308514,0.09717052870381496,0.00012849792251278094,0.9387196752496856,0.3713996776455778,0.25468145769478634,0.20456382011788837,0.1269392180553558,0.07126366533832544,0.04975857487693438,0.0333528354479345
15,JAM2,brain_cerebellum,brain_putamen_basal_ganglia,0.30711392353488065,4.568417619842313,0.3302291931069088,0.09115237322154676,0.00010647283975878346,0.6496370171010628,0.32774988242259795,0.21993034479666643,0.16311996642682905,0.11657298766074398,0.06982550463598067,0.04742346231921414,0.0306994351616305
15,JAM2,brain_cerebellum,brain_spinal_cord_cervical_c-1,0.31674707341338176,4.651999631800289,0.5180687271611231,0.06128778356026952,8.985577922612544e-05,0.6850514234348731,0.34424546677425194,0.2705019637245079,0.17145491200678575,0.12348242586807139,0.07941605803898369,0.047738493489818554,0.03098418764284926
15,JAM2,brain_cortex,brain_frontal_cortex_ba9,0.7034682566825186,3.080481525775041,0.7074661908885258,0.1257807921127397,0.0002778182015622195,1.4301771434002726,0.5535158173296443,0.3133480253136308,0.21970452048369266,0.1460440538696411,0.07234954085422005,0.05136243745245896,0.03241151768964444
15,JAM2,brain_cortex,brain_hypothalamus,0.47763022342168926,4.6712732976197096,0.4806655617793976,0.14298028711012353,0.0002172758565096475,0.8088780986606643,0.4404200999830773,0.30001690598042086,0.22083106465726693,0.1555299821207797,0.0875267388269005,0.0586850021929919,0.038602820776199184
15,JAM2,brain_cortex,brain_nucleus_accumbens_basal_ganglia,0.4197555497937796,4.522752263887723,0.45798988548232156,0.09372818682709334,0.0001081308999455914,0.8187879266565481,0.44279751690741975,0.2986809149647714,0.19941006870171102,0.16386710394981494,0.07451082217569202,0.05364964504840795,0.03604252565606942
15,JAM2,brain_cortex,brain_putamen_basal_ganglia,0.3985164334251322,4.579135771223871,0.5394242723072045,0.06138133593167986,8.986391122416358e-05,0.734243993422558,0.36904025199291723,0.24047994871657524,0.18409189660855008,0.14720869637287035,0.06848276515737585,0.05064135260514052,0.03425421296692738
15,JAM2,brain_cortex,brain_spinal_cord_cervical_c-1,0.46726749098342496,4.489026512188461,0.5149471659921089,0.0996311930440759,0.0001691783454048798,0.9614140006992585,0.44086491670810285,0.2820003680946294,0.20497697485179897,0.14692306926370424,0.0754331789628484,0.05804236944668558,0.03459743881722858
15,JAM2,brain_frontal_cortex_ba9,brain_hypothalamus,0.4781825245501362,4.932774280532362,0.4422199804781436,0.0967284601125194,0.00016015066983094298,0.7023118114352933,0.46398533852141,0.2930311187531989,0.24171945403708536,0.14181699692395583,0.09852180987727228,0.060768229228732706,0.0416551703646234
15,JAM2,brain_frontal_cortex_ba9,brain_nucleus_accumbens_basal_ganglia,0.39512759942230496,5.135897861116092,0.3746337467950481,0.10362763088364915,0.00015353014943859976,0.6232243003654612,0.4467195154463199,0.2974699576233398,0.22489560872341582,0.1615737473735243,0.08342581496221838,0.05736469402121678,0.03788552621710214
15,JAM2,brain_frontal_cortex_ba9,brain_putamen_basal_ganglia,0.4299854521602452,4.5443678474711255,0.50431418120614,0.06362269147688782,0.00013227209515884888,0.7432138715592842,0.3873489847854785,0.25385543912578834,0.19554551676316817,0.15171040022301424,0.07305620263812354,0.05100868250230892,0.03680713213100534
15,JAM2,brain_frontal_cortex_ba9,brain_spinal_cord_cervical_c-1,0.4597343934352941,4.581498002925601,0.45030204079413155,0.12177548273146324,0.00018805698025827665,0.877356447042905,0.4141219845887286,0.3163398168417776,0.201809136315664,0.14370165237776691,0.08063173512808433,0.061443025867889724,0.036594797239432444
15,JAM2,brain_hypothalamus,brain_nucleus_accumbens_basal_ganglia,0.6171437946155358,3.896319926549694,0.6778214242949245,0.040637642561368134,8.022706996088781e-05,1.418650748783446,0.7209568097744808,0.3333555825242638,0.26916490023472694,0.15737207819001764,0.10029344067787249,0.06291313817418807,0.04286112990338532
15,JAM2,brain_hypothalamus,brain_putamen_basal_ganglia,0.49858267550022506,4.56842591008242,0.6225398992254679,0.06551904311858414,0.00010564391849296488,0.7979269610384755,0.5119930363427234,0.29916963246565753,0.22957810830878816,0.15186781559126974,0.08335161131341831,0.05565085232062426,0.041513252696031275
15,JAM2,brain_hypothalamus,brain_spinal_cord_cervical_c-1,0.5076080785185303,4.37870030784085,0.5221449253055842,0.03129376403773942,6.982704310896321e-05,0.8901745021390621,0.5216869915624441,0.3233998603706569,0.211066419905051,0.1717774765766383,0.10067120775383993,0.0625214532380953,0.04308691473063962
15,JAM2,brain_nucleus_accumbens_basal_ganglia,brain_putamen_basal_ganglia,0.5481036140764628,3.49146970119518,0.5053377795807588,0.03663559809622454,5.5639824774590666e-05,1.4109964142797606,0.575805627366627,0.3085356091104692,0.2053806534291077,0.16894304313269876,0.07172052679698689,0.052114558123886726,0.036924138646656925
15,JAM2,brain_nucleus_accumbens_basal_ganglia,brain_spinal_cord_cervical_c-1,0.446668104190583,4.116354770786958,0.4148567862339355,0.04076515678152396,7.3978489949448e-05,0.9402935274243962,0.4487185714100324,0.3645331621882205,0.2152671479807104,0.1564320028207699,0.09345681575559266,0.060027655659777426,0.03947446774067152
15,JAM2,brain_putamen_basal_ganglia,brain_spinal_cord_cervical_c-1,0.41903430919016726,4.458585315185376,0.4635437113777984,0.05196546806861676,8.410792183199918e-05,0.7622532645423853,0.4747759889395583,0.27597993303067947,0.18956931810758193,0.16403381635598424,0.07994208500027086,0.055065046775453784,0.03530205399294738
15,SH2D2A,brain_amygdala,brain_anterior_cingulate_cortex_ba24,0.718683400648495,3.639356297237241,0.6742700196713243,0.030946448061436142,4.015513807830604e-05,0.9631735533223615,0.3640088821527028,0.19617194639446076,0.08654582085264358,0.0498747245342301,0.028484750936354598,0.020264662005527782,0.01053144797915562
15,SH2D2A,brain_amygdala,brain_caudate_basal_ganglia,0.4788452719853895,4.201928098133773,0.48210078338404694,0.016558943381284913,7.036438983684527e-05,0.5292181942397021,0.2925935091084063,0.18139247716355053,0.07700936189711241,0.045783333354909216,0.028797652890896003,0.020767801892526718,0.01074719659105984
15,SH2D2A,brain_amygdala,brain_cerebellar_hemisphere,0.4724551672482292,4.289611320849533,0.35439509495633115,0.04656386341352118,5.891415528491413e-05,0.6837737805595996,0.26657194416996105,0.12570108731455357,0.09277729963285872,0.04388273028710924,0.02765145379972574,0.02047894387622516,0.00968556119965118
15,SH2D2A,brain_amygdala,brain_cerebellum,0.42220961161738746,3.8716993380096243,0.30360176241052395,0.01861754545472413,6.0936061111679384e-05,0.6321111089448349,0.27118172105302246,0.11860851466066531,0.09065412076411032,0.04086786105430288,0.025216452054039003,0.017806392378926637,0.009685148851628281
15,SH2D2A,brain_amygdala,brain_cortex,0.47740068255885104,4.089014952237706,0.3623709513253542,0.013761812148445926,5.341550712952609e-05,0.47094917327441904,0.28369867662369247,0.13345171046031395,0.08512173571201533,0.040343607041326564,0.025283103433954963,0.018008564854313718,0.01089039475821346
15,SH2D2A,brain_amygdala,brain_frontal_cortex_ba9,0.5419999309271618,4.271155836168878,0.560064882536025,0.017143188102503752,3.894332562732533e-05,0.6319330546759808,0.2841893758060984,0.18764329414613326,0.08260650896286485,0.0449025751193111,0.026282388174613657,0.02033436653853542,0.009660958644754239
15,SH2D2A,brain_amygdala,brain_hypothalamus,0.5311084463236703,3.7292317403567523,0.473237496582508,0.030298894604349876,3.0416574209753827e-05,0.9093308897560439,0.39978738140178444,0.1993819182999626,0.09560893693183889,0.054921176640459125,0.03508043979261582,0.02285338084696022,0.01003593762930114
15,SH2D2A,brain_amygdala,brain_nucleus_accumbens_basal_ganglia,0.5419617364909947,4.054056858487923,0.5230670515054394,0.04475748839584391,5.549740228196421e-05,0.7753175940990189,0.3021924938306238,0.16896772496790075,0.08236604018346429,0.04222615840610468,0.03278582277248196,0.019985667289107098,0.011031809269425739
15,SH2D2A,brain_amygdala,brain_putamen_basal_ganglia,0.4485510235672579,4.158375120751734,0.3606605284661627,0.013998230986901733,9.195406050080914e-05,0.6589186830849088,0.29633549369789514,0.19627789057347428,0.0771585038437254,0.0455990506670374,0.02823354700819552,0.016633976145622658,0.01021672843449556
15,SH2D2A,brain_amygdala,brain_spinal_cord_cervical_c-1,0.5066317666770088,3.7540498655942613,0.4349209773697237,0.05209531907561258,8.789593496806236e-05,0.7159336188917369,0.30384374638556594,0.14840206471497203,0.09543607808200545,0.04787559304154246,0.0339168527996688,0.02336795564299802,0.01168494082426762
15,SH2D2A,brain_anterior_cingulate_cortex_ba24,brain_caudate_basal_ganglia,0.47047933292197514,4.637646411945213,0.39930277908238304,0.019633174868888995,5.521234213890502e-05,0.5623810879676486,0.22913453758762473,0.1604166982633327,0.07377419408129846,0.041080469270726505,0.025746287200118116,0.0185607026942631,0.01114275944086454
15,SH2D2A,brain_anterior_cingulate_cortex_ba24,brain_cerebellar_hemisphere,0.4788373669442322,4.528676479391583,0.384135977107941,0.01347909373194403,3.963249444945034e-05,0.5539060136387,0.27449056222679663,0.1202330096634439,0.08811038197315675,0.04158076573302214,0.02297284051765336,0.018176618929407418,0.0098896044675384
15,SH2D2A,brain_anterior_cingulate_cortex_ba24,brain_cerebellum,0.4442286415639278,3.9007988976061183,0.37208094271951536,0.021222894187239986,7.661369150847183e-05,0.5942407064015857,0.2851451168379276,0.11232760393888752,0.0834548508908141,0.037824841735406164,0.022293520380068738,0.015926938737861503,0.01002677888351762
15,SH2D2A,brain_anterior_cingulate_cortex_ba24,brain_cortex,0.6255333165228047,3.1205396697561882,0.6264187137822738,0.011552901820462006,6.887827011803115e-05,0.6645898931928003,0.30168045693507184,0.12047019518907687,0.08203658264162686,0.039311044532509096,0.023592036207080423,0.016037514733890403,0.01038976808307018
15,SH2D2A,brain_anterior_cingulate_cortex_ba24,brain_frontal_cortex_ba9,0.7594894008880364,3.238201842208654,0.6970191000613603,0.004633564437031844,2.296069002355097e-05,0.8604917658804639,0.3023494126693969,0.17171018364904447,0.08165163508591959,0.04494727781541482,0.02484057161525434,0.017291197267610397,0.00931690122572484
15,SH2D2A,brain_anterior_cingulate_cortex_ba24,brain_hypothalamus,0.5046329533337053,4.200666541363323,0.3836309747813645,0.052327834691827904,4.0565996289073175e-05,0.8913511632879313,0.37394326411540685,0.16826753411018305,0.09387980857702449,0.0525300124634346,0.0286180237821817,0.0209307291406512,0.0101687779486239
15,SH2D2A,brain_anterior_cingulate_cortex_ba24,brain_nucleus_accumbens_basal_ganglia,0.5565844151563246,4.236571476243329,0.6204331945048642,0.028048568899863974,2.399253534759319e-05,0.7261342806694421,0.28068685703850954,0.14846682712361536,0.08022680108025645,0.038668736641395876,0.02779523866730186,0.01743178955859652,0.0116042533766662
15,SH2D2A,brain_anterior_cingulate_cortex_ba24,brain_putamen_basal_ganglia,0.43790312638790374,4.560677120749812,0.36171294368241175,0.033165722208734025,7.246917143115313e-05,0.6602980316050671,0.2497789242829759,0.17104917088021776,0.07349095222609585,0.042150627208802936,0.0239449191914623,0.01679647911859718,0.010188694508464938
15,SH2D2A,brain_anterior_cingulate_cortex_ba24,brain_spinal_cord_cervical_c-1,0.5123448999806015,3.877204152511267,0.41060434721136574,0.12949833276402062,8.316319967546002e-05,0.8052332265658804,0.32201013809202644,0.13523471701303091,0.08991424463227231,0.04833434444721606,0.0277107147702421,0.02052184974348232,0.011592032426284279
15,SH2D2A,brain_caudate_basal_ganglia,brain_cerebellar_hemisphere,0.4520475106128095,4.512612086095841,0.3990038120921149,0.03631627865764392,6.633559738871253e-05,0.5450323194692718,0.23197375807660675,0.12095310080112157,0.07273721882323197,0.04007003847760588,0.02601399749049572,0.0189884697979057,0.009696316251513178
15,SH2D2A,brain_caudate_basal_ganglia,brain_cerebellum,0.3913156442161664,4.492544878128074,0.3408361490639934,0.026028483293713496,7.767416980403967e-05,0.4482859463281499,0.2344123280575067,0.12818781244409366,0.07091459051004273,0.0359587477813406,0.0235475447972623,0.017082555162022162,0.00973928469525874
15,SH2D2A,brain_caudate_basal_ganglia,brain_cortex,0.41061596234291836,4.471129578900114,0.39075665429423956,0.011464212114315133,5.521322007422853e-05,0.3686775849936694,0.26927412299967984,0.1217255367655496,0.06490129278091869,0.03709875395325992,0.022789152945237198,0.01777671641673914,0.01058843428166072
15,SH2D2A,brain_caudate_basal_ganglia,brain_frontal_cortex_ba9,0.47823982300335854,4.626130095499539,0.5268061674153868,0.012743022589382804,3.0952694777113484e-05,0.5100170844994323,0.26652427725803673,0.1787940195963551,0.06966670356090958,0.038665649203613324,0.0256615933478958,0.01785887436133992,0.00978691924152624
15,SH2D2A,brain_caudate_basal_ganglia,brain_hypothalamus,0.42517625510724144,4.271750754878373,0.4362349639107694,0.01793446286189382,7.577580813201018e-05,0.5802228286617391,0.3552611220918855,0.19197656236838323,0.07357021781601611,0.04781674971673096,0.029585235763126598,0.021798977740580257,0.010123982120052558
15,SH2D2A,brain_caudate_basal_ganglia,brain_nucleus_accumbens_basal_ganglia,0.6073193227447339,3.279017105722519,0.5585368476027337,0.0092459497205236,4.1476143543353474e-05,0.6678526936521301,0.26824857410171365,0.16835883658608108,0.06545912746041206,0.036235197120752884,0.02688593047231654,0.0179291432145577,0.01179944799380782
15,SH2D2A,brain_caudate_basal_ganglia,brain_putamen_basal_ganglia,0.8356420623341695,2.1651457985678766,0.8319223251336354,0.017741566139402244,4.557182215652929e-05,1.0150912382658552,0.38829868039097304,0.19339968091039667,0.06357930802212299,0.03736519514035626,0.025936081034434483,0.01654164016820234,0.00963495471419544
15,SH2D2A,brain_caudate_basal_ganglia,brain_spinal_cord_cervical_c-1,0.4074373262441977,4.3326103222107815,0.36154107568004956,0.07774509504487025,0.00019913354620478208,0.6659076868197101,0.22921576907108326,0.13785716367589532,0.07241141145665433,0.0435387239567502,0.027452504697752223,0.022813579262055843,0.011275382531895781
15,SH2D2A,brain_cerebellar_hemisphere,brain_cerebellum,0.6321348370205309,2.972502161799904,0.599883371670272,0.021163104434511398,9.430833865545598e-05,0.6777652979361996,0.34522590138741327,0.13237487728496972,0.07690672772151155,0.035186452694949064,0.02206540029051058,0.0163034695751491,0.008469846748211579
15,SH2D2A,brain_cerebellar_hemisphere,brain_cortex,0.4006509570014899,4.421878441922699,0.30120487029889603,0.01623027997059674,9.067035372803979e-05,0.41425723757791966,0.2327079524185506,0.10102958742354333,0.07700180273298621,0.035903210785819956,0.02339084078046546,0.01666489937664982,0.00955794392220358
15,SH2D2A,brain_cerebellar_hemisphere,brain_frontal_cortex_ba9,0.46262171618678016,4.48608546984538,0.43516949662132054,0.017342249955580667,5.876702218820809e-05,0.5035653809805385,0.2427433895233008,0.12319848092215899,0.07963274718201016,0.04131668447628264,0.024770013586188917,0.017624722668234418,0.008629105772700419
15,SH2D2A,brain_cerebellar_hemisphere,brain_hypothalamus,0.44476031152405965,4.240802263962047,0.4155023752844686,0.06795133107945144,4.740287669256715e-05,0.675005020966077,0.3395391770976376,0.12805992899973342,0.08925524220541096,0.04487840921128694,0.030263025752953022,0.020518396660458023,0.009146678998754699
15,SH2D2A,brain_cerebellar_hemisphere,brain_nucleus_accumbens_basal_ganglia,0.47920595972803026,4.421717108223836,0.5203647714212133,0.04297257083913043,5.912752177818303e-05,0.5444469874031764,0.23921514476644376,0.11963265949761863,0.07573427679694544,0.03623687045511426,0.028114952937641442,0.01825935719923696,0.0104735591788501
15,SH2D2A,brain_cerebellar_hemisphere,brain_putamen_basal_ganglia,0.4193439726199263,4.445600125781896,0.39250274218051506,0.06128713914897453,9.227608971251267e-05,0.5577053879665963,0.24942803250111517,0.1278045635375643,0.07167454325151881,0.03948822018710186,0.02525879941147758,0.01630108296680874,0.009205115103814259
15,SH2D2A,brain_cerebellar_hemisphere,brain_spinal_cord_cervical_c-1,0.43924078578332787,4.18338020277518,0.3044692560253656,0.16465819511665636,0.00011878577053646053,0.6320461468939094,0.29357906172912346,0.11061571714927229,0.08784976582549556,0.04395188595178988,0.028434240583910298,0.0208105661206995,0.00974501821397998
15,SH2D2A,brain_cerebellum,brain_cortex,0.4064661431634781,3.5951923978108633,0.337091436194607,0.01273186023172693,8.078914782052852e-05,0.46490934678094825,0.2651863145947745,0.09873139851405029,0.07754358854454764,0.0335621659566981,0.02161918581628364,0.01494582010971402,0.009532271442041959
15,SH2D2A,brain_cerebellum,brain_frontal_cortex_ba9,0.41732446281164587,3.975798537622965,0.33820556789897604,0.025663916232032964,7.906956205614186e-05,0.4863670577708589,0.25829377918131974,0.12019980638115993,0.08035632310798765,0.03473911380940634,0.023213524403154318,0.01572211940117742,0.0085479024350282
15,SH2D2A,brain_cerebellum,brain_hypothalamus,0.4098327125409666,4.103782616053707,0.45735856534368013,0.06748513437745163,8.255038776339256e-05,0.628664409100979,0.3871820762921675,0.13018928442880134,0.08632143763611669,0.04024147581815988,0.026239452247356843,0.019215128094195642,0.00922760774004882
15,SH2D2A,brain_cerebellum,brain_nucleus_accumbens_basal_ganglia,0.47144404731966727,3.96525559070468,0.4104389495873145,0.057912338588668955,8.425486012376999e-05,0.5396931946919263,0.2921003756739039,0.12376426923279527,0.07505866273777094,0.034153886143100644,0.02429578321942118,0.016204664324012,0.01074451911956888
15,SH2D2A,brain_cerebellum,brain_putamen_basal_ganglia,0.3766346978697604,4.441781844245007,0.2950162023452786,0.04382697996249604,7.577856000500375e-05,0.4595672510572365,0.30933251201760603,0.1341037223576424,0.06922043419856674,0.03689450921669998,0.02213836251803198,0.01529828497146322,0.0090937046315153
15,SH2D2A,brain_cerebellum,brain_spinal_cord_cervical_c-1,0.3554587248520578,4.479389164170197,0.27740829375467846,0.09409081435296283,0.00013596477284382965,0.4906752296830354,0.28972866336102715,0.1135926309097633,0.09111269666460094,0.03773313038369444,0.02433251528969678,0.0186702004266582,0.010167152346438061
15,SH2D2A,brain_cortex,brain_frontal_cortex_ba9,0.7772763857911109,2.3965927444156954,0.7934500054586779,0.019223945410108405,7.949059128594439e-05,0.8423319918786618,0.30822024270446374,0.11958456912633952,0.07893688123250352,0.03802786083415314,0.024140124253308463,0.015559548823546498,0.00885773979258828
15,SH2D2A,brain_cortex,brain_hypothalamus,0.37473664170234394,4.569486870616965,0.3553280987844305,0.03653170814847011,7.275614135152476e-05,0.5865208859131484,0.31128119999976317,0.12881585178240124,0.08464247025391172,0.04267161567040648,0.027616412168763343,0.01784546780273284,0.01037208017925316
15,SH2D2A,brain_cortex,brain_nucleus_accumbens_basal_ganglia,0.42313218040498785,4.363912131588359,0.33962429140199624,0.025176670810358875,4.578594839324913e-05,0.4211345326236412,0.27302687625542316,0.11808512016767754,0.06993225494820335,0.03451042502803756,0.025227761787928023,0.015769188097000002,0.0119775806393794
15,SH2D2A,brain_cortex,brain_putamen_basal_ganglia,0.3598565391217331,4.584054381592927,0.25234336187965656,0.023667150653265752,6.225104050289966e-05,0.38381126408438526,0.2971674607222966,0.125341490979244,0.06693252628684661,0.03462601953157306,0.02277663469737144,0.01631306139230938,0.00988134366788916
15,SH2D2A,brain_cortex,brain_spinal_cord_cervical_c-1,0.4046299372880677,4.303885583717438,0.3468986580116242,0.05309985029292846,9.241205047704408e-05,0.48857979507987953,0.3364529582363117,0.11972221282409687,0.08426159046653263,0.04025616877870166,0.02534835740604746,0.01787026181357062,0.01105866542641422
15,SH2D2A,brain_frontal_cortex_ba9,brain_hypothalamus,0.4592433094219251,4.263054581965122,0.41733409252580367,0.03988273763621834,5.3493372156680884e-05,0.7780135596953462,0.327165816697942,0.17990915962337115,0.08519879149457196,0.04643309532047214,0.0293464486673006,0.01942817955487158,0.0093080698560084
15,SH2D2A,brain_frontal_cortex_ba9,brain_nucleus_accumbens_basal_ganglia,0.5055472109663877,4.478804294979615,0.4665887588612425,0.018210917516528986,1.4323582148174672e-05,0.5820395297467609,0.26970629423327536,0.15894060970587046,0.07360898125390473,0.036639622505113864,0.026836774239181342,0.016359651662319542,0.010639746470094521
15,SH2D2A,brain_frontal_cortex_ba9,brain_putamen_basal_ganglia,0.44261757699398496,4.57384492285908,0.37682980308606184,0.0191114211743951,4.457623781021709e-05,0.5831793831169401,0.28987247675110056,0.18178944983236506,0.06870130921223049,0.0372393954174108,0.025437823406355597,0.01615475026024598,0.00906421514527484
15,SH2D2A,brain_frontal_cortex_ba9,brain_spinal_cord_cervical_c-1,0.5083494146559344,3.82563033705354,0.46331202888831013,0.11717238046965199,0.00011523055318988414,0.8266780690174038,0.2699919887623004,0.14023184036103714,0.08601043085446436,0.045273472860259324,0.02762122438180456,0.01899299521889428,0.01006542430768902
15,SH2D2A,brain_hypothalamus,brain_nucleus_accumbens_basal_ganglia,0.5073841108130364,4.084157382222414,0.4045788378616786,0.033946330733304296,7.992956739453392e-05,0.7787821687540198,0.3588637702801919,0.1796585379071703,0.0807747120533108,0.04376764831281602,0.030570194758613584,0.02113069750175238,0.01058497024138274
15,SH2D2A,brain_hypothalamus,brain_putamen_basal_ganglia,0.4179166030201918,4.188739588318532,0.40970686054473326,0.02332237597585628,8.012491544388017e-05,0.7522442052644012,0.36642428840574115,0.20087424691677205,0.07407382584410718,0.04609827469069698,0.028518962175565,0.018391555271004858,0.00953312759041002
15,SH2D2A,brain_hypothalamus,brain_spinal_cord_cervical_c-1,0.5120294939130818,3.0973183891173606,0.46679918624029415,0.035546224716563116,0.0001141454907586984,0.8447381139353374,0.3793497097318228,0.14371509328679727,0.09605865458188037,0.05130547240701746,0.03618369977025142,0.0243095854985368,0.010261564817994461
15,SH2D2A,brain_nucleus_accumbens_basal_ganglia,brain_putamen_basal_ganglia,0.5756862781582919,3.295724795162658,0.45699940502824943,0.023910103775400336,7.452169667113147e-05,0.7731150674765491,0.3116143844231963,0.1746740659473231,0.06875571639251486,0.03466606908288722,0.02744804387225936,0.01566158050123046,0.01103873525459422
15,SH2D2A,brain_nucleus_accumbens_basal_ganglia,brain_spinal_cord_cervical_c-1,0.4396930245608074,4.1636267681947485,0.38042357667438276,0.09679024107727699,0.00016477603228462427,0.7113524172730401,0.23346651739574914,0.12441353099370082,0.08032328602697529,0.0402274246626961,0.029089007680004282,0.02156740043720854,0.012112371535306778
15,SH2D2A,brain_putamen_basal_ganglia,brain_spinal_cord_cervical_c-1,0.38871344615665626,4.306248283378717,0.3352789696837616,0.06929587109607979,0.00017418983497981727,0.7473253057354664,0.22724192973496074,0.14610931352173284,0.0720359398008574,0.039953645092766624,0.02801432186323318,0.01848949708331856,0.010501042003127039
16,JAM2,brain_amygdala,brain_anterior_cingulate_cortex_ba24,0.6512790145648337,2.589008477924025,0.6527319726688855,0.07105404386621725,5.0959160352612025e-05,2.554289581378537,0.7418350270128672,0.4182531848308173,0.2387109658705807,0.13591345403028776,0.09172502385953593,0.04701487974456592,0.029283410186315924
16,JAM2,brain_amygdala,brain_caudate_basal_ganglia,0.5229761188262952,3.2281129781961875,0.42899638942490015,0.22036811983844262,9.286098758007145e-05,1.6550627956526882,0.7841389283940623,0.38838723282284515,0.22135993918485047,0.12073220935384728,0.07479190254644141,0.05025526019427432,0.0300124449461407
16,JAM2,brain_amygdala,brain_cerebellar_hemisphere,0.3968816321148677,3.196197955230603,0.4156996615799887,0.17511200290285883,8.839251842913682e-05,1.8234780084984936,0.5990844051230679,0.3349318510557667,0.18447729594685075,0.12291962917184285,0.07665787457493575,0.04495268023226024,0.02727778567346356
16,JAM2,brain_amygdala,brain_cerebellum,0.4394201464007632,3.501241891145194,0.48460837814987523,0.3167108974500843,0.000156919382285946,1.4132496773676084,0.71286165136502,0.39676925641520255,0.18329156654905865,0.11974157117168871,0.07716732683444665,0.041432502235318365,0.024903307976598222
16,JAM2,brain_amygdala,brain_cortex,0.5510256577872497,3.140282902071493,0.5325008442209118,0.16709807631385926,0.00011515180726501214,1.671958924670212,0.7087372042823672,0.36145009383257587,0.21880184146326806,0.12106614978258348,0.08376637916815072,0.04824435410566148,0.02657930942733968
16,JAM2,brain_amygdala,brain_frontal_cortex_ba9,0.5836392639571061,3.0322571963998484,0.5089870400128482,0.3327273516361977,0.00016692432402014,2.187636883778466,0.6774677879639637,0.41863854779163023,0.23793612028729813,0.13011078248978078,0.08197737218252482,0.05219851018249642,0.0293937995531127
16,JAM2,brain_amygdala,brain_hypothalamus,0.5395897172840132,3.059651131741,0.5418113341339765,0.11358312261880399,5.893680304693324e-05,2.2126009084528375,0.7550966409461285,0.4024052452089838,0.28061841075336,0.13622805803946786,0.09851159068370245,0.058486222891502106,0.03297110260674066
16,JAM2,brain_amygdala,brain_nucleus_accumbens_basal_ganglia,0.4992280584271713,3.2331842236293795,0.4811789279953874,0.07624445749724582,4.935092204228575e-05,1.7318765439423536,0.7291399370461299,0.41367945837297293,0.22617831506436784,0.12704603198525247,0.09362987379720612,0.048943922795030334,0.03082656998510656
16,JAM2,brain_amygdala,brain_putamen_basal_ganglia,0.5348342829705194,3.168861107408629,0.5342458113307019,0.12470638061324202,5.250899768998343e-05,1.8947838614334518,0.6800534832307014,0.4118637773781247,0.2230252880784341,0.11326599681903451,0.07975888107755802,0.058380436535012036,0.03078943465303128
16,JAM2,brain_amygdala,brain_spinal_cord_cervical_c-1,0.48006991587779435,3.4740060457558513,0.484005661465776,0.06824892233694412,4.3819215795787315e-05,1.6309331254662347,0.7378751129390766,0.422439387483191,0.2552760867506838,0.1400859048415096,0.09450219037544208,0.0514111253080346,0.035759147696389736
16,JAM2,brain_anterior_cingulate_cortex_ba24,brain_caudate_basal_ganglia,0.517192563759223,3.5044703425816706,0.3971788448193555,0.15655884470950696,6.685367175273106e-05,1.3251395586574068,0.6676891225790207,0.3568713866400834,0.20870455280343547,0.11200344742577191,0.07988585518280597,0.0437942542891841,0.0285209350999596
16,JAM2,brain_anterior_cingulate_cortex_ba24,brain_cerebellar_hemisphere,0.42314832020744186,3.2425574682288376,0.5165692235890234,0.10028711701495127,8.718232450331641e-05,1.4591858359437548,0.6664321660197915,0.348792779475157,0.1736564553880014,0.11649727555965521,0.07286421335283519,0.04418124596297318,0.024594305805500837
16,JAM2,brain_anterior_cingulate_cortex_ba24,brain_cerebellum,0.4947587918909866,3.339308730102907,0.589792232676856,0.18524906302467353,0.000158462795192079,1.3961926707241363,0.7575833552664759,0.40399509182616855,0.1673189742737998,0.11048637028213718,0.0775952504115827,0.0425657151304163,0.021405925498496858
16,JAM2,brain_anterior_cingulate_cortex_ba24,brain_cortex,0.7117717931654526,2.8702273166850825,0.8650927978220742,0.17170865536749505,0.0001399285958572929,1.883758070973498,0.7713421047855654,0.4131562597417878,0.21066901627963103,0.12167118976309452,0.07895025209300723,0.04708100612716352,0.02313541374722316
16,JAM2,brain_anterior_cingulate_cortex_ba24,brain_frontal_cortex_ba9,0.7679115156698131,2.56762057441773,0.7970261912900234,0.2747494326920667,0.00018045842561714,2.54817372469383,0.775000143232671,0.4486293843080034,0.2285813898641335,0.12893974984420678,0.08167612365264386,0.04965613508952826,0.025535271906551
16,JAM2,brain_anterior_cingulate_cortex_ba24,brain_hypothalamus,0.589814250030243,2.803011112538429,0.584965174108006,0.06598322157418646,6.253108588184024e-05,2.191604430176239,0.6799022020425676,0.43687944220991526,0.2529432110178581,0.12230937803603974,0.09818100920048342,0.051588205920019156,0.0298296512476613
16,JAM2,brain_anterior_cingulate_cortex_ba24,brain_nucleus_accumbens_basal_ganglia,0.5236451320120594,3.377271110619811,0.5604460172403809,0.0803741651571057,4.551288920129247e-05,1.5619940672279533,0.6269941470018693,0.42676442426185773,0.21255248435054802,0.12820985900807394,0.0843312187353266,0.04697609421813902,0.028587291580977198
16,JAM2,brain_anterior_cingulate_cortex_ba24,brain_putamen_basal_ganglia,0.5622641933977061,3.3271483769879113,0.5803759828982307,0.10099636918943158,5.304054701703425e-05,1.6390652601083606,0.6155816865195052,0.4091313059984202,0.21544503599374557,0.11761895290150326,0.08263750272726898,0.05041909106470418,0.028340352334745363
16,JAM2,brain_anterior_cingulate_cortex_ba24,brain_spinal_cord_cervical_c-1,0.5626816078480654,3.2107789049966784,0.6554231490874034,0.06632069941612644,5.2271402517523505e-05,1.7892298857564106,0.7088854703976416,0.38102735976457797,0.239946844063022,0.14133524082445734,0.09887217248855906,0.04464536435842628,0.032659292188342584
16,JAM2,brain_caudate_basal_ganglia,brain_cerebellar_hemisphere,0.38522682039476636,3.5336797936083912,0.43103451316506264,0.13097696405272058,5.518462779593814e-05,1.3178710214905227,0.5350725123725095,0.3553321386824049,0.16889632292090986,0.10767672352600122,0.06772555191705901,0.042236946664686525,0.025937604552209496
16,JAM2,brain_caudate_basal_ganglia,brain_cerebellum,0.4650058227063318,3.6762686169849785,0.4719939311828517,0.13618462321595096,8.479157301581653e-05,1.2323024043678292,0.6685390633241989,0.36791056928766086,0.1781270389836603,0.09836286042092283,0.0646582188015403,0.04315303750483218,0.02362496239597596
16,JAM2,brain_caudate_basal_ganglia,brain_cortex,0.6053020148503216,3.209384717185963,0.631667323926287,0.23798726949545168,0.00010776513437422772,1.5270999575654516,0.6841955180912642,0.32454937790265087,0.18592026003931736,0.10515242501376436,0.07480768648109037,0.04532808468715982,0.02606636490102568
16,JAM2,brain_caudate_basal_ganglia,brain_frontal_cortex_ba9,0.5531591313862213,3.3137603127634194,0.6391731912313634,0.08304019255874426,4.358777348966465e-05,1.625979174076564,0.6331532430662725,0.38131312516843446,0.2115917498574209,0.10687673236174863,0.07676315029593608,0.04746771615352426,0.02802258702743392
16,JAM2,brain_caudate_basal_ganglia,brain_hypothalamus,0.5570816283838712,3.1825205851443754,0.5026008374891537,0.19236055518204564,8.683999421993206e-05,1.911630511538786,0.7122542718823214,0.41364788662736773,0.22338172005804643,0.1204761515104266,0.08533316507867336,0.05081671612482582,0.03057547138999688
16,JAM2,brain_caudate_basal_ganglia,brain_nucleus_accumbens_basal_ganglia,0.5500978755210223,3.326781361562825,0.4547660746340535,0.12549768438393022,7.83112839950604e-05,1.4785016005666485,0.8092979305024691,0.4071285227998803,0.19592947231268418,0.11274507563236522,0.0823315111927593,0.04499735917311902,0.02954907163560966
16,JAM2,brain_caudate_basal_ganglia,brain_putamen_basal_ganglia,0.7537797464662138,2.6351918366568676,0.7737837188567542,0.06415937553492017,5.447762967794482e-05,2.2464825316295687,0.8668968726582204,0.42690623079702233,0.18960695168343483,0.10486646417787834,0.07478775393680094,0.05099050072547664,0.02789214588161528
16,JAM2,brain_caudate_basal_ganglia,brain_spinal_cord_cervical_c-1,0.5287532978082239,3.1934766165821804,0.4703950290611611,0.14708195019849166,8.712010691026458e-05,1.58562099002571,0.6449946347894085,0.39134329847487936,0.21077424897260771,0.11489290401493397,0.08567695216814789,0.04918449838933738,0.0320978690301109
16,JAM2,brain_cerebellar_hemisphere,brain_cerebellum,0.6405567172487325,2.4532793292248276,0.6027812723429042,0.16601833708137076,9.206621482122125e-05,2.822361849123278,1.17293656972481,0.35104015013805256,0.14141902868679587,0.11060660192380305,0.06704520804412943,0.0425439147237948,0.01903730826242914
16,JAM2,brain_cerebellar_hemisphere,brain_cortex,0.40999850981601105,3.566648486933809,0.558074199753647,0.15672349166702662,9.424901732065725e-05,1.2465004472513823,0.631586939851059,0.3640398993314594,0.15597522676660588,0.1097969884142082,0.0723467622961892,0.04460618181803216,0.02203224297484354
16,JAM2,brain_cerebellar_hemisphere,brain_frontal_cortex_ba9,0.4644945843699532,3.112294385857539,0.5341297672535694,0.1845195362479884,0.00012496051740619034,1.8343492433176962,0.6931440541997804,0.36534049708786254,0.17455111472738113,0.11385946166331544,0.07241427758138458,0.04853266345005104,0.023499726527048938
16,JAM2,brain_cerebellar_hemisphere,brain_hypothalamus,0.4480493354877181,3.090451089411013,0.40882328683645885,0.051175315195468994,3.6518262252853655e-05,1.9587973947642,0.6338188000383702,0.40424048144291624,0.1823900516444654,0.1268927887285824,0.0721517475693348,0.051037747038493286,0.027900090106180497
16,JAM2,brain_cerebellar_hemisphere,brain_nucleus_accumbens_basal_ganglia,0.3724209866683411,3.541317276201648,0.38544171618358675,0.07021359049248146,4.750732438256887e-05,1.3106780308384796,0.5504769686419493,0.37732686785877545,0.1814287001291689,0.11493214783700467,0.07585512336084323,0.042561561226903286,0.02531389542302106
16,JAM2,brain_cerebellar_hemisphere,brain_putamen_basal_ganglia,0.39414900217354465,3.371840704126882,0.3986665010327541,0.06414861332531531,3.31752160872991e-05,1.3532575133525924,0.5535011217583496,0.3675174418601093,0.1759366723900791,0.10180952618694175,0.06749951036966895,0.051269388581505204,0.02604021482851922
16,JAM2,brain_cerebellar_hemisphere,brain_spinal_cord_cervical_c-1,0.3819075864134427,3.469538707189021,0.47099943686927315,0.06524918042044794,4.9076829338783645e-05,1.2680608957870476,0.6573300771769077,0.34098118218066514,0.19174661703635304,0.11500746846331689,0.08112615479655803,0.04459611967973416,0.028749929932488517
16,JAM2,brain_cerebellum,brain_cortex,0.5247053722609704,3.520474080379902,0.5566374077680736,0.1565243177677021,7.752742842938774e-05,1.3284484814880533,0.7391534037803617,0.3983894378407745,0.15315267538758967,0.1029790515898906,0.07670318679523022,0.043041881474464645,0.02021478376324118
16,JAM2,brain_cerebellum,brain_frontal_cortex_ba9,0.4828338785515117,3.511623510549767,0.572940100952765,0.16915389319544322,0.00011024290582335977,1.3010409985374263,0.8606409401343538,0.39216785334224885,0.16761760469023185,0.10924285203944513,0.07370633179739594,0.04673169503466476,0.02163164566968934
16,JAM2,brain_cerebellum,brain_hypothalamus,0.5040761251993963,3.269102495507741,0.5147667119442766,0.18167989914176058,7.859203399371719e-05,1.7097739404237597,0.735592999731888,0.42845548342770334,0.1800530699876312,0.11712394219361517,0.07505362665022002,0.04764189207370716,0.02509068307869472
16,JAM2,brain_cerebellum,brain_nucleus_accumbens_basal_ganglia,0.47503785997236514,3.4373161009681197,0.4896353858951305,0.19553996787776837,0.00010783011365496542,1.4977122076769063,0.6802807079978856,0.4087450205843056,0.16546155250421735,0.10607395490136444,0.07544965434630971,0.043380095893746376,0.023140735698188603
16,JAM2,brain_cerebellum,brain_putamen_basal_ganglia,0.4673140739628536,3.442443146497106,0.5810835385762616,0.11707415921897521,7.456843090929103e-05,1.3038589871230961,0.7129882467355554,0.386226472149901,0.17229654818389772,0.09640741665586641,0.06792100267676338,0.04915221943698842,0.023896024849725743
16,JAM2,brain_cerebellum,brain_spinal_cord_cervical_c-1,0.43757113111899193,3.3927816472875434,0.5729901145190698,0.1556894441460393,8.456253149650463e-05,1.2949638121956204,0.6801583135187588,0.371913770331544,0.18703643379144877,0.11222392031560266,0.08014766935998012,0.045541647975889235,0.025549320002634563
16,JAM2,brain_cortex,brain_frontal_cortex_ba9,0.7828621111310458,2.5570626878187412,0.7772560886470211,0.11069792882926881,6.464848178000154e-05,2.3012135621228915,0.7708988622517918,0.426072213799442,0.20465269533332017,0.11940109097274272,0.07913686429888164,0.0491934832074834,0.0231904416117808
16,JAM2,brain_cortex,brain_hypothalamus,0.5526061778763793,3.0434375120186985,0.6105318356829532,0.1549908709207956,8.029727790154692e-05,1.769157448343544,0.6285987222621409,0.39829640946163813,0.21911281079638173,0.11816450334044674,0.09251577961672644,0.05234347852809386,0.026780197673463357
16,JAM2,brain_cortex,brain_nucleus_accumbens_basal_ganglia,0.5304721230510007,3.3628207640637435,0.5486359698043801,0.17672309001606834,0.00012217262647232495,1.4175229986643407,0.6717006810444771,0.32982329627597146,0.20025072089949408,0.11267210270827106,0.08240598439302942,0.04568170793717532,0.026607763096800678
16,JAM2,brain_cortex,brain_putamen_basal_ganglia,0.5725349190587246,3.405227684429687,0.6904358071433205,0.15606609499697038,0.00010333589781678577,1.3950372741793788,0.6664983484202109,0.35632665518371087,0.20002912130393852,0.10496248521654575,0.07925387757321589,0.05025935240589692,0.026376730062584543
16,JAM2,brain_cortex,brain_spinal_cord_cervical_c-1,0.5937983924760203,2.989559395922229,0.6380425569706955,0.11693954430234912,5.709879286092335e-05,1.7131602197260822,0.6869411363430797,0.3539297566750993,0.2139858685868818,0.12299157823289053,0.09551000411892421,0.04459408102998066,0.0293283581373672
16,JAM2,brain_frontal_cortex_ba9,brain_hypothalamus,0.5587036362474515,2.9743388588208193,0.5443124612740726,0.18868132662824313,7.435610042185424e-05,2.0117055705492257,0.6418676766172325,0.4742050172556117,0.25034907508836535,0.12436086660443246,0.09156281445283851,0.05598314312777074,0.029816809088426082
16,JAM2,brain_frontal_cortex_ba9,brain_nucleus_accumbens_basal_ganglia,0.4801258090897658,3.6052544693828006,0.41936658645051106,0.18637670858183464,9.700493151723224e-05,1.403293086733673,0.609843553527154,0.4056874749803311,0.21635950300087597,0.12139401978306716,0.08469162937554722,0.0477991406945442,0.02861271065514146
16,JAM2,brain_frontal_cortex_ba9,brain_putamen_basal_ganglia,0.5480337122801829,3.4109703430584437,0.6441228399596236,0.12093069258484532,8.299367734454651e-05,1.6036955996869764,0.61889749412087,0.4104279887872589,0.22320926566463956,0.10957237693771196,0.08163233828546854,0.05346984710067306,0.02836978149049186
16,JAM2,brain_frontal_cortex_ba9,brain_spinal_cord_cervical_c-1,0.557118867523968,3.061495657694576,0.5564083314628195,0.15417384773358392,7.176598049631881e-05,1.813056332136231,0.6809354672245396,0.3915618328282767,0.23373363004728046,0.1385533510036922,0.0900655247604152,0.048114000554074596,0.03209092201888486
16,JAM2,brain_hypothalamus,brain_nucleus_accumbens_basal_ganglia,0.5592911011105957,3.0381785786742723,0.6570479279143598,0.04780993164883864,3.0398589447928465e-05,2.0303826714815716,0.7627335055194223,0.4819518707678559,0.2532333869785345,0.13161096339048864,0.09085572870338261,0.05325348816923746,0.03166602707440834
16,JAM2,brain_hypothalamus,brain_putamen_basal_ganglia,0.5538672822295944,3.098088925338108,0.5305200697958266,0.10523311050557152,6.23026736162954e-05,1.9160003076863172,0.6869134750076172,0.43375115049345486,0.23259870562637985,0.11819751658401181,0.0841124101140728,0.0631192991366182,0.0314854985191902
16,JAM2,brain_hypothalamus,brain_spinal_cord_cervical_c-1,0.526549913003022,3.310730096813785,0.5190934348747765,0.05164091564919514,3.878871301191307e-05,1.8822842928552528,0.7423666146620834,0.41391060841420957,0.2797003751838639,0.13351211295695325,0.10445088929884014,0.051739118084574584,0.0378226215617069
16,JAM2,brain_nucleus_accumbens_basal_ganglia,brain_putamen_basal_ganglia,0.5675845136285222,3.26490394783819,0.46882184490027273,0.05542484346674335,4.750982255951653e-05,1.6018679919940708,0.8112784025290077,0.4105937292754529,0.1957028012298815,0.11126379639593487,0.08003470413042728,0.05160828432579756,0.030087138914678957
16,JAM2,brain_nucleus_accumbens_basal_ganglia,brain_spinal_cord_cervical_c-1,0.5329545638258575,3.0965890238948086,0.4362960273502937,0.03753126178689868,3.8013406834208646e-05,1.7642493702210313,0.6647140072293289,0.40728854712899587,0.2198736382919722,0.12741692287414158,0.09928460851439465,0.04730893382145806,0.034756668669611517
16,JAM2,brain_putamen_basal_ganglia,brain_spinal_cord_cervical_c-1,0.5642112570612446,3.1705114016023117,0.60233044962671,0.07036973062388291,5.1120212759314925e-05,1.7698906866802944,0.6900247843551266,0.39422468435186786,0.23405300364966894,0.11359173248511109,0.08881253931447239,0.0532981397832488,0.032686820978757206
16,SH2D2A,brain_amygdala,brain_anterior_cingulate_cortex_ba24,0.7109311605823114,3.5451659099541315,0.7120429470693368,0.1573485054906291,5.556994728006354e-05,1.6064668167204819,0.7546924105862987,0.4006465912896108,0.26222284546891506,0.17079691742252137,0.1127895220361417,0.06519399313396312,0.052383547511429616
16,SH2D2A,brain_amygdala,brain_caudate_basal_ganglia,0.6076005917757688,3.610149937179371,0.6879571368058058,0.14665833769679198,6.129996624307134e-05,2.0472612448919323,0.8557205309491105,0.426799717328072,0.28767483631128615,0.16993417384344905,0.13771181529980905,0.08779806054530281,0.06381572040254802
16,SH2D2A,brain_amygdala,brain_cerebellar_hemisphere,0.49166530237399486,4.423085674194692,0.5882756286277889,0.21062080559236737,4.799568594906542e-05,1.0237995659510828,0.47286913734032615,0.394632447885916,0.26123765921597736,0.1525552570842375,0.09540936746436805,0.06001686786077366,0.04784218788659385
16,SH2D2A,brain_amygdala,brain_cerebellum,0.4617293918792214,4.28994971091246,0.4945012988491976,0.2189145154419086,4.08034181196665e-05,1.1459202303190938,0.560187641620803,0.3925061355910873,0.23920717013126228,0.1475740138087384,0.10691546379317933,0.06345755227848839,0.0475913666522357
16,SH2D2A,brain_amygdala,brain_cortex,0.554403587044254,3.9757125548320262,0.5849490124242968,0.21397560197945326,4.798384853663174e-05,1.2662270875742128,0.6381956831803252,0.41332728375443895,0.24461159214586478,0.16432006619417314,0.11622310239792015,0.08042139317281272,0.054180647087754844
16,SH2D2A,brain_amygdala,brain_frontal_cortex_ba9,0.5851474164377362,4.208895894712937,0.6622909626742981,0.14975438485465237,3.8117854490160325e-05,1.103473360132576,0.6072384681141856,0.4007901547664045,0.25320116142900984,0.15812348686646502,0.12054617096853237,0.07299416409742557,0.04602807407908664
16,SH2D2A,brain_amygdala,brain_hypothalamus,0.6715471358891136,3.6080483064322655,0.660879673768697,0.25204923446625804,3.6695053724856466e-05,1.985681194117913,0.8878879705398752,0.4961273824931595,0.3360189905184141,0.20590189756617955,0.1299633882096919,0.09315732585139312,0.06500627011300189
16,SH2D2A,brain_amygdala,brain_nucleus_accumbens_basal_ganglia,0.6438852743695135,3.4433819859696557,0.6747179720343098,0.10071517998521742,4.0515569829617134e-05,2.2311438165373736,0.7603123340033568,0.48490425178656354,0.3030390837389462,0.19165314589304291,0.1384094993847767,0.09305546852978244,0.06402113566931536
16,SH2D2A,brain_amygdala,brain_putamen_basal_ganglia,0.5354138906677889,3.6822718094349627,0.5804504413313125,0.22276317063545514,9.260803876594e-05,1.7931928647703017,0.6914962400179813,0.40463582198791104,0.2591744353778368,0.15443224921983695,0.12432760151506117,0.07440611435297986,0.050216836374418664
16,SH2D2A,brain_amygdala,brain_spinal_cord_cervical_c-1,0.548859146091343,3.881038504525823,0.6037289963128527,0.36975980762553295,0.0001358624310651,1.6482243615876058,0.8310050231014412,0.4935697264842876,0.29559729564630677,0.1881776186515707,0.13972977494409,0.07938708335371955,0.06309415306338838
16,SH2D2A,brain_anterior_cingulate_cortex_ba24,brain_caudate_basal_ganglia,0.5880395170035561,3.743095283930031,0.5030971653540204,0.22767851053164234,8.415195868201856e-05,1.511926724322762,0.5817512251388685,0.3659993022035668,0.24458251772227801,0.16827746827374152,0.11133631309103312,0.07128074435531107,0.05731464610827928
16,SH2D2A,brain_anterior_cingulate_cortex_ba24,brain_cerebellar_hemisphere,0.5815386726308058,4.133513946721793,0.6292477171873021,0.12086869461591329,4.315785413554084e-05,0.9687912749744498,0.4079689802351494,0.3473120275865461,0.21764880560523886,0.15052408039392412,0.08844876136961644,0.05381485906715207,0.042660299705654096
16,SH2D2A,brain_anterior_cingulate_cortex_ba24,brain_cerebellum,0.5390335116264799,3.921832242314602,0.5573403840586039,0.09907203161599676,4.193602926367273e-05,1.10848781026614,0.46871006207831173,0.3244641429233342,0.20586068040918928,0.15540495180931835,0.10300336006280249,0.05563605271379004,0.04086092654312466
16,SH2D2A,brain_anterior_cingulate_cortex_ba24,brain_cortex,0.7516821342288689,3.364574117936185,0.7524192246009893,0.16218410645575382,6.909858142091836e-05,1.5817845281981413,0.5461379736682719,0.4023624612260398,0.2142535370339525,0.15097039327628092,0.10698705700442815,0.06259235493857998,0.04852347554333174
16,SH2D2A,brain_anterior_cingulate_cortex_ba24,brain_frontal_cortex_ba9,0.8234655837135536,3.5658913141263526,0.8525159134676115,0.08684516717212683,2.426559537939983e-05,1.4544545523699155,0.5371310251670854,0.4225287258581905,0.22095625564933274,0.15312395575507512,0.10258700659050446,0.06121627710103006,0.0429617238953322
16,SH2D2A,brain_anterior_cingulate_cortex_ba24,brain_hypothalamus,0.7082881088837327,3.6168882590522307,0.7167009597929695,0.5029081806929818,8.738655544459769e-05,1.7427800166159764,0.6491537446919127,0.40024587030504666,0.28240214177341166,0.18977479854265547,0.11425075682071661,0.06975927253118461,0.058940184914494466
16,SH2D2A,brain_anterior_cingulate_cortex_ba24,brain_nucleus_accumbens_basal_ganglia,0.6466759648768583,3.5971691169424567,0.6282660498996843,0.15528824386170723,3.883892478295465e-05,1.7558640501272151,0.5928435240685632,0.40808604104936846,0.2701658794337836,0.1645465832299501,0.11680519213170082,0.07198919951778329,0.058932225887492494
16,SH2D2A,brain_anterior_cingulate_cortex_ba24,brain_putamen_basal_ganglia,0.5465405936556212,3.758319214071645,0.4948683360437789,0.2870682834370329,0.00011948820343977455,1.480695784712087,0.5181652157145746,0.3548374923002702,0.23828202609249086,0.14373255126183665,0.1036982896395775,0.06922953957950946,0.04485033651909452
16,SH2D2A,brain_anterior_cingulate_cortex_ba24,brain_spinal_cord_cervical_c-1,0.6066430549028027,3.6135016892333978,0.6117278122028371,0.6036979647404023,0.00013292438798104,1.791391739017519,0.6134639224211513,0.3888708176864378,0.25988241538607865,0.17299494913934718,0.12303561305326989,0.0693555441510135,0.054970428608225444
16,SH2D2A,brain_caudate_basal_ganglia,brain_cerebellar_hemisphere,0.48292298497085684,4.026841325293853,0.4064429510826814,0.31231180716061463,9.329428199482119e-05,1.235289019318205,0.4701502189320898,0.3731428315766877,0.26258208765361946,0.1539092930547011,0.08538098206948823,0.06343508576333232,0.05232333361365932
16,SH2D2A,brain_caudate_basal_ganglia,brain_cerebellum,0.4787128137747773,3.8447985718301707,0.4100651187702037,0.1726804742433737,6.244202560659398e-05,1.3752147837353341,0.5620307891711198,0.34561414891548,0.24494843769441266,0.1541782758696446,0.09878707245327294,0.07077387439325632,0.052284252154799905
16,SH2D2A,brain_caudate_basal_ganglia,brain_cortex,0.5201009669550569,3.8730098589888784,0.5594230002921528,0.09891669435411685,3.7887308150303775e-05,1.2482478439076865,0.5880448374479756,0.3786196951625168,0.24493530514394127,0.17856243767148605,0.10841131597856343,0.08421768956827373,0.0606274431414799
16,SH2D2A,brain_caudate_basal_ganglia,brain_frontal_cortex_ba9,0.5646106510007154,3.9019483604490204,0.5054585187716869,0.10518469745421397,6.700227455990706e-05,1.2890746663097896,0.5465088233404641,0.3752943065930041,0.24553159878059386,0.17461364751840922,0.10890267418327122,0.07608322352550324,0.05143559141193722
16,SH2D2A,brain_caudate_basal_ganglia,brain_hypothalamus,0.6570971846541699,3.5355924585643193,0.7231451208731784,0.21005122086530426,5.2794812664301775e-05,1.96632060473349,0.9458842448333435,0.44832599759275543,0.35305609869736,0.2039628599009637,0.12582667393177943,0.09787622468169038,0.07360928505432271
16,SH2D2A,brain_caudate_basal_ganglia,brain_nucleus_accumbens_basal_ganglia,0.713623225331095,2.6316900878763354,0.7187357843855062,0.1550690171795542,5.077307717064059e-05,2.58909961821445,0.7992060623386068,0.430742137167195,0.29050912696071973,0.1975435205968072,0.12694539077015565,0.100828499266469,0.07336550235718389
16,SH2D2A,brain_caudate_basal_ganglia,brain_putamen_basal_ganglia,0.8347265214163511,2.145906198187132,0.8155274957403602,0.09467926060832813,3.488267702588396e-05,3.3875446903853588,0.6805304967608798,0.358379973911766,0.2897141016639767,0.15540787495335698,0.1168642194347457,0.08570618356194533,0.051649524472763865
16,SH2D2A,brain_caudate_basal_ganglia,brain_spinal_cord_cervical_c-1,0.5432287800026253,3.5642559307637733,0.5874114843364918,0.27842437510553564,0.00012996235891256,1.7306285276711488,0.7653049928486897,0.43508282555215627,0.2892077783677306,0.21326048373091694,0.12675594766655834,0.08788142928512241,0.0682668340431027
16,SH2D2A,brain_cerebellar_hemisphere,brain_cerebellum,0.7054634851821271,3.1459587388074945,0.7382057512649434,0.22805605596990355,9.713231776373326e-05,1.7116533688645454,0.6518986797545009,0.35703904683932,0.22507619728419162,0.13655985685903685,0.07636242467469459,0.04984865834323976,0.03765061520675718
16,SH2D2A,brain_cerebellar_hemisphere,brain_cortex,0.5371849595000957,3.997717836768298,0.5870093207806877,0.22523746703847758,8.433174618029231e-05,1.023766500881493,0.43635915529932656,0.3101305350872169,0.2351755617997499,0.14212386665543503,0.0898051721360997,0.05711351244496522,0.0447908925127931
16,SH2D2A,brain_cerebellar_hemisphere,brain_frontal_cortex_ba9,0.5679366450284602,4.3684480022185905,0.5148648436029408,0.1643558342659055,4.205587724428365e-05,0.9041110201401231,0.4566711416019749,0.31461042109964,0.2282141313522396,0.1482906672992807,0.08515671088457476,0.05493483536193411,0.03980776417257586
16,SH2D2A,brain_cerebellar_hemisphere,brain_hypothalamus,0.5334864498816095,4.264229010792283,0.5081775668632865,0.49934055273032707,7.941993359342e-05,1.1762554979458193,0.5518531693723439,0.43542496994616264,0.28084431290765355,0.14683908700873033,0.09678403308218123,0.06608268239944984,0.052186277638347156
16,SH2D2A,brain_cerebellar_hemisphere,brain_nucleus_accumbens_basal_ganglia,0.4606784219265599,4.264033808569055,0.5100237975915404,0.2550472912307458,6.648403617368275e-05,1.0650720626044574,0.4905015814472974,0.38839788982246776,0.2650613439667159,0.16256365114436117,0.09404791263051804,0.06583599890216449,0.0516190794881885
16,SH2D2A,brain_cerebellar_hemisphere,brain_putamen_basal_ganglia,0.4278583812361682,4.326341671475525,0.3506297188604145,0.3645613046380117,0.00011916427225842644,0.9183652661342958,0.5090162716563602,0.3547509173081571,0.24071327223867706,0.14074882122473334,0.08253013702861274,0.06105253834795682,0.039846647872282634
16,SH2D2A,brain_cerebellar_hemisphere,brain_spinal_cord_cervical_c-1,0.47695188782391745,4.1184756028135805,0.48547379875714347,0.44911286771653486,0.00016945938531104,1.1291933839945254,0.5903051413472962,0.40274727050557874,0.2392885489471749,0.15730170907932778,0.09275085462539534,0.06408081017253334,0.04706624129408458
16,SH2D2A,brain_cerebellum,brain_cortex,0.5502746636024705,3.748451958975931,0.5768433870347994,0.12647006075569428,3.058750855248661e-05,1.400146219472657,0.5543602529105048,0.3283489846326669,0.24551358357070266,0.14836395592689317,0.09487952865060298,0.05840847615908888,0.04346489009425096
16,SH2D2A,brain_cerebellum,brain_frontal_cortex_ba9,0.5371076462733865,4.209025285457315,0.5207699653471265,0.15563611263173532,1.9767155793063125e-05,0.9837033311058592,0.5262876496185233,0.3091142639434733,0.23233170273062648,0.1496348556928065,0.09311680119297741,0.053967416721215175,0.039565284180806036
16,SH2D2A,brain_cerebellum,brain_hypothalamus,0.536881118312191,3.8866607863241134,0.5247264208078886,0.3646689652529358,0.00010180941431407156,1.6032741414982652,0.5920197422362126,0.3998922066064295,0.2722455939489586,0.17370987356580864,0.09914905843901353,0.06635073677277178,0.054246847378868104
16,SH2D2A,brain_cerebellum,brain_nucleus_accumbens_basal_ganglia,0.475690897995446,3.7311639570812822,0.4674330577462206,0.215692010404661,6.819456019128657e-05,1.41344117854021,0.5225423802493238,0.3805795025347886,0.25862661977558143,0.16501428675430124,0.10068039442834728,0.07390675550083933,0.0515297631516672
16,SH2D2A,brain_cerebellum,brain_putamen_basal_ganglia,0.44093782601103293,3.854940627030902,0.4600497821680829,0.11546706962100198,9.683761097384599e-05,1.1997713332339255,0.4829963464516836,0.3362344091353303,0.2404717340012433,0.13281945644837434,0.09463742660802339,0.06732142955734524,0.03928309152791244
16,SH2D2A,brain_cerebellum,brain_spinal_cord_cervical_c-1,0.4812147118537203,3.7126674233702666,0.4985182375135711,0.3110278057867438,0.00014425383502176002,1.528246553729086,0.5475926800713696,0.3756550443840596,0.27507676997168895,0.1626465737276797,0.09811623190362403,0.06769556670559602,0.0477357541318964
16,SH2D2A,brain_cortex,brain_frontal_cortex_ba9,0.8081002697649371,3.393330964769413,0.7328827951379628,0.059601810345402,4.957606203092259e-05,1.5461645201263123,0.7284069133473833,0.37718839733508835,0.2355755030479621,0.16391843190640296,0.09407335028522502,0.06943023011865271,0.04288543152784508
16,SH2D2A,brain_cortex,brain_hypothalamus,0.6300925101921333,3.8884679983674473,0.6412541483198874,0.2560341202676506,9.52561924765e-05,1.662763725590183,0.7027722515179555,0.43280384386096565,0.2741463157374745,0.19942755916769828,0.10899002590796433,0.08447969392165593,0.060911373189994
16,SH2D2A,brain_cortex,brain_nucleus_accumbens_basal_ganglia,0.5492062892532773,3.622774352485925,0.5763645083197434,0.15893854465339874,4.826955260726628e-05,1.49549100631631,0.5238969961884582,0.39369148837352685,0.26620139760647626,0.18985880635758204,0.10787585996847412,0.08578104092635346,0.06275508765517199
16,SH2D2A,brain_cortex,brain_putamen_basal_ganglia,0.47421986416038386,3.7857358797164253,0.5117566944945889,0.17769242379176375,6.258656991642209e-05,1.2805965577375817,0.4787221641070124,0.38362406571211044,0.22485802774870822,0.15404817986102887,0.10047002237087824,0.07353306630936621,0.048315765502840724
16,SH2D2A,brain_cortex,brain_spinal_cord_cervical_c-1,0.559180766093141,3.7257492668780365,0.5467388813745186,0.3745943564868751,0.00013777383864221524,1.8854798149825567,0.5717915738121053,0.42025111492030265,0.2609660332984166,0.20167346945269643,0.11224188922872846,0.0699589350585486,0.061692399323872896
16,SH2D2A,brain_frontal_cortex_ba9,brain_hypothalamus,0.6818924273648654,3.8421102588424487,0.7116957240259791,0.27430571847184176,7.943364032243999e-05,1.5522068162865583,0.6526997441202358,0.40221081022467003,0.2942885161760182,0.1710663308338512,0.11753576238242873,0.07923970044553824,0.05134293434718684
16,SH2D2A,brain_frontal_cortex_ba9,brain_nucleus_accumbens_basal_ganglia,0.5654320332996057,3.9815810239213327,0.6124164979132392,0.10128020969297061,4.4680228655838186e-05,1.2781605943066898,0.5268993844844941,0.37658732734158107,0.26843937553804675,0.1875119863533446,0.10972790463135354,0.07840955638867461,0.05222815269933763
16,SH2D2A,brain_frontal_cortex_ba9,brain_putamen_basal_ganglia,0.5374890925751639,3.7588625692058124,0.45297431037884,0.2366824128983692,0.00010564533247356002,1.373118223197243,0.5162664772154864,0.3639132704556118,0.23964355955425246,0.14577555058116015,0.09918348886954066,0.06704381179905652,0.044667585503949
16,SH2D2A,brain_frontal_cortex_ba9,brain_spinal_cord_cervical_c-1,0.6257184342400246,3.4718265817856304,0.5900058781281476,0.5197573962785139,0.00012570157828442,1.86618454183871,0.5506020253887575,0.37311633543716394,0.27041319410835296,0.2030403769611607,0.1166335838086453,0.06552342782551394,0.0519223530309744
16,SH2D2A,brain_hypothalamus,brain_nucleus_accumbens_basal_ganglia,0.6434806612165704,3.5664107793398094,0.706101978386946,0.451964850219056,7.429806151132441e-05,2.0897275474946437,0.7122282251915623,0.5142501446594454,0.3544471351182093,0.19281630521528959,0.13466710841559315,0.10429219891954733,0.07766745619313978
16,SH2D2A,brain_hypothalamus,brain_putamen_basal_ganglia,0.5887773278606167,3.4759759607198815,0.6114734866225349,0.2087509471132405,6.413476483723675e-05,1.9815881869019158,0.6340660539201722,0.41085685833044694,0.3496507277077655,0.15985128092370884,0.10911577445139375,0.08450921103225946,0.057499170823285164
16,SH2D2A,brain_hypothalamus,brain_spinal_cord_cervical_c-1,0.676360580505573,3.3627294048072605,0.7058407850780986,0.20689688193143074,0.0001599097828496086,2.2671200159397182,0.8970607860765997,0.46744611858943497,0.39045578412690785,0.21517416236353934,0.13075025174506233,0.08912443904669219,0.07024356468358217
16,SH2D2A,brain_nucleus_accumbens_basal_ganglia,brain_putamen_basal_ganglia,0.6502643310282996,2.5389991491165036,0.6328683563569456,0.22548357762563973,9.133530463790001e-05,2.498664902666923,0.6703166876410454,0.36991387858547353,0.30473934915680234,0.16563404299204026,0.11511524376370348,0.09076923145859976,0.052096623917672856
16,SH2D2A,brain_nucleus_accumbens_basal_ganglia,brain_spinal_cord_cervical_c-1,0.558078397988629,3.632234427317697,0.5585757161376692,0.5671574164731719,0.00014434472995386002,1.9669632646529152,0.7304280117808571,0.4763205862811509,0.31945814477981926,0.20646147252878536,0.12444880698898027,0.09560035045438306,0.07113652742979056
16,SH2D2A,brain_putamen_basal_ganglia,brain_spinal_cord_cervical_c-1,0.5033299818560079,3.522271596030093,0.6061231581449474,0.2204643451978292,0.00012612800108506,1.7126918841115057,0.7188055662711637,0.34980684841832954,0.28769198449880157,0.18038629512016544,0.11247694926522862,0.08879901663705778,0.049464386976773876
17,JAM2,brain_amygdala,brain_anterior_cingulate_cortex_ba24,0.47092902327005304,3.0782725447525463,0.6426761755249911,0.02071390946832918,0.00013199268396973468,1.2135440505224584,0.39470007763602655,0.21771537739745966,0.15408946474255072,0.10368086905172998,0.06841694571110433,0.04635331071430056,0.0280833798328884
17,JAM2,brain_amygdala,brain_caudate_basal_ganglia,0.26073399617281273,4.026310803599784,0.19300686948528456,0.07923263875813356,0.0001067851482256066,0.729558331861123,0.2621163492277548,0.1784739749094654,0.12576182150700257,0.10422864182910305,0.06931438028938813,0.046591125007683996,0.03089739678781378
17,JAM2,brain_amygdala,brain_cerebellar_hemisphere,0.25125934847624765,3.944420734664893,0.20675110946392064,0.05751332545409675,9.011082026841526e-05,0.5472414773848309,0.26273997212856287,0.1955806698610541,0.09930750653238227,0.08137576063767613,0.062462794947834896,0.045090785317111214,0.02485597885205802
17,JAM2,brain_amygdala,brain_cerebellum,0.258022284810748,4.1539434484387305,0.23957022896970956,0.12559054857286045,0.0001661082625948831,0.7174381184888704,0.26802295950810695,0.16108174524154278,0.12294595340890906,0.07723656025899223,0.05876632441259866,0.0415324945006406,0.029150858788023336
17,JAM2,brain_amygdala,brain_cortex,0.34916263848027995,4.1304659901604,0.2872065497093299,0.07697945748172177,0.0001147320665756908,0.8619431130190318,0.2791213245581844,0.18269329113323865,0.12972990711688748,0.08933730860722267,0.05876723902306622,0.0389720013716867,0.02697612561369192
17,JAM2,brain_amygdala,brain_frontal_cortex_ba9,0.342835576467471,4.255129199978298,0.2665531151912064,0.06712719588356239,0.00019439777313298923,0.7080869352752853,0.33211727621614673,0.1959767985838174,0.13860988106767627,0.09217608147094668,0.0681230131699947,0.039943183660556,0.026899780188523743
17,JAM2,brain_amygdala,brain_hypothalamus,0.42493926744556526,3.0181401545604287,0.4115819803504824,0.055692293878005006,8.955926283083925e-05,1.2673586870295146,0.26297503149608004,0.19635352587575114,0.13917504107110923,0.10288089931940206,0.06580708232818584,0.04740355422656994,0.03394546112655562
17,JAM2,brain_amygdala,brain_nucleus_accumbens_basal_ganglia,0.357930979925644,3.6103309973486297,0.30360462725214227,0.018919319908430203,5.8303319980175264e-05,0.8426182240565396,0.28130477467374737,0.17529572289669218,0.13911493835292454,0.09644444297069732,0.06803914007058204,0.04686803698092062,0.030409884360398043
17,JAM2,brain_amygdala,brain_putamen_basal_ganglia,0.2809766256829236,3.940011201346562,0.29220389801626945,0.04851793820025726,7.995918048935477e-05,0.7583709016508504,0.23862511581719628,0.182851387923498,0.13032588317755991,0.09077091917532831,0.06982025956200602,0.04432549361674512,0.02929205633222202
17,JAM2,brain_amygdala,brain_spinal_cord_cervical_c-1,0.35913022789148635,3.6829609395557634,0.27155540033673065,0.07496322326402545,7.582369393193502e-05,1.0979810410346,0.3238441213262655,0.21724505576243153,0.14354048140710252,0.09852531689992791,0.07015414659791055,0.05351371096028438,0.03138932998532426
17,JAM2,brain_anterior_cingulate_cortex_ba24,brain_caudate_basal_ganglia,0.28315192304451753,4.870928402985442,0.2276676990782387,0.08802157352682269,0.00014101069140402058,0.6662978709133022,0.29522960274706994,0.19081295798028233,0.1218957638439235,0.10215230181450134,0.07408389244642741,0.0475885957134915,0.0332905808936567
17,JAM2,brain_anterior_cingulate_cortex_ba24,brain_cerebellar_hemisphere,0.2693765402406372,4.06368324938716,0.20900007813273297,0.05862512686345328,0.00013647728783903768,0.5242932903967341,0.2805540646577043,0.17679820818227404,0.1098345621314815,0.08737532410916513,0.06320267460520723,0.04337834463769008,0.02580842591131906
17,JAM2,brain_anterior_cingulate_cortex_ba24,brain_cerebellum,0.2885135974142226,3.885604139933643,0.26508324194536825,0.09305056211297603,0.0001784002387218166,0.6027569614638697,0.26556933911124686,0.1929561001993009,0.12007862457321132,0.07664397520587883,0.06072211476664267,0.04108155523825236,0.02986168009643946
17,JAM2,brain_anterior_cingulate_cortex_ba24,brain_cortex,0.557984583512911,3.0438386936370705,0.6027867826688315,0.08925217381476264,0.00022130218132479675,1.281615457299027,0.39613456788453655,0.24289175448771347,0.12214570259068665,0.08333261815503416,0.062277434331479864,0.03869195257667974,0.02601987638088356
17,JAM2,brain_anterior_cingulate_cortex_ba24,brain_frontal_cortex_ba9,0.643720732990723,2.810358833570139,0.61657526219428,0.1357428102988525,0.00039182796541892273,1.389185169261002,0.5289930130030143,0.20246834033893282,0.1444569784055627,0.09161203353380808,0.07142733299128666,0.03923349636876196,0.02638632059623986
17,JAM2,brain_anterior_cingulate_cortex_ba24,brain_hypothalamus,0.4141882491189931,3.6333109169568245,0.4873516276528978,0.0553968206469835,9.042705819945356e-05,0.995745571823028,0.2757398609395091,0.20392238945189556,0.13519493717502748,0.0993832469899031,0.06914941602028993,0.048096857150530845,0.03506239139221172
17,JAM2,brain_anterior_cingulate_cortex_ba24,brain_nucleus_accumbens_basal_ganglia,0.3969152183289989,4.12084050930371,0.53550016036945,0.0166539757694873,7.845654209104216e-05,0.8421374600613574,0.3198084386477133,0.19807458318473053,0.12514660663178984,0.09411903823727624,0.07476827382493584,0.0486233638414876,0.0299140304509747
17,JAM2,brain_anterior_cingulate_cortex_ba24,brain_putamen_basal_ganglia,0.31411099257485275,4.398458322502039,0.3658781401021091,0.05914975526216966,0.00011386375818378267,0.7507459417585228,0.23412761365515258,0.20320671536266105,0.13145831338035135,0.09377501852156532,0.07243457623628756,0.04513624893551828,0.030519195600513038
17,JAM2,brain_anterior_cingulate_cortex_ba24,brain_spinal_cord_cervical_c-1,0.3457894274143805,4.104619764536396,0.4252924524396088,0.07001468825282971,0.00011034737358235494,0.9192783486043075,0.3213838239508867,0.2067596547976188,0.1487683178475571,0.10197091652230741,0.07751225501744864,0.051826171088771,0.03250170216144962
17,JAM2,brain_caudate_basal_ganglia,brain_cerebellar_hemisphere,0.2009229327484888,5.03589309862822,0.1973856623972118,0.04363032342785722,7.122075629047503e-05,0.6371633965597262,0.23317799908989834,0.1623792412897922,0.10449262465591472,0.0834007426287591,0.06620697266594741,0.04350751291525708,0.02754811657255808
17,JAM2,brain_caudate_basal_ganglia,brain_cerebellum,0.2202301136181702,4.738174812923222,0.27531627840629563,0.04537788267741058,0.00011628103228476035,0.7264604547304356,0.23120981479308375,0.1561138186646205,0.11018478937549733,0.08018228322896478,0.06648840617404382,0.040224496084998465,0.0303557756622459
17,JAM2,brain_caudate_basal_ganglia,brain_cortex,0.31596960098383475,4.149771121925539,0.3537806425186132,0.07313253847529436,0.00011302794426959704,0.6958903181588568,0.2542013475263724,0.1861428526528862,0.10906010901789376,0.08943288884998628,0.061555627140294424,0.03695274858352886,0.029395441162513043
17,JAM2,brain_caudate_basal_ganglia,brain_frontal_cortex_ba9,0.3073468065850981,4.597550260705446,0.2967918777626736,0.02630743357831452,0.00011177582325008508,0.7138217283302921,0.2851030406565298,0.17325568301239583,0.12101395154920591,0.09130591690156976,0.06923494572181084,0.0408831643734021,0.029819756944142923
17,JAM2,brain_caudate_basal_ganglia,brain_hypothalamus,0.313502279537596,4.172639241718693,0.2783331852125912,0.06465283873328685,8.922725056082661e-05,0.8698211800455976,0.2695554703526215,0.19596055789058825,0.1265403935388576,0.09746106878030139,0.0707089944822865,0.046805096144997546,0.03591013844934438
17,JAM2,brain_caudate_basal_ganglia,brain_nucleus_accumbens_basal_ganglia,0.4432295707235857,2.543750367664065,0.38915000850891557,0.06725929044837378,0.00015204642093904545,1.2855088283806873,0.31465684125241716,0.18775923139267814,0.12851488684566942,0.09031812325170865,0.068278689411751,0.04740556177007526,0.03070822913139864
17,JAM2,brain_caudate_basal_ganglia,brain_putamen_basal_ganglia,0.707858626329305,1.690147884984268,0.7051386038911791,0.04366724370059982,0.00010971163833866163,2.830208877776216,0.2993238454818391,0.19324449733619614,0.12915345805589745,0.09749063667829685,0.06318447213624409,0.043628834376206,0.028751326517416177
17,JAM2,brain_caudate_basal_ganglia,brain_spinal_cord_cervical_c-1,0.336726590263264,3.2536859714626183,0.34968312014289166,0.06384056351730319,9.776084387836036e-05,1.0037091452370084,0.30047501808667726,0.214195981921734,0.1226665859927322,0.10523435077274286,0.07990325913198906,0.04941379945741346,0.032541087581786185
17,JAM2,brain_cerebellar_hemisphere,brain_cerebellum,0.4627032926413054,2.2160718828540764,0.42868820640523636,0.08417178649591844,0.00024616142380715544,1.854810313293045,0.47975577788830026,0.18137515736760124,0.09440072391382597,0.06652387934699737,0.050367088781448424,0.03600972638787014,0.02327331431908474
17,JAM2,brain_cerebellar_hemisphere,brain_cortex,0.2194666667192254,5.048475403750049,0.2626741511555454,0.06382581861746209,0.0001594866711166466,0.39503021304056884,0.23992507414505573,0.15171822472351953,0.09833468916188763,0.07453076742228151,0.05388687709436594,0.037199631764512076,0.02415699906166562
17,JAM2,brain_cerebellar_hemisphere,brain_frontal_cortex_ba9,0.2448671526750358,4.480953595786576,0.2976434500901338,0.07936543348431033,0.00016128125489769623,0.5045057976682708,0.26560113641042987,0.15082414998962532,0.10106623068497089,0.08009427839115299,0.05946465355185164,0.037785938390674255,0.02479142767623994
17,JAM2,brain_cerebellar_hemisphere,brain_hypothalamus,0.28579924209456203,4.236531563045505,0.29466556736197314,0.02166838580372076,7.10383559229337e-05,0.7901837752243746,0.2599214922238933,0.18898778959771736,0.09995712915807817,0.07956817816018652,0.0636946484368358,0.04223428053188338,0.029016510884278764
17,JAM2,brain_cerebellar_hemisphere,brain_nucleus_accumbens_basal_ganglia,0.22921040578286375,4.798543731965764,0.20302426136631707,0.0353971377946447,5.38568883334799e-05,0.44555218176756933,0.22509788726204044,0.16982609538965696,0.10959453819935235,0.08285241876387166,0.059649447837353375,0.04364490971087306,0.02615658650040676
17,JAM2,brain_cerebellar_hemisphere,brain_putamen_basal_ganglia,0.20706707898820098,4.819837034652311,0.1614971603685191,0.020300988295497917,4.517934042645574e-05,0.6300906773351713,0.21238242896347645,0.14537599243125826,0.10935057909412929,0.07901860861591212,0.060219810801002985,0.04129926622455718,0.02637759069637342
17,JAM2,brain_cerebellar_hemisphere,brain_spinal_cord_cervical_c-1,0.23769613815747853,4.637721962000616,0.2538407748201271,0.0270735509254665,6.0885175126144594e-05,0.5839038129379827,0.3325641349425379,0.19608439503236091,0.11974080348815516,0.09481683440399195,0.0602344704623074,0.04448955629972088,0.026287510185852243
17,JAM2,brain_cerebellum,brain_cortex,0.29971371842671923,3.954028270957913,0.34333088818920976,0.07277370176342315,0.00010947466382717768,0.6064284785199233,0.30128053088137136,0.1655700662025838,0.10448478514604473,0.06955413589461587,0.05181483369857089,0.03511743025499938,0.02480486858435426
17,JAM2,brain_cerebellum,brain_frontal_cortex_ba9,0.2559727960918786,4.570064779004376,0.25587780845513824,0.07484111891332038,8.840411924818894e-05,0.4869879210662683,0.2622571800535912,0.1451419484641076,0.11427887132483558,0.07426714156976957,0.05583895053404234,0.038683027869577426,0.026309711639066903
17,JAM2,brain_cerebellum,brain_hypothalamus,0.3224337120133448,4.219022836519221,0.37477683281186985,0.06893740575744764,0.00012551357412473297,1.14546680289292,0.2550664364413874,0.17963092173467454,0.11687090905673196,0.0768124435368686,0.05872233991823902,0.04460825888294486,0.030943440140427582
17,JAM2,brain_cerebellum,brain_nucleus_accumbens_basal_ganglia,0.2646497672488351,4.480573686931827,0.34773488266266667,0.057456677237970856,0.0001016653000430565,0.5609787860203737,0.24465668794248377,0.17368509048892095,0.11658686514644016,0.07330973319686016,0.058035954155714595,0.04077749828837904,0.02982108364633822
17,JAM2,brain_cerebellum,brain_putamen_basal_ganglia,0.2344517741709339,4.9205410419442694,0.2229881288442018,0.04087809494361676,7.764429244702287e-05,0.790491018048296,0.2268055439036567,0.14140093984952362,0.11245245931798695,0.0778880146832398,0.0612997484195026,0.0388184777673663,0.02910713206313938
17,JAM2,brain_cerebellum,brain_spinal_cord_cervical_c-1,0.2975522424289885,4.055486940489123,0.43807720193381827,0.04777297700827202,0.00012525429813424282,0.9134425082662446,0.3277853034650375,0.20341034881227746,0.1353910731943504,0.07719143171476783,0.06303152051157994,0.04209601280042566,0.02878763732067402
17,JAM2,brain_cortex,brain_frontal_cortex_ba9,0.6440542645551804,2.7755212016505486,0.6805350051026016,0.08711021375282736,0.00019807107782551098,1.3321815535854897,0.44517227254982544,0.18044958598443023,0.12910803565657017,0.08022758494210444,0.05902301213045186,0.03283945168591444,0.02418932290702808
17,JAM2,brain_cortex,brain_hypothalamus,0.3664675377383797,4.428476469208578,0.33161656993128935,0.10090135507418305,0.00016474259849722162,0.7768353036490895,0.2623703682417002,0.1831976869223091,0.12130615096276817,0.09314975353008967,0.060342107794028474,0.038276327846460664,0.03029304276861604
17,JAM2,brain_cortex,brain_nucleus_accumbens_basal_ganglia,0.3820545951869565,4.253602679127914,0.47094800275089616,0.04748305039695154,0.0001420235727225549,0.6907160652170786,0.2756277450134811,0.2008874589535558,0.11009384263866709,0.08750626338675901,0.0674929917220715,0.03579644602655848,0.027646207167681965
17,JAM2,brain_cortex,brain_putamen_basal_ganglia,0.35149984714445826,3.976484477251868,0.45131458643894806,0.06443851174560924,0.0001129582142479094,0.7894104753916393,0.25757094209557446,0.1687207755895913,0.11801447804115166,0.08170345574304383,0.06369310379053046,0.033964593730782935,0.0273073317844443
17,JAM2,brain_cortex,brain_spinal_cord_cervical_c-1,0.3763751693391604,3.7675747673562205,0.5576635685178539,0.051141356587608676,0.00011201126314230812,0.9924307532824368,0.32273822798008156,0.18696672766086903,0.12638794141491067,0.0840265389026314,0.06135419553295448,0.04031904386964214,0.030038222487214484
17,JAM2,brain_frontal_cortex_ba9,brain_hypothalamus,0.36555762787020857,4.301766225377209,0.33877596434684526,0.07889250811379603,0.00013949776421849993,0.7061122038619593,0.2901305611900593,0.17870703082486697,0.13065892311726823,0.09029533114664767,0.06668014742720042,0.04380997005324244,0.030709505197426303
17,JAM2,brain_frontal_cortex_ba9,brain_nucleus_accumbens_basal_ganglia,0.3556205912122082,4.672979049438178,0.2476267996946302,0.05203535663463984,0.00013775339113603646,0.6043802217579178,0.31725511917861215,0.16952479855523242,0.12062909704494329,0.09303006384374136,0.06865328253808269,0.041149444999847865,0.02824289896120244
17,JAM2,brain_frontal_cortex_ba9,brain_putamen_basal_ganglia,0.35006426333556045,4.078686068270786,0.35270010193223594,0.03801924468397834,0.00010675200887258634,0.8153093752482322,0.25143488069396697,0.17731669051103613,0.12464868818415516,0.0907186428696201,0.06610745835165432,0.03886221841054202,0.02821698064309528
17,JAM2,brain_frontal_cortex_ba9,brain_spinal_cord_cervical_c-1,0.35853188268362374,3.928787068460031,0.37798829974818027,0.05633328781264154,9.940740865826384e-05,0.9618986306820126,0.3054609795047125,0.1752931089641204,0.1330464675490429,0.09870150120243536,0.0682508069019327,0.0453193032162873,0.02966455976570332
17,JAM2,brain_hypothalamus,brain_nucleus_accumbens_basal_ganglia,0.411318467915743,3.494760042848089,0.4620947410622921,0.035614652526165705,7.328247230052544e-05,0.8862855640158724,0.2829643781089203,0.19660114121887876,0.12341275913166397,0.09367770470560496,0.07529484317111637,0.0479548304400577,0.03288816330824726
17,JAM2,brain_hypothalamus,brain_putamen_basal_ganglia,0.3447108077985842,3.857397452266187,0.4009484307828856,0.03524527039225668,5.810124780242371e-05,1.0121365142015621,0.2778423668180222,0.16834642196363525,0.11329716952985858,0.0917623679923582,0.06947526906208798,0.04536856575276246,0.0335503976556217
17,JAM2,brain_hypothalamus,brain_spinal_cord_cervical_c-1,0.40683341136597884,3.780941166843281,0.39777230967619237,0.01977641096639578,6.556473317443796e-05,0.9859007344667268,0.33232334337506597,0.214511950761553,0.1354303946243451,0.10697614004683716,0.07652642127656997,0.05048925354887418,0.0346608965616228
17,JAM2,brain_nucleus_accumbens_basal_ganglia,brain_putamen_basal_ganglia,0.5043299740931964,2.331423426839578,0.6236011666714697,0.03594686140933528,7.083782629126366e-05,1.3512014292522687,0.25237664109890556,0.18209086393322402,0.11985646403924352,0.0913021941121339,0.07157352197321401,0.04478404623468446,0.028380977350116722
17,JAM2,brain_nucleus_accumbens_basal_ganglia,brain_spinal_cord_cervical_c-1,0.3501772377180838,3.6118464079422408,0.3815786805479724,0.03116290563434012,6.119361080134187e-05,0.7882116154111836,0.31355509234125306,0.19274135831440137,0.13357327379035508,0.10665033299643494,0.07141722535919795,0.05397214687520226,0.03044918893195462
17,JAM2,brain_putamen_basal_ganglia,brain_spinal_cord_cervical_c-1,0.3513878179027691,3.173766074530958,0.4499405445649966,0.04781376699653444,6.426349632759132e-05,1.0422785937024912,0.30299416813081653,0.17568390749295834,0.12821464616050976,0.09781218885643214,0.06952172060834236,0.04962189088649002,0.030898467099960903
17,SH2D2A,brain_amygdala,brain_anterior_cingulate_cortex_ba24,0.7424255435078413,3.660730051138239,0.7212114967638318,0.07520796913226145,5.331119773437272e-05,1.1369867098100315,0.5678738342203047,0.2912733698282712,0.2254660255313338,0.14100353874854502,0.08550186493022863,0.04818185881752214,0.03349176008285742
17,SH2D2A,brain_amygdala,brain_caudate_basal_ganglia,0.5863688635641034,4.3686932784952175,0.6824309408519442,0.04706428361133458,3.687489612961947e-05,0.9996003624614778,0.4686280516579394,0.31656793187947285,0.24826167177898745,0.13890991311356907,0.08318009358115044,0.05153302284866536,0.030967757517670242
17,SH2D2A,brain_amygdala,brain_cerebellar_hemisphere,0.535250621615858,4.335535805386131,0.520658662843962,0.11779741556805326,3.3548510891257486e-05,0.87196744788439,0.3972110676368418,0.2729575748647913,0.19057160789442473,0.13909166673412224,0.07673569779431086,0.049755349814698424,0.02825300353466092
17,SH2D2A,brain_amygdala,brain_cerebellum,0.49036939081761527,4.389523113019662,0.5348798593587881,0.08021440704143466,3.428897755837917e-05,0.880597454574201,0.37262416718469654,0.2969847296042003,0.18318459393867884,0.1307731731777637,0.0754663824297233,0.05031821862397377,0.029386838507313884
17,SH2D2A,brain_amygdala,brain_cortex,0.6033726793847713,4.030707771175207,0.5842451910487438,0.1327785568700443,2.736043273366164e-05,0.9129122805849266,0.4550911046324223,0.28995912971962085,0.19658981985214538,0.13205075169042396,0.07499451564568937,0.045593559928939695,0.03003193405387634
17,SH2D2A,brain_amygdala,brain_frontal_cortex_ba9,0.6388243250548232,4.172100009963996,0.6070625965516696,0.08857477486345973,4.3244319287964125e-05,0.9220758082907305,0.4805330387305776,0.2764190918761949,0.23183969906984622,0.13745540912427245,0.08146842996398312,0.05227343368933531,0.030924919011208217
17,SH2D2A,brain_amygdala,brain_hypothalamus,0.5976175968735756,3.8266489900829286,0.558602530643352,0.06426856202884514,3.7974176278570584e-05,1.31657825961918,0.5900385131914285,0.34842175959259747,0.28938840873343963,0.16744695116333483,0.10305734557397743,0.05464876197729962,0.036063469203206
17,SH2D2A,brain_amygdala,brain_nucleus_accumbens_basal_ganglia,0.5863302789546947,4.428716859785112,0.6014219856692437,0.07674332636716041,8.022102045651969e-05,1.045087052841899,0.5532221590133164,0.31563320133490247,0.2553268200151199,0.15223232938576942,0.09991148129487815,0.053607235543702406,0.03416053777994564
17,SH2D2A,brain_amygdala,brain_putamen_basal_ganglia,0.498124801378364,4.541470012644629,0.4382784658461629,0.08180894010093014,6.547842654267307e-05,0.9153782683966318,0.5076476119296063,0.2871032498868288,0.24493706833231288,0.14717283926064897,0.08898068292222874,0.05529128926254412,0.034473554708981
17,SH2D2A,brain_amygdala,brain_spinal_cord_cervical_c-1,0.5067451738655904,4.2291486127997695,0.43453839509300585,0.16828726116214218,9.819199854910904e-05,0.9660543281817306,0.4999895685853414,0.3582891449377453,0.26082051107060045,0.1737394560057693,0.10550477003397929,0.0531626154455951,0.03456012446099784
17,SH2D2A,brain_anterior_cingulate_cortex_ba24,brain_caudate_basal_ganglia,0.6224543983759092,4.16544326277661,0.5710344698717122,0.04638618296540302,2.5197663143978447e-05,1.0499131954408725,0.44363959425935906,0.2570278367614781,0.20108166378889694,0.13248810541093328,0.06612864174149083,0.04668601219360818,0.02902819587349086
17,SH2D2A,brain_anterior_cingulate_cortex_ba24,brain_cerebellar_hemisphere,0.5863568465145924,3.9505386235122186,0.5998671727864234,0.14361433672258206,4.9944360398622724e-05,0.8528757064362118,0.34438910559380587,0.24303614753730346,0.18228053145301687,0.1185905998433564,0.05865640921626084,0.04460331517612596,0.02739366809888396
17,SH2D2A,brain_anterior_cingulate_cortex_ba24,brain_cerebellum,0.49778115124238553,4.044082565816541,0.5504149809136368,0.05483343338021033,4.953327016961323e-05,0.7109311336237523,0.35651089792473994,0.23056723824022374,0.1760767727919759,0.10381559961528061,0.061896498517568496,0.04428841946628412,0.028430821039289324
17,SH2D2A,brain_anterior_cingulate_cortex_ba24,brain_cortex,0.726909298711828,3.623026182678001,0.7131119059529374,0.07051592619317405,5.0108617626133094e-05,0.8935702487457429,0.4954066818005541,0.23805500690647605,0.18851527392325634,0.12349605364667267,0.06336317212097627,0.04027674116328922,0.02857410429842914
17,SH2D2A,brain_anterior_cingulate_cortex_ba24,brain_frontal_cortex_ba9,0.8350423098260824,3.5545105668483985,0.854848224164758,0.025285032131636236,2.7038378773612923e-05,1.146886170463722,0.5441025912662367,0.26779332589872296,0.20416046308710536,0.12998615881568268,0.06618704070337172,0.044439396415143,0.029540986063287478
17,SH2D2A,brain_anterior_cingulate_cortex_ba24,brain_hypothalamus,0.5779082522142774,3.9082891853108315,0.5165656734932503,0.14847570940556248,7.005555757744764e-05,1.2486309749085138,0.5130349366788552,0.2822968757768699,0.23551460870335653,0.14342076852627658,0.0781868235872794,0.0474652218991512,0.03509423525635028
17,SH2D2A,brain_anterior_cingulate_cortex_ba24,brain_nucleus_accumbens_basal_ganglia,0.6438929167124611,4.059069782203316,0.6510088453831516,0.09853100693694836,4.0434088462756244e-05,1.2689739340740118,0.4698991367879023,0.26709357299761455,0.2195031955091454,0.14157039558893614,0.07935409897784572,0.04883592058284726,0.03164160383999106
17,SH2D2A,brain_anterior_cingulate_cortex_ba24,brain_putamen_basal_ganglia,0.57832042727466,4.018895146849976,0.42106349149716077,0.08375377254354907,7.936800649627439e-05,1.2363430257479249,0.499778502413993,0.2555512872911997,0.2009940747578276,0.1279373180142838,0.07207868974095563,0.04879623065861534,0.0322590512854909
17,SH2D2A,brain_anterior_cingulate_cortex_ba24,brain_spinal_cord_cervical_c-1,0.5420641021779139,4.174987973002888,0.43165076333925984,0.23398026543546324,0.00011923633940319936,0.8543479337633617,0.5391693082099369,0.3128497658304532,0.2128129513638334,0.15828262209154428,0.07890335545477074,0.051461715523181996,0.02991793347950052
17,SH2D2A,brain_caudate_basal_ganglia,brain_cerebellar_hemisphere,0.5998546752100389,3.76250127333211,0.4869046055456924,0.1633253522177284,7.148121195413929e-05,0.8937093297971159,0.4125001489040244,0.24459428132228025,0.17614427522644535,0.11437563748540278,0.06371155342773446,0.04621981529545825,0.026098603065187142
17,SH2D2A,brain_caudate_basal_ganglia,brain_cerebellum,0.4958550338823068,4.087996969460062,0.45256413959880204,0.08415914537962794,4.00461410573089e-05,0.6967376089420393,0.3767698370931286,0.24829402142586274,0.16154188130603528,0.11307632747569016,0.06563429117065864,0.043671775442653236,0.02690302103418144
17,SH2D2A,brain_caudate_basal_ganglia,brain_cortex,0.5921232889838014,4.225579797789729,0.6081534997401253,0.10531851489243875,3.046916271162172e-05,0.8178650940911052,0.44035610830238536,0.26963316152577943,0.17659408710619617,0.10882775183417859,0.06701385896986731,0.04331121271220184,0.02769928481104068
17,SH2D2A,brain_caudate_basal_ganglia,brain_frontal_cortex_ba9,0.6338169496373395,4.20249629141742,0.557975009897746,0.06604464887613049,2.9681629689904503e-05,0.9700178628701435,0.41630817395656444,0.26525351529849506,0.20793783121449744,0.12642551778830807,0.06961043898086132,0.048398898470611504,0.02825097962747314
17,SH2D2A,brain_caudate_basal_ganglia,brain_hypothalamus,0.5948085168768056,3.8503508469681025,0.5919071433418528,0.07216028694801946,4.577157119899872e-05,1.1932113979301184,0.5292942837527581,0.3395030354708875,0.24795593092409382,0.1432283673221289,0.07771225068280882,0.05091476994438722,0.03203279298785992
17,SH2D2A,brain_caudate_basal_ganglia,brain_nucleus_accumbens_basal_ganglia,0.714744830782547,3.458998818998949,0.6817288384538243,0.053364421895947825,2.950821945185959e-05,1.2276057242039504,0.5783708930050226,0.3059397603245602,0.2159781185156342,0.14720229759312697,0.07815073120429553,0.051711118671648036,0.029558670460758617
17,SH2D2A,brain_caudate_basal_ganglia,brain_putamen_basal_ganglia,0.8435982993082594,2.6117841946312153,0.8536553382395219,0.06487066165630007,7.456797358097176e-05,1.804301810587947,0.5773512318981209,0.32192615142095937,0.2046772372963423,0.1255025049923348,0.07755359189875866,0.053493918564939236,0.0288194817935702
17,SH2D2A,brain_caudate_basal_ganglia,brain_spinal_cord_cervical_c-1,0.48168420208467877,4.308898682201236,0.3959449525892105,0.25470821244425296,0.00015677022891918288,0.8131041650920059,0.5363772839143257,0.28533784541602236,0.21332495580757999,0.14933453486175188,0.08582063871437534,0.04773937167121088,0.03283334011469352
17,SH2D2A,brain_cerebellar_hemisphere,brain_cerebellum,0.7773560632506882,3.130785632291524,0.7760392996580834,0.08436840310960438,7.054430424799169e-05,0.984512465991328,0.4828259961926573,0.27037321271420894,0.15089787026329257,0.11061893080939267,0.05684675231934751,0.04146989895709498,0.02428517136212038
17,SH2D2A,brain_cerebellar_hemisphere,brain_cortex,0.6375661283494676,3.568180540324235,0.681493331976117,0.2020772567298283,4.0880786175275564e-05,0.8275053472259918,0.3487712561851631,0.23085041837794304,0.16769688979347042,0.09663344831082721,0.056914328647866844,0.043432608363771344,0.02520843325695078
17,SH2D2A,brain_cerebellar_hemisphere,brain_frontal_cortex_ba9,0.6115832503825496,3.94333035538639,0.6429066240125131,0.14411525228813957,4.851012348873182e-05,0.770672283534274,0.3420213578433588,0.24426797600440975,0.17230152672177745,0.11624212851188567,0.06057966837313512,0.04524943163442342,0.02695356091974138
17,SH2D2A,brain_cerebellar_hemisphere,brain_hypothalamus,0.5310980323166257,3.9041798191031054,0.48456300984182166,0.26366634516340276,0.00012333407781895675,0.9424715236920262,0.4867776635512028,0.2844919946653658,0.18013383329015767,0.12801994491847798,0.075209940916818,0.04779067064400372,0.02926328524597958
17,SH2D2A,brain_cerebellar_hemisphere,brain_nucleus_accumbens_basal_ganglia,0.57267426119335,3.740824544881683,0.5715309497711676,0.1148504032487195,5.895415308308188e-05,0.8895301271020528,0.4199840965257472,0.2570272392046027,0.1893704876170469,0.12160433920630953,0.06808304703702411,0.049429878922430386,0.02757622154482216
17,SH2D2A,brain_cerebellar_hemisphere,brain_putamen_basal_ganglia,0.49050924863356704,4.0384753099634665,0.30433167991938903,0.27710184186324277,9.898832780989199e-05,0.846004611124959,0.40125807340595127,0.26287518856895664,0.18052984798220087,0.11124521427427012,0.06507233589812972,0.04874442718627916,0.028021169129989622
17,SH2D2A,brain_cerebellar_hemisphere,brain_spinal_cord_cervical_c-1,0.4687150422100652,4.1960495187784375,0.4077173146912645,0.12221323865623965,0.00015465605158461075,0.7475293440339362,0.509123774089109,0.2755587152748141,0.17577115021175885,0.13129499659742538,0.07643781471550842,0.04564841114565072,0.029122460645674236
17,SH2D2A,brain_cerebellum,brain_cortex,0.578696673573831,3.674958214378383,0.7142663054583211,0.03318203280520584,2.1660715575130504e-05,0.7744751073669651,0.3590913439273478,0.23382798390484782,0.16620710459310875,0.10052755777963303,0.059271781409287926,0.04132635071940602,0.02579286791778552
17,SH2D2A,brain_cerebellum,brain_frontal_cortex_ba9,0.507903682442426,4.1782062672544225,0.46701980824886424,0.05410788239804436,4.7561226588724686e-05,0.586742437626174,0.3461727246079144,0.2447219266089505,0.15647669948431192,0.10630205617476984,0.06419403933843733,0.04486827441887028,0.02821356428943404
17,SH2D2A,brain_cerebellum,brain_hypothalamus,0.4496426374704915,4.156123082798788,0.4522196787704482,0.06997759243906634,8.565608695154611e-05,0.8185567104379355,0.4166737320354449,0.29255284526014086,0.1889084825750324,0.12287309388535546,0.0794705128638575,0.04716131542553584,0.030339841744365558
17,SH2D2A,brain_cerebellum,brain_nucleus_accumbens_basal_ganglia,0.4726439985845229,4.036746717011761,0.48179611244761655,0.10197435497027404,6.060423567157658e-05,0.6985235801540508,0.38119877312734285,0.24795001649487283,0.19072830933454823,0.10712965304900565,0.07116616049782037,0.049558666772723116,0.0288562234656183
17,SH2D2A,brain_cerebellum,brain_putamen_basal_ganglia,0.4009045195915859,4.462157346707098,0.3167182288946711,0.13435467873849216,6.2321173040533e-05,0.6221426364357463,0.367017349923847,0.2544366975087314,0.1591156259861029,0.11400474860652235,0.06542669834035963,0.049138608499556966,0.028988474608538917
17,SH2D2A,brain_cerebellum,brain_spinal_cord_cervical_c-1,0.40565168418043085,4.222128043954623,0.3658828815240406,0.12034753092677372,0.0001304396073498535,0.7174242055238171,0.4198333154467545,0.27757918938963133,0.18288185301822535,0.13248249891483388,0.07685461892383863,0.0468790981619537,0.030456775455084118
17,SH2D2A,brain_cortex,brain_frontal_cortex_ba9,0.8154799123036918,3.529223002452414,0.8120303983354343,0.05597395998714658,6.316684145383261e-05,0.8976910873243537,0.5022170085568642,0.25721714873702506,0.17813241308943994,0.11439672565874184,0.06473319779054,0.041395647423254314,0.027917682415204943
17,SH2D2A,brain_cortex,brain_hypothalamus,0.5091228464640023,4.232616303623243,0.5541717549395251,0.09643330474001885,6.370321272877152e-05,0.9049934230721173,0.46558315360596164,0.29262752897334954,0.19300087458973433,0.12759139579193804,0.07454053456911786,0.04575272011882324,0.03130091752404314
17,SH2D2A,brain_cortex,brain_nucleus_accumbens_basal_ganglia,0.5936784754583878,3.8406188555668317,0.6408784797673456,0.15765825401671132,5.1458294010171583e-05,0.9758637607598699,0.39834133033011326,0.26860918173430015,0.18121531770067154,0.1246620396853371,0.0732455737783835,0.047241109121979964,0.029439906991653265
17,SH2D2A,brain_cortex,brain_putamen_basal_ganglia,0.5292363339426165,4.180923926993247,0.4723667531319268,0.114761833205997,6.196855344624078e-05,0.8725789109221793,0.4728768368612325,0.25726792207178606,0.1799090071644667,0.10836009729902223,0.06541827546141141,0.0499182563266311,0.029741092290494882
17,SH2D2A,brain_cortex,brain_spinal_cord_cervical_c-1,0.5323609503671406,3.9170658768284214,0.4834770310690524,0.15358391077378017,0.0001245215523403401,0.8975451225265674,0.44682434215272293,0.30741450551841554,0.2117301291196818,0.13327718733419422,0.07555188264085269,0.04889575368532138,0.02807377712908598
17,SH2D2A,brain_frontal_cortex_ba9,brain_hypothalamus,0.5402984483764712,4.4018784716245385,0.5657925155737995,0.148906089851959,6.615859179532986e-05,0.9972131229979055,0.4472473325313094,0.2984891303474025,0.2292203212565808,0.14059701441700403,0.08209043811522629,0.04967398177548068,0.03296998651251592
17,SH2D2A,brain_frontal_cortex_ba9,brain_nucleus_accumbens_basal_ganglia,0.6411663911462205,4.0033582324346115,0.6680885790458696,0.07832417155565388,4.977759734414129e-05,1.0533050947769933,0.4359174271069012,0.2700499723077079,0.22210790634231187,0.14206977830489176,0.07775451027657644,0.05196857836522598,0.029851153982721756
17,SH2D2A,brain_frontal_cortex_ba9,brain_putamen_basal_ganglia,0.6000216306046138,3.945637545327706,0.46408739322474035,0.12308153631075847,9.834326770999881e-05,1.1636418448496655,0.4869984116754136,0.2510030414125171,0.20438924824324683,0.12045748925969053,0.07249518992122714,0.05311347476499704,0.030938154837718057
17,SH2D2A,brain_frontal_cortex_ba9,brain_spinal_cord_cervical_c-1,0.5626833820909067,3.9824994899027764,0.45951167235424356,0.19581534939371542,0.00013500035295136936,0.9607949241679872,0.45742485938663896,0.2965687151527277,0.21301566155596938,0.15293790636313642,0.08583618007453826,0.05167941135090394,0.02972068971975684
17,SH2D2A,brain_hypothalamus,brain_nucleus_accumbens_basal_ganglia,0.5780646905056728,4.095676635037997,0.4756862802334079,0.17253277435085781,0.00013383069488549822,1.1935812477970362,0.550825973269646,0.3615185633063473,0.2873893745891039,0.14934889565500206,0.08644193512635008,0.05374658777729178,0.035056595956885137
17,SH2D2A,brain_hypothalamus,brain_putamen_basal_ganglia,0.5059180034086295,3.846671891508314,0.5215994776386138,0.09302197338040513,6.573838858554274e-05,1.1861887965749913,0.5080884254793664,0.3106381593309514,0.2461641247439954,0.138968061325072,0.08450518452496622,0.05619391329836563,0.03571918273498798
17,SH2D2A,brain_hypothalamus,brain_spinal_cord_cervical_c-1,0.49515856955897186,4.125430347027182,0.5033422791324504,0.2097371028698593,0.00013862648426330994,1.1730314665701465,0.6504202161402917,0.3416139059635588,0.2560002261804176,0.16553202259723063,0.12591007201044688,0.05565384017664256,0.03390793660025226
17,SH2D2A,brain_nucleus_accumbens_basal_ganglia,brain_putamen_basal_ganglia,0.6522554584758786,3.376074540755397,0.6042731863685826,0.09763241215124803,9.587720685302832e-05,1.3626424490182238,0.6168261140959304,0.2931062207001233,0.22529994588954655,0.12702000451590342,0.0913370405281487,0.053296753665910156,0.03187369328947188
17,SH2D2A,brain_nucleus_accumbens_basal_ganglia,brain_spinal_cord_cervical_c-1,0.5122085043843067,4.1292756629376335,0.45000799304261924,0.20014759053492365,0.00013687530350000768,1.0504276337670722,0.5428020556934124,0.3368016629907273,0.25385064489062503,0.15699476395816747,0.094736235206135,0.049705868214794266,0.03417638529834398
17,SH2D2A,brain_putamen_basal_ganglia,brain_spinal_cord_cervical_c-1,0.45238543620778193,4.234106718725327,0.3618341318659857,0.3257958159917344,0.00015310779652424,0.9423332218424081,0.5510734502946375,0.2838677936745531,0.21916112632261936,0.1471127251667657,0.08453443277396758,0.053238057651277516,0.034792004632581856
18,JAM2,brain_amygdala,brain_anterior_cingulate_cortex_ba24,0.6051688457139617,3.0769086726132464,0.6095091491672369,0.07716559654657294,4.644586693195559e-05,2.186964601004419,0.7417551438961754,0.4755703600783727,0.3637011283845547,0.1892767966817569,0.09317262463715167,0.060965720989677785,0.037781061374031845
18,JAM2,brain_amygdala,brain_caudate_basal_ganglia,0.4624351388169961,3.738297557010784,0.41587825643610754,0.15872923889673632,7.76815793984372e-05,1.47408280152047,0.8052535703059587,0.411265599748992,0.29844603919350304,0.14777719985082205,0.0900838059558311,0.06101138635402564,0.03867177572653706
18,JAM2,brain_amygdala,brain_cerebellar_hemisphere,0.3838429828680313,3.492995446760412,0.3505403026781142,0.11152953771972918,5.905602247840759e-05,1.6125924317687896,0.6630607284081423,0.4029376130529827,0.2625047398363608,0.1494193446258914,0.08825560513900414,0.04901905533091082,0.030690973914057763
18,JAM2,brain_amygdala,brain_cerebellum,0.4526366543359792,3.5317733999058296,0.4154606544967711,0.2639073688650573,0.00012261312437544388,1.8317554774113145,0.6824061905025823,0.4360853713411612,0.2679457772289272,0.14265804237524016,0.08972517227675206,0.0470766509982572,0.03100467280111228
18,JAM2,brain_amygdala,brain_cortex,0.5019642531748842,3.6452770525822373,0.4848641375591326,0.19485441951262492,0.0001155979090913617,1.4631334141787211,0.5914048676147212,0.37549534223773484,0.27418615123367057,0.13598374239214156,0.07762184633626572,0.053000658483001915,0.03621278634855022
18,JAM2,brain_amygdala,brain_frontal_cortex_ba9,0.5018828130972799,3.7984264113556385,0.42192818860348125,0.28762961275146864,0.00015656764111846,1.4663438527717219,0.5980310588217087,0.433295204649384,0.32042170792448293,0.17390049897707488,0.08627221797424867,0.05968605261068042,0.037520891235519535
18,JAM2,brain_amygdala,brain_hypothalamus,0.5773688382113473,3.5256563465626285,0.5296812440547269,0.077298525006204,6.463868045741481e-05,1.804131440802275,0.7092875410386035,0.46182397965936256,0.3609202933910197,0.17655833141174182,0.1016925363572472,0.06814401711754779,0.04576951066584216
18,JAM2,brain_amygdala,brain_nucleus_accumbens_basal_ganglia,0.4893526965151387,3.394776483066173,0.44288577200432994,0.03554000142283712,3.542261305546385e-05,1.8757798629273776,0.7773663615014613,0.4482314249482024,0.2975740906069495,0.16847246899846238,0.0991521599852902,0.06478033809620479,0.04358774175855756
18,JAM2,brain_amygdala,brain_putamen_basal_ganglia,0.4565711672257395,3.7281753658817998,0.459139032159098,0.11752914882362256,6.540282501358935e-05,1.6557117995630393,0.8036196667678428,0.4373225489931178,0.3000563939737268,0.1582001996478052,0.09139065970621799,0.06275935550044602,0.03991974961384426
18,JAM2,brain_amygdala,brain_spinal_cord_cervical_c-1,0.5284210924219448,3.3691973053724786,0.5228763086813883,0.07172410974828082,6.466965632076751e-05,1.9503382385874328,0.6691247230395495,0.4523018827851633,0.3175252367908299,0.1872341084941669,0.1033460580864503,0.06785607689171944,0.046479880889805834
18,JAM2,brain_anterior_cingulate_cortex_ba24,brain_caudate_basal_ganglia,0.46050702243109176,4.0804307319009006,0.4544376923420258,0.1385575842348404,9.08998745063285e-05,1.2181534204707192,0.5799858326573617,0.44259895132578436,0.3144915185879623,0.15600373686081065,0.08224336019070788,0.0556800613452581,0.030769508285660763
18,JAM2,brain_anterior_cingulate_cortex_ba24,brain_cerebellar_hemisphere,0.37896565533697624,3.9055316860649656,0.41115502307055946,0.13376838752409326,6.461952347453715e-05,1.2775014639565767,0.6950210310423184,0.3601171992597627,0.25563993985419003,0.16304688376901172,0.08869880113909454,0.04570079798041346,0.025132430385127517
18,JAM2,brain_anterior_cingulate_cortex_ba24,brain_cerebellum,0.4455454057445536,3.783870187424391,0.5370892988542749,0.2508478406386258,0.00010182053332309895,1.5281747589951507,0.6330125082190472,0.373276978731199,0.2672142593435541,0.1559811078406242,0.08656218944335292,0.0432159590231998,0.025751656269847156
18,JAM2,brain_anterior_cingulate_cortex_ba24,brain_cortex,0.6462784289919086,3.217191585916075,0.8062162453389918,0.2349648089647216,0.00017511658204805096,1.6000147274180694,0.6704582924616559,0.37923155296801364,0.2787991034167658,0.14643940724192053,0.0719242898730868,0.049444935107321175,0.029215771559308677
18,JAM2,brain_anterior_cingulate_cortex_ba24,brain_frontal_cortex_ba9,0.7191661340782869,3.052383997710174,0.6991799733281779,0.31931486703162115,0.00025256328432733384,1.95224885706642,0.7637051301671429,0.4281956670890554,0.32775214571319056,0.1830531979034302,0.08067940870933794,0.055228257267561344,0.02931799493852482
18,JAM2,brain_anterior_cingulate_cortex_ba24,brain_hypothalamus,0.5871896773256434,3.9604315802014143,0.6268298770248169,0.10013438800859469,6.880382891010349e-05,1.397318273537271,0.6733230129413482,0.45484522980288056,0.3444908656307506,0.17952476622603308,0.09423423577687176,0.06460222480916103,0.03439272662773182
18,JAM2,brain_anterior_cingulate_cortex_ba24,brain_nucleus_accumbens_basal_ganglia,0.48258554379858937,3.831424073459501,0.48847475436960563,0.0931810715418739,9.04262725630829e-05,1.489165939947799,0.6112736995350934,0.4616721983917234,0.3183340846125784,0.16539377391845095,0.08841240525097434,0.05996228091152498,0.03339865597360882
18,JAM2,brain_anterior_cingulate_cortex_ba24,brain_putamen_basal_ganglia,0.4640156694607892,3.8437672843680972,0.5212138500533794,0.13050062865794373,9.454415104434916e-05,1.4515508920548745,0.6213267626263514,0.43268972527244876,0.31669938388135516,0.16295596127329334,0.08623764645722065,0.0583413509097815,0.03077968395785032
18,JAM2,brain_anterior_cingulate_cortex_ba24,brain_spinal_cord_cervical_c-1,0.5098068130517521,3.8426466383172873,0.6519031621228173,0.12475431311395298,9.160670440804172e-05,1.4586161115461698,0.5949035773156609,0.4532233684611976,0.3016059927001991,0.17758761028645997,0.09830401901984889,0.06229994478096075,0.0358980151848443
18,JAM2,brain_caudate_basal_ganglia,brain_cerebellar_hemisphere,0.38181483157085216,3.6773108087078876,0.36728918625828594,0.10817798025102743,6.672825273808644e-05,1.6810824472151586,0.5830316176929143,0.35257612271451494,0.25602607678790673,0.12995160420487542,0.07739252259824123,0.04625702101832928,0.02702665761606462
18,JAM2,brain_caudate_basal_ganglia,brain_cerebellum,0.4357822270302224,3.599442151103941,0.4547772053637272,0.1662521427888624,8.211336858244322e-05,1.554856215487187,0.7151573949642468,0.37176622593471825,0.2571390482499348,0.13470090544444152,0.07617448520967515,0.04662331691939886,0.026294054621997
18,JAM2,brain_caudate_basal_ganglia,brain_cortex,0.5035530154731489,3.800491595107361,0.4865030453496077,0.13221188804059686,8.089711507039762e-05,1.2262098337788758,0.5974630782585639,0.3717447862007303,0.21403464714363016,0.14475572755799582,0.06758364906733952,0.04839314378342886,0.02994185939153446
18,JAM2,brain_caudate_basal_ganglia,brain_frontal_cortex_ba9,0.4921377668731715,4.113443717005888,0.5576342156332734,0.0658815056164382,4.028918687559091e-05,1.232493752166932,0.5903992148672458,0.4285698886605423,0.28002377228381015,0.16002195980550474,0.07635786812669867,0.04944438794117764,0.03102102996972304
18,JAM2,brain_caudate_basal_ganglia,brain_hypothalamus,0.5275562435427835,3.9720475550443046,0.4361204589082982,0.16327302963536544,0.00010811915321299952,1.2690565210349822,0.760003180458992,0.4299137702385106,0.3072252805861747,0.1492930728667688,0.0944191708696715,0.06063094192187031,0.0354927978676602
18,JAM2,brain_caudate_basal_ganglia,brain_nucleus_accumbens_basal_ganglia,0.5509075405109793,3.14555448670121,0.4301227781301648,0.11634861809254518,8.706364101495649e-05,1.960465422071433,0.9544722134262151,0.4199706187634664,0.2842278749780419,0.1385423852062134,0.08799339290655603,0.05593373559443574,0.033220459077897155
18,JAM2,brain_caudate_basal_ganglia,brain_putamen_basal_ganglia,0.8096738666593435,2.2772759976981267,0.8121712503915971,0.0566425138313588,6.812494285959786e-05,3.486155909075145,1.1855631006237373,0.45535393271636054,0.29708568501087296,0.14090725892402312,0.07912307444531871,0.05351998944018842,0.03093920825189202
18,JAM2,brain_caudate_basal_ganglia,brain_spinal_cord_cervical_c-1,0.49860851568762293,3.411797312532047,0.5223440307650866,0.08778102310269939,4.676429507935974e-05,1.510311940316214,0.6718851562478547,0.4275520514897909,0.29198709598511136,0.15669316355588975,0.08782539648675192,0.05866105154646676,0.0360401961561907
18,JAM2,brain_cerebellar_hemisphere,brain_cerebellum,0.5957487955026388,2.553296086653547,0.555520211164105,0.1739603702330275,0.00012898092762086532,3.081714593144746,1.0894078373787637,0.42488368087500444,0.21247926711623227,0.14468433608099082,0.08104447544371947,0.03615480625875794,0.02238748714935946
18,JAM2,brain_cerebellar_hemisphere,brain_cortex,0.3690044614293969,3.7819107057073538,0.4939997724077352,0.15807259042754226,7.687774960296674e-05,1.110534606058283,0.5554606643366651,0.31666433865966354,0.19865542989296414,0.1427347478020493,0.07128411397673333,0.0398584225598147,0.025192185907963238
18,JAM2,brain_cerebellar_hemisphere,brain_frontal_cortex_ba9,0.40330310026193883,3.765434488636309,0.512304009260966,0.1769240426957594,0.00010799880221209907,1.37454244538357,0.6337831319885329,0.3489835929786963,0.24271133108632506,0.16288878637732734,0.078859905615549,0.0435339228582568,0.02521270730702546
18,JAM2,brain_cerebellar_hemisphere,brain_hypothalamus,0.43438399484121765,3.7580253090676927,0.46412538424705196,0.08025231629932791,3.9128928848541866e-05,1.4517141190659903,0.6792518114750149,0.3876733508523745,0.2624956386107049,0.1670673855069012,0.08466102974197298,0.0489508690901822,0.02874688036164964
18,JAM2,brain_cerebellar_hemisphere,brain_nucleus_accumbens_basal_ganglia,0.35715841261950043,3.643781998581757,0.3372112540526515,0.1023303422665434,4.962739906807214e-05,1.460753906640057,0.5910265903539108,0.3801274479437042,0.2527677896586888,0.14532074551582724,0.08592053578701112,0.04815656932218356,0.027498852586769262
18,JAM2,brain_cerebellar_hemisphere,brain_putamen_basal_ganglia,0.40379542547751324,3.394216481061067,0.38654671158633985,0.07263883643645874,3.274526155651635e-05,2.089054146435738,0.6210031859076055,0.3667566780774821,0.25466258072253706,0.13398054588105784,0.08343580847721456,0.0436483908446125,0.028582533209747463
18,JAM2,brain_cerebellar_hemisphere,brain_spinal_cord_cervical_c-1,0.3640255720986135,3.877645771310674,0.3746281763178566,0.05278177385093952,4.667983788845125e-05,1.3224434787528085,0.6603152875112961,0.3997024790910424,0.24502465078373792,0.15950970225305086,0.0892229835088352,0.05084769974389978,0.028617749188984777
18,JAM2,brain_cerebellum,brain_cortex,0.5029046873118477,3.3238227035745553,0.5758542259768792,0.13783059267311035,6.473716783739856e-05,1.6284999102255013,0.5896865307212115,0.3793031064673699,0.1961938082737529,0.13558825341323505,0.06853779692909487,0.042218529587147335,0.02436684154808646
18,JAM2,brain_cerebellum,brain_frontal_cortex_ba9,0.46432822932567036,3.7147618000221945,0.5166469039306752,0.13047566880932154,9.540742351338787e-05,1.4588799261115468,0.5826448440927352,0.38409967988143123,0.24759537822982072,0.1557588040608489,0.07437723309567233,0.04139820098911144,0.02614937739471032
18,JAM2,brain_cerebellum,brain_hypothalamus,0.5156293747652965,3.760869500444425,0.4794887300557923,0.19656772753500068,7.113983542321727e-05,1.5913890036676408,0.6771858976060521,0.44369241742078114,0.2563532256976392,0.15313476617738567,0.08691150707083964,0.05079462429259242,0.02916148226118858
18,JAM2,brain_cerebellum,brain_nucleus_accumbens_basal_ganglia,0.43484225202917415,3.601030359528862,0.49579462262932095,0.2617894211985358,0.00010534727244220702,1.7709976166350472,0.6852515400357424,0.4223226765216168,0.24291141458183874,0.14734897270695366,0.0825291005597673,0.04823971960038268,0.027498772829682817
18,JAM2,brain_cerebellum,brain_putamen_basal_ganglia,0.4766318292710728,3.2181792432460057,0.5231188494877529,0.17344238287518815,6.344181688816774e-05,2.1715426010351964,0.7205180972898683,0.4159611011010932,0.2507889006529734,0.14169483549038023,0.07934228054413038,0.045971256799634666,0.02644726242015666
18,JAM2,brain_cerebellum,brain_spinal_cord_cervical_c-1,0.4699516041925055,3.517764614807438,0.49967587153857523,0.13452068065250186,9.7528690213947e-05,1.7468034857510446,0.6710049304765086,0.42560894689644196,0.2561650813865925,0.158461289442579,0.08403366821659242,0.04774552474807886,0.02900129364089144
18,JAM2,brain_cortex,brain_frontal_cortex_ba9,0.7535570807035619,2.938285950517386,0.7374583377385796,0.16570754181686637,0.00018250352663350832,1.7843544566800678,0.6296741077258476,0.38260284453820886,0.27682601553641834,0.14763677194791364,0.06507480527106244,0.04565514010127548,0.028615050329803743
18,JAM2,brain_cortex,brain_hypothalamus,0.6074751799749697,3.690963233635528,0.7386595760116117,0.2316621844044359,0.00012024028428917488,1.3620342443271587,0.5696274903043423,0.36481795590523886,0.2509410537367066,0.1552855055313131,0.07915467501711504,0.0558804925219035,0.03268588793386494
18,JAM2,brain_cortex,brain_nucleus_accumbens_basal_ganglia,0.499019888107731,3.615649493578026,0.6001480590414017,0.16703720921812493,8.49453404062447e-05,1.398672033946194,0.6050721389868768,0.3579211408216473,0.23634528036770952,0.13474008743138172,0.07618695220376226,0.050441208803108414,0.032038585369192144
18,JAM2,brain_cortex,brain_putamen_basal_ganglia,0.5195343587877675,3.4047467642937916,0.5942719548517277,0.13181436485329842,8.355085303647837e-05,1.5470637588337237,0.5917192377893399,0.37938366116606004,0.23932583099241614,0.14779948871167953,0.071594905725352,0.048611880879220117,0.02946889853684532
18,JAM2,brain_cortex,brain_spinal_cord_cervical_c-1,0.5249659306711825,3.7025667383471244,0.6282180392146591,0.13951723113527487,9.579354877982483e-05,1.3567182231846269,0.5627946055925036,0.3864583587702845,0.260209219141655,0.14058279756624323,0.0751150411569449,0.0540590207719562,0.03403756833562222
18,JAM2,brain_frontal_cortex_ba9,brain_hypothalamus,0.5845298197391104,4.193725645042771,0.44849228285199133,0.19119209717998675,9.930689517854193e-05,1.2299530910762901,0.5837832444096123,0.4114834633303648,0.31491786378714215,0.18019207054256065,0.09056531714317759,0.058555608342362564,0.03389878630408176
18,JAM2,brain_frontal_cortex_ba9,brain_nucleus_accumbens_basal_ganglia,0.4681035769671148,4.0930135883233945,0.3983345847053496,0.19581325944957284,0.00011589266624556891,1.220114241249811,0.5979098485869198,0.4146587583473293,0.28564727506624626,0.16605970373550966,0.0843131111990625,0.05424458392677104,0.033321430658375215
18,JAM2,brain_frontal_cortex_ba9,brain_putamen_basal_ganglia,0.50065021437448,3.674245839214892,0.5331950307203341,0.12826945821468927,8.125044939734336e-05,1.5266207099237044,0.6195932137197107,0.4219667629238713,0.29808781199000245,0.16380815525900191,0.07984650829497658,0.0516177116929894,0.031318712537714025
18,JAM2,brain_frontal_cortex_ba9,brain_spinal_cord_cervical_c-1,0.5202271563974665,3.8369878586641994,0.5201056066413441,0.1826453565653597,0.000113119659175343,1.3095951686387135,0.559867941145489,0.4338376094071569,0.2684832876579272,0.18028624877900906,0.08836163476457258,0.0595567393717917,0.035043001643850255
18,JAM2,brain_hypothalamus,brain_nucleus_accumbens_basal_ganglia,0.6529059641427952,3.1524982497721754,0.8123692898194976,0.04682737110081958,3.567569929563375e-05,2.2329696299229216,0.7557718798264963,0.46241166666534106,0.311930182338585,0.1638710909674898,0.1015719843116248,0.06136569463211562,0.0398093540203679
18,JAM2,brain_hypothalamus,brain_putamen_basal_ganglia,0.5147439534885547,3.810791114799154,0.5476925957920046,0.11713607678680393,8.151714196253676e-05,1.5084877053651797,0.7391142138158381,0.47487376290487315,0.32466023951943485,0.15032807128360878,0.09242579117459274,0.06259153114483196,0.036296186551437695
18,JAM2,brain_hypothalamus,brain_spinal_cord_cervical_c-1,0.6325564467854972,3.4893010399017768,0.57035832940046,0.06865797685750345,4.868545837288032e-05,1.851521292444491,0.6212103117405396,0.4628018662725931,0.33355053234993126,0.18712816880471034,0.10519617736884683,0.0659051566704862,0.04143557808495898
18,JAM2,brain_nucleus_accumbens_basal_ganglia,brain_putamen_basal_ganglia,0.5414147436124207,3.138717746221483,0.5154361593289629,0.06811598849049344,4.378888442758157e-05,2.0668191843979438,1.1549886165687329,0.4364182767745211,0.2852862782062928,0.1403473280985185,0.08660927178302477,0.060684111377609096,0.033856420378041666
18,JAM2,brain_nucleus_accumbens_basal_ganglia,brain_spinal_cord_cervical_c-1,0.5088722223179669,3.3433221252118317,0.5478577652851245,0.043420872525546876,2.7677359859888446e-05,1.792890656548271,0.6826123147429439,0.4615478790697593,0.2939496661622279,0.1701952050498874,0.09411094347854274,0.061183667733492896,0.040851597768366624
18,JAM2,brain_putamen_basal_ganglia,brain_spinal_cord_cervical_c-1,0.5000080162671019,3.1443584210056565,0.5020293192975065,0.0623100807781604,3.259695590283765e-05,1.801765502025906,0.6798505514363623,0.44750663877513375,0.3077775518695918,0.16626432578407993,0.0882802976602981,0.06333270149677725,0.03683357632303171
18,SH2D2A,brain_amygdala,brain_anterior_cingulate_cortex_ba24,0.7753083353914025,3.559997288817305,0.7150279493859194,0.056879535760167424,0.00012574751565661547,1.0778172753287456,0.40995157647562863,0.2123642288610438,0.1472171284737267,0.08366719515750679,0.052554616938835695,0.03460207095811492,0.025496584174780578
18,SH2D2A,brain_amygdala,brain_caudate_basal_ganglia,0.5789659122156765,4.803775992703099,0.6231499548334778,0.04684191357808058,0.0001274890001720609,0.6147070143210701,0.32709567677746026,0.23045945980859645,0.15539736076173405,0.08548964249363288,0.05463153606538952,0.03940613909430084,0.028747132499054463
18,SH2D2A,brain_amygdala,brain_cerebellar_hemisphere,0.5657478285688434,4.629759132021351,0.5541131267750142,0.060148269138408136,0.0001443019811883584,0.5205885985367138,0.31016636695216504,0.23007182114452274,0.12807235026605496,0.06782205185052366,0.05259834284625078,0.03389178470260384,0.0230270957665168
18,SH2D2A,brain_amygdala,brain_cerebellum,0.5700851790825425,4.329668908112231,0.6126809314396899,0.04525676962175012,9.063956049544457e-05,0.5740029348838883,0.29007877052153186,0.22018659875661434,0.11202828051447995,0.07041021808649174,0.05158311884791854,0.0361970850732375,0.02255509257415116
18,SH2D2A,brain_amygdala,brain_cortex,0.5686525177178953,4.730868717913786,0.6476678478070412,0.0302123939327149,8.678343138032214e-05,0.5196451479196178,0.3267057339917857,0.2068484195737248,0.1306111547875587,0.08154259323776204,0.05608187187120582,0.038103520140384595,0.025504023003546216
18,SH2D2A,brain_amygdala,brain_frontal_cortex_ba9,0.6394300601231346,4.425057859442017,0.6575504824865954,0.046627272525146,0.00010348525753388,0.6323037669854528,0.3136809984441392,0.1975619119891813,0.14527194858612158,0.08421251898273377,0.05524562817983584,0.0356521851826679,0.02566137114161906
18,SH2D2A,brain_amygdala,brain_hypothalamus,0.582032700116437,4.259017690495429,0.6310666011261835,0.033944588298407505,0.00010758150177887565,0.8665480877532913,0.4120622760599983,0.26097640500014324,0.17302334409211217,0.08853675128372043,0.0610443732212312,0.043770066971693014,0.03307767914759672
18,SH2D2A,brain_amygdala,brain_nucleus_accumbens_basal_ganglia,0.6006993793237038,4.58914486764031,0.5698110415971318,0.05457946457855556,0.00015219890906738477,0.7487258249041556,0.3619055275133279,0.27272011693116727,0.16715259412998404,0.0809057352629824,0.054883219019956464,0.0432566278109512,0.03025262950519856
18,SH2D2A,brain_amygdala,brain_putamen_basal_ganglia,0.528304311769525,4.591146097954682,0.5151556809103062,0.06576530146037374,0.0001469018602136,0.6730462305899895,0.3125908699571786,0.20690530266885454,0.14624525643831182,0.08347131597167909,0.05331367741540118,0.039128197042512455,0.028295546239615176
18,SH2D2A,brain_amygdala,brain_spinal_cord_cervical_c-1,0.4301267442876025,4.508883868264191,0.3761769039389647,0.050492944605914726,0.00011003461749654001,0.8156089609686156,0.42100726740506345,0.25750806751975636,0.15196791435097137,0.08919982187325164,0.061888745948208236,0.042503248187661505,0.03148539627428832
18,SH2D2A,brain_anterior_cingulate_cortex_ba24,brain_caudate_basal_ganglia,0.554929828246963,4.994130436828701,0.4582052926861123,0.03027380403590928,8.252504748647165e-05,0.5261380157567792,0.2858521092706163,0.21781906902884626,0.13250590072892038,0.08182972066535914,0.05160693602937758,0.0333820127810545,0.02507584672476752
18,SH2D2A,brain_anterior_cingulate_cortex_ba24,brain_cerebellar_hemisphere,0.5409128266827945,4.722792730418732,0.5045693878386187,0.04724347314832682,0.0001365863460472576,0.4889409961223561,0.26173330694875907,0.21824783721592983,0.11567538573776434,0.06743729093496337,0.049545495914338336,0.029415205899219497,0.01944105841002062
18,SH2D2A,brain_anterior_cingulate_cortex_ba24,brain_cerebellum,0.5514470697250635,4.6003888623082245,0.5314350476647414,0.031108988753144762,8.455606761227896e-05,0.5144124759392037,0.2818661405910289,0.20569401153994518,0.10304565690459637,0.0660363637050808,0.04979358392875562,0.03205529596434908,0.01884472479348974
18,SH2D2A,brain_anterior_cingulate_cortex_ba24,brain_cortex,0.7106242507057288,3.809472173300194,0.6401925261525563,0.0467230414318354,0.00010293158838798721,0.6531977825380946,0.40605384133705813,0.20309029589379737,0.12050235222383845,0.08079568508350292,0.04872912276203596,0.03179689931306552,0.02173179806496084
18,SH2D2A,brain_anterior_cingulate_cortex_ba24,brain_frontal_cortex_ba9,0.8059096990848549,3.613044018785117,0.737280533251033,0.0157266234305867,6.516488311971729e-05,0.7427370033462136,0.3727794376504649,0.21130259316488448,0.14270992824877243,0.07772860180723125,0.048818423311578124,0.03024722872384098,0.02054997026841398
18,SH2D2A,brain_anterior_cingulate_cortex_ba24,brain_hypothalamus,0.593478293767655,4.078296424058576,0.539221638587844,0.04560396335386316,8.75334539901931e-05,0.8253225360888754,0.3522232070320659,0.26523279165603014,0.1545215250378989,0.08871747222685158,0.05781945963395504,0.03682873075297088,0.0234698769023432
18,SH2D2A,brain_anterior_cingulate_cortex_ba24,brain_nucleus_accumbens_basal_ganglia,0.6218608178941296,4.359943921401149,0.7974294249653422,0.02298939688066854,5.161806700955522e-05,0.7307013280470018,0.3481072772918165,0.2325193852647925,0.14079745733492233,0.08873682506853248,0.04981498630906962,0.03621429407267766,0.023569359794866417
18,SH2D2A,brain_anterior_cingulate_cortex_ba24,brain_putamen_basal_ganglia,0.5012939328478476,4.914876781974682,0.3291480228453407,0.05522713102212286,0.00012697045380950867,0.5603194020048157,0.2694480607085459,0.20404518320991594,0.1354295300564049,0.07338351239969162,0.050850747707354906,0.03292076227143836,0.02566568396498098
18,SH2D2A,brain_anterior_cingulate_cortex_ba24,brain_spinal_cord_cervical_c-1,0.4434604596172328,4.401416869018096,0.37687824217383814,0.11718982842887275,0.00016033148491134,0.769586052737927,0.4223091027784115,0.2326521379073983,0.14362717391893715,0.09234337074472511,0.05603291579105146,0.037122303406247906,0.02355997233164472
18,SH2D2A,brain_caudate_basal_ganglia,brain_cerebellar_hemisphere,0.4918211583045444,5.011324658728644,0.5103158142903759,0.04558604898568488,0.00013333274076036554,0.43251022172283937,0.2556945790827448,0.20711291806538448,0.11812524217065494,0.06911849094816697,0.04898568758249352,0.031681784703239055,0.02149363474914854
18,SH2D2A,brain_caudate_basal_ganglia,brain_cerebellum,0.5211938499148318,4.947563169105799,0.5468972863407531,0.03140447323029022,8.85463523067701e-05,0.47705867797347457,0.24912587218322363,0.2087260318158896,0.09793393720279238,0.0635224823078005,0.0495289062322885,0.035621117153922084,0.02218371339333846
18,SH2D2A,brain_caudate_basal_ganglia,brain_cortex,0.5833126424026653,5.212603001206498,0.5701685327019163,0.03500985142786766,0.00013053227892267913,0.45951781161175215,0.2556080148511803,0.1901316811916543,0.13128441865750184,0.08292382781251222,0.0587088331048381,0.03547293793131162,0.02538987443519104
18,SH2D2A,brain_caudate_basal_ganglia,brain_frontal_cortex_ba9,0.5993312026383393,5.0073230042029335,0.5552690004638781,0.03018507053286118,0.00012923798260633068,0.5334272845714276,0.2556403861920322,0.19203806586445266,0.13500208438509576,0.08019034324563921,0.05651228531487333,0.034916799695424286,0.02374310106024426
18,SH2D2A,brain_caudate_basal_ganglia,brain_hypothalamus,0.4962758541899559,4.858704186198968,0.6312491852352531,0.02470934766992392,9.286858208698128e-05,0.5838867434071064,0.33382025970615015,0.25842635152922006,0.15526394159392204,0.09440746984790724,0.058871215354282344,0.04112025272175616,0.030130049269660657
18,SH2D2A,brain_caudate_basal_ganglia,brain_nucleus_accumbens_basal_ganglia,0.6737360010142589,3.9548657871538646,0.7001005308160017,0.031488091495734276,0.00012561964565655943,0.8263146808392456,0.36398820120873615,0.24097611476908148,0.16266550441999997,0.0838861368913211,0.057119495959932196,0.0373220258374964,0.026720825607110178
18,SH2D2A,brain_caudate_basal_ganglia,brain_putamen_basal_ganglia,0.8665652729771253,3.3446044148196483,0.9007600977870969,0.04622556871179302,0.0001434685919862458,1.4216552241080058,0.41974419137959573,0.2107302772308445,0.15102465629238396,0.08128431255427546,0.05292453146425776,0.034850312463412816,0.025713909540339343
18,SH2D2A,brain_caudate_basal_ganglia,brain_spinal_cord_cervical_c-1,0.41197040219063463,4.605443539356193,0.3821882015858204,0.10822191608879442,0.00026240656851764,0.7204975627813651,0.3096425308487293,0.2434134928402137,0.14747022490454653,0.08621685519184985,0.06328825833097237,0.03927943996909598,0.029814416140304823
18,SH2D2A,brain_cerebellar_hemisphere,brain_cerebellum,0.7218971356718042,3.2462058531340374,0.6998659061828388,0.043420014511918584,0.0001553875884418339,0.7319851695252405,0.36500897312068614,0.20228004703449126,0.09666850187904177,0.06088094817815698,0.0418005994298646,0.031176717200187422,0.017969167564019402
18,SH2D2A,brain_cerebellar_hemisphere,brain_cortex,0.5026086734108317,5.0015586303759445,0.49515725998918353,0.046081898904754635,0.00013417273360661665,0.37766124312664395,0.2934936229937332,0.19847011120213695,0.09749371693973784,0.06908855642392246,0.050524983983662744,0.03106745565843948,0.0201350939295698
18,SH2D2A,brain_cerebellar_hemisphere,brain_frontal_cortex_ba9,0.5464407993774325,5.013545742646924,0.514376554230391,0.0247045980615884,9.674357441604556e-05,0.4251410040479918,0.28892522010316507,0.18390585548041855,0.11081359007908191,0.07039538286458143,0.04912475098802112,0.03063337624707314,0.01956935510081364
18,SH2D2A,brain_cerebellar_hemisphere,brain_hypothalamus,0.46425623260917287,4.958351719215043,0.4438462489531746,0.09959077981477199,0.00025443752885504,0.5487348718528258,0.32505751238380154,0.21268723523826835,0.1397250196314954,0.07667652983789344,0.054392892670417206,0.03454995340340534,0.022709051504656817
18,SH2D2A,brain_cerebellar_hemisphere,brain_nucleus_accumbens_basal_ganglia,0.5151238630541901,4.7234187122782085,0.5268824739515285,0.0409652021828614,0.00011949812166932926,0.5482700247549619,0.2883774245679629,0.21586394239873474,0.12641229442116403,0.07377975214415919,0.050685874821647006,0.03184551650858528,0.02174573669171808
18,SH2D2A,brain_cerebellar_hemisphere,brain_putamen_basal_ganglia,0.44203029382812414,4.939017862208954,0.3819481444268276,0.03316553566825084,0.00011723983633961678,0.41503167164897936,0.2636871825671902,0.19485112375610458,0.11510098885466498,0.0693665197521595,0.048434237041185976,0.03113087353461686,0.021589802415677078
18,SH2D2A,brain_cerebellar_hemisphere,brain_spinal_cord_cervical_c-1,0.36766794528286656,4.812876396023818,0.2821484919059998,0.09808335453009208,0.00017863979763585997,0.5321251385334961,0.31431526255179587,0.2443674109708464,0.12661299370963333,0.07953060855713875,0.050689075267798554,0.03458443383278652,0.02269472221453342
18,SH2D2A,brain_cerebellum,brain_cortex,0.5730132049767873,4.509699315422875,0.6763279677306794,0.021114796622165883,6.0509013270415155e-05,0.47312695511584063,0.2877802361516941,0.19711736093048446,0.09814580602235383,0.06578836251341832,0.05116929442720288,0.033123342854434926,0.019130993154545202
18,SH2D2A,brain_cerebellum,brain_frontal_cortex_ba9,0.5805543315147446,4.819568598569709,0.5894823837386213,0.03227916353657586,0.00011971876422313608,0.5122332710653272,0.2773637694129043,0.17430897491292371,0.10357029914115942,0.06668903127516443,0.05067813412705102,0.03208522584809176,0.01926333209041804
18,SH2D2A,brain_cerebellum,brain_hypothalamus,0.4696662020848736,4.966802193348412,0.5455577433483042,0.05017972595884129,0.00010608094451780002,0.5749053160499664,0.30958449704149793,0.22200398164405644,0.12186419455259083,0.07181281476367654,0.05787021170670842,0.04158235726519728,0.021661320661910982
18,SH2D2A,brain_cerebellum,brain_nucleus_accumbens_basal_ganglia,0.5311280629349525,4.662729096183537,0.48692039921767105,0.06195203243455159,0.0001649809575363158,0.5755644408454369,0.27376746678345365,0.22771429660289538,0.10480243212295544,0.0712179714658734,0.051709570207642754,0.03789262505289522,0.021032669127134102
18,SH2D2A,brain_cerebellum,brain_putamen_basal_ganglia,0.4771880327100374,4.867849152079373,0.4231078822777383,0.03888985743069942,0.000137417341826677,0.5060077795560659,0.24560070086923563,0.1933515712678963,0.09323228431604477,0.06656120671576757,0.05185632865732141,0.03399630408324198,0.02139561667923736
18,SH2D2A,brain_cerebellum,brain_spinal_cord_cervical_c-1,0.3930139796783063,4.755230370280885,0.32493196798595964,0.10699137223027932,0.00018288847891997613,0.6227445583214095,0.3246108999146541,0.21257792537002773,0.10828166073170546,0.07686696685962471,0.06048802943036998,0.0412844620810392,0.02187513814492038
18,SH2D2A,brain_cortex,brain_frontal_cortex_ba9,0.7970790846277409,3.7282389944402765,0.7589281672779207,0.03964449742507936,0.00011064730877647748,0.6701622539683991,0.3807074333423296,0.20648424881013333,0.11111345560211458,0.07654693578233362,0.05324033926582948,0.03327076898379528,0.02090956979875448
18,SH2D2A,brain_cortex,brain_hypothalamus,0.47516439915010833,4.74488508917414,0.5422886004394926,0.038097029109068384,8.460959646643094e-05,0.493946231984083,0.2825458032039805,0.2269855622696874,0.13640002138408913,0.08848808271591295,0.06789937703180678,0.041290743379697736,0.025923633172749084
18,SH2D2A,brain_cortex,brain_nucleus_accumbens_basal_ganglia,0.5567230630399838,4.823395112158811,0.47941164920472384,0.04989534087934579,0.00015009685433660754,0.4960195483395638,0.27628520795607164,0.2172717592017853,0.13423375376861746,0.08125075471220655,0.05431118320454762,0.04046384883069306,0.02438101031563648
18,SH2D2A,brain_cortex,brain_putamen_basal_ganglia,0.53211062401103,5.163040910212137,0.4444352057200434,0.03968853372618742,0.00014071393640166817,0.47067410589007863,0.2344044762327206,0.19571270514905995,0.12249025049586595,0.08548755784333653,0.055821235243281794,0.036236649027226765,0.023916852097893238
18,SH2D2A,brain_cortex,brain_spinal_cord_cervical_c-1,0.4156777008933088,4.63464887773389,0.34618272687342183,0.06824092582808863,0.0001845293687044,0.6200650003757814,0.34157706300288965,0.2316691115527382,0.13525211856174482,0.08689681847443281,0.059780139297137255,0.04321661342402604,0.02462037332247882
18,SH2D2A,brain_frontal_cortex_ba9,brain_hypothalamus,0.5823177260270199,4.161545588591151,0.6110600465619884,0.04459004740248334,0.00010500674802486555,0.7215770542182917,0.31357108311796933,0.21912224795974908,0.14934464671791606,0.085045738464943,0.058719720231646476,0.03697555012633568,0.024902496289963157
18,SH2D2A,brain_frontal_cortex_ba9,brain_nucleus_accumbens_basal_ganglia,0.6224164654517276,4.549170014857591,0.7302715327362649,0.01721889431508698,5.719402634013708e-05,0.6568567213926968,0.2948022064575967,0.20593301535038014,0.1391546722441582,0.08146153449260109,0.052438365880608885,0.0387786217323398,0.02353122725479208
18,SH2D2A,brain_frontal_cortex_ba9,brain_putamen_basal_ganglia,0.5534022132448749,4.8298995232531166,0.32239223291102487,0.02850593482491946,9.850081318135768e-05,0.5977772370309167,0.24176894842256685,0.18544043437205035,0.13007764878782993,0.08333064386353334,0.0524592111163333,0.03460232367389852,0.023449178505621778
18,SH2D2A,brain_frontal_cortex_ba9,brain_spinal_cord_cervical_c-1,0.4720890318776612,4.1749138620654085,0.4516433432002233,0.09822691605489861,0.0001805797185892,0.8166114444519994,0.33363025863875484,0.2135827258924789,0.12788521194705119,0.0867945214642442,0.057305415393229656,0.03886435739598914,0.02410096330584698
18,SH2D2A,brain_hypothalamus,brain_nucleus_accumbens_basal_ganglia,0.5924919983138353,4.0611490846839375,0.599607956871615,0.06277724637350858,0.000179156697188594,0.8200620301758764,0.38495868280569706,0.2574091894233268,0.17209454315981426,0.09163833669760264,0.0637322637334868,0.046527265512927365,0.026821954085002382
18,SH2D2A,brain_hypothalamus,brain_putamen_basal_ganglia,0.4539310311306113,4.686403361352196,0.46536673812753654,0.06485393131681458,0.00018379557265652,0.6646984936471962,0.31884676951636143,0.22408415353786296,0.1365057265660929,0.08906680942993428,0.061671108684040424,0.04046038299222016,0.029083749019963162
18,SH2D2A,brain_hypothalamus,brain_spinal_cord_cervical_c-1,0.46989030466017034,3.7682013676866126,0.4541682253559395,0.1032071253806059,0.00031105090503593996,1.048890736389207,0.45216982430731123,0.2424027917667769,0.16643096011566766,0.09985323126082374,0.07468062213217758,0.04795453428271842,0.027830272155452158
18,SH2D2A,brain_nucleus_accumbens_basal_ganglia,brain_putamen_basal_ganglia,0.6180092031202982,3.8918869069656283,0.49041574767904716,0.04173753732524532,0.0001538287986701,0.8791726230690952,0.3765556300277582,0.21761449784902842,0.14911295025082544,0.07598570554356336,0.05625139149880102,0.0393732679894855,0.025989557698077797
18,SH2D2A,brain_nucleus_accumbens_basal_ganglia,brain_spinal_cord_cervical_c-1,0.44926986613723896,4.438523999227243,0.4222924218550637,0.0964275502871256,0.00022959389430494,0.8169412663378859,0.39966624213288315,0.26631184051810597,0.1639131064931289,0.09260581920319504,0.06182731751021644,0.04549091396776277,0.0275141929237536
18,SH2D2A,brain_putamen_basal_ganglia,brain_spinal_cord_cervical_c-1,0.3912765795034826,4.387981501212372,0.36804804724932005,0.07550413343165477,0.00013860849888716,0.792578497245264,0.3027132887500271,0.2282092754791242,0.14293849062334876,0.0886066024094071,0.059965216201230596,0.03817940011121666,0.028853008781371137
19,JAM2,brain_amygdala,brain_anterior_cingulate_cortex_ba24,0.5663370532018448,3.215558291870771,0.6531328287499003,0.07223378557322406,8.35942194067781e-05,1.6424736667171138,0.48206042935128257,0.32310829178307254,0.23990594097421386,0.16981559519582962,0.08640168314411209,0.05676410565754312,0.02690944539349722
19,JAM2,brain_amygdala,brain_caudate_basal_ganglia,0.3704754362931627,4.283668478630579,0.27753665018634177,0.1174799214777478,0.00012628350141394336,0.8856399529092723,0.4692610423116032,0.2878543753690933,0.22626178593298302,0.11583336492705185,0.07591802857481415,0.06210446524682232,0.0336442708530481
19,JAM2,brain_amygdala,brain_cerebellar_hemisphere,0.3684064976726807,4.128210840211252,0.3502336750075995,0.08845533431376415,9.676074338255721e-05,1.2600329277484859,0.3802480346301267,0.26969563832258403,0.20480360496035127,0.10218708138655677,0.07652475522883298,0.044400588186255564,0.0264005533617254
19,JAM2,brain_amygdala,brain_cerebellum,0.30810045546371284,4.37107915573578,0.36446169847884197,0.15417277277658376,0.0001392380545140523,1.0793965998060575,0.3991310059898099,0.2605572602727929,0.1866278572708418,0.10328537734806491,0.06705735165251354,0.04231469175354048,0.02489230060876258
19,JAM2,brain_amygdala,brain_cortex,0.47375024907911306,3.963081303694898,0.5332045223599989,0.12664080660927485,8.626884370106968e-05,1.1678623709315643,0.4434932055767143,0.27202782856609353,0.19280825016729952,0.14901660391444685,0.07032833172906476,0.05269780529261856,0.02640613109678096
19,JAM2,brain_amygdala,brain_frontal_cortex_ba9,0.4563188074025761,4.043687206130725,0.3695259759965758,0.164847823283607,0.00016793473284127552,1.0046878156646444,0.42666264907506585,0.27072627556135354,0.22654256890033309,0.1679782589290847,0.07507381644771795,0.054372293165134845,0.02790800059754356
19,JAM2,brain_amygdala,brain_hypothalamus,0.5351506432986277,3.8484752820723704,0.5480438527504806,0.04367686359257752,9.647721593109082e-05,1.2899463257908683,0.41443898954361885,0.3244650620018825,0.2702184520200407,0.1794031514003365,0.10086714081088603,0.07175988160825128,0.032685065267940475
19,JAM2,brain_amygdala,brain_nucleus_accumbens_basal_ganglia,0.47488297266383234,3.854752612512975,0.4187255445614303,0.058004829137721245,7.988973408115344e-05,1.5654952636193105,0.5082019573672236,0.3537697705404665,0.2539214752238331,0.1340240372846943,0.08598876999541531,0.062299900412477585,0.03426813661481606
19,JAM2,brain_amygdala,brain_putamen_basal_ganglia,0.4322434656052356,4.009856450314712,0.3874452062665854,0.09172113707478105,9.533360302211487e-05,1.340827630523406,0.44741940556869136,0.3095638774356478,0.2569436982840766,0.11491424329434444,0.08054628715261693,0.05743607069937122,0.03122258156215716
19,JAM2,brain_amygdala,brain_spinal_cord_cervical_c-1,0.39743612758711383,4.379982574759493,0.44139628568158323,0.047313830919116485,5.618244120267778e-05,1.1189073360671469,0.4923865493279755,0.36479988403939473,0.2512623297366043,0.16858716096909504,0.08847562215490781,0.06391182479549665,0.0357631744324509
19,JAM2,brain_anterior_cingulate_cortex_ba24,brain_caudate_basal_ganglia,0.33157167571291807,5.005427569750891,0.3104200961545827,0.0896232058123408,0.00010967567660689049,0.5985117852538411,0.3762843498133363,0.24989302398771351,0.21506035902602988,0.11513932227003607,0.07271060868274408,0.05203362054414612,0.03198315488294676
19,JAM2,brain_anterior_cingulate_cortex_ba24,brain_cerebellar_hemisphere,0.3509641651872938,4.427913694158993,0.33279943144657936,0.15785871219045614,0.00012430946200245617,0.9190355646326982,0.3449666624601776,0.2540687443880715,0.17567815945259516,0.10187394331229242,0.07327197679234118,0.03852390842657736,0.025226876362245
19,JAM2,brain_anterior_cingulate_cortex_ba24,brain_cerebellum,0.3128366811826219,4.45685478261838,0.40818958796362226,0.19070410847412583,0.00013862790773186407,0.9184087245900434,0.35510722443659376,0.2228122922799462,0.17643519092639787,0.09653800417445868,0.06454608168228632,0.03787842062418194,0.023536418424676058
19,JAM2,brain_anterior_cingulate_cortex_ba24,brain_cortex,0.6635902740633636,3.0082122184284423,0.7435863768704452,0.16420132061193746,0.00020860447494344087,1.4099652116075319,0.5124564490106128,0.28174803585028074,0.18506588254916018,0.12881303170942077,0.06169478983404162,0.04520202058961154,0.0249134411493249
19,JAM2,brain_anterior_cingulate_cortex_ba24,brain_frontal_cortex_ba9,0.694976985929475,2.751387964995449,0.6703341781107893,0.2334603769488722,0.00043615089956853994,1.4701043578881374,0.49381301305152786,0.2916328113842576,0.20069870516781782,0.14446962040198688,0.06568345685325762,0.0494343251716022,0.02528671183455074
19,JAM2,brain_anterior_cingulate_cortex_ba24,brain_hypothalamus,0.495286870606009,4.542903697387467,0.5177909404069372,0.06039988530450922,6.878094022026477e-05,0.9691749824314522,0.41663344695656235,0.2923867929120026,0.2306780044105769,0.14146984852138872,0.08819679155635032,0.06163020682263302,0.03154219890238282
19,JAM2,brain_anterior_cingulate_cortex_ba24,brain_nucleus_accumbens_basal_ganglia,0.4189094067457485,4.464546956440268,0.39818949025750505,0.05343477547915404,6.878692981184972e-05,1.0549178405744257,0.42001818731986507,0.3272254235011726,0.2083025292105966,0.15097223914684962,0.07919128254959094,0.04908457166073726,0.032805423994312535
19,JAM2,brain_anterior_cingulate_cortex_ba24,brain_putamen_basal_ganglia,0.3837315437401914,4.6051909699077225,0.4799122330529392,0.05402667851809364,8.161377292962072e-05,0.868488890884916,0.3738755475240073,0.2725604311297767,0.23108126329867673,0.11226866765903365,0.07431095953836776,0.04734538633737166,0.03048743552859884
19,JAM2,brain_anterior_cingulate_cortex_ba24,brain_spinal_cord_cervical_c-1,0.40222084298047206,4.463869524031118,0.4499383859285343,0.11267563038415467,7.745181474671202e-05,1.0677693746988877,0.4226439634514412,0.32423365830871265,0.21709922770053702,0.16776537840151287,0.08210485731482357,0.05075862499417172,0.03287432696761206
19,JAM2,brain_caudate_basal_ganglia,brain_cerebellar_hemisphere,0.28664127319117494,4.599975919470273,0.21646291327071393,0.11467365952592876,8.867320717682609e-05,0.6772606757343737,0.37431517890930444,0.2326701376815707,0.1543650576238723,0.0867109617449857,0.06835307007801684,0.0406949275728084,0.02988816547417148
19,JAM2,brain_caudate_basal_ganglia,brain_cerebellum,0.2639693279477359,4.519414058778489,0.22973380169518176,0.13845935692582484,9.011513151467967e-05,0.6368656568314063,0.40280293054415095,0.21238431625618132,0.14474752116624345,0.09009150495969166,0.06323063194661757,0.0390618915822517,0.02676642400423892
19,JAM2,brain_caudate_basal_ganglia,brain_cortex,0.38099582879454813,4.326741327106291,0.3216628479234024,0.09440969524124704,0.00012820620769764395,0.7235463980729694,0.41131497892309155,0.21748614688495022,0.17180924402400818,0.10567487711515941,0.0647799904032636,0.046162832070601977,0.03236443547924702
19,JAM2,brain_caudate_basal_ganglia,brain_frontal_cortex_ba9,0.3440298041003532,4.921914134961671,0.3065170589070984,0.06635771352230205,8.540834169912961e-05,0.5427223484742074,0.3946987559644639,0.25674197551153716,0.1960953902916571,0.10948695891054464,0.06593803194333739,0.04816664427548452,0.03215466224973746
19,JAM2,brain_caudate_basal_ganglia,brain_hypothalamus,0.41674186302846616,4.394272162414225,0.36072483079275075,0.14569006361988995,0.00015478508504794316,0.840008349284157,0.4253821519238065,0.2641261493960109,0.21532177031953528,0.11458349536013294,0.08340408019715294,0.06289004803563611,0.039906533562369
19,JAM2,brain_caudate_basal_ganglia,brain_nucleus_accumbens_basal_ganglia,0.502533156807628,2.9971835498313792,0.40819009752376856,0.08807143344395867,0.00013083288020329106,1.4370129109541376,0.618773418074924,0.23985431990204803,0.1836245615575673,0.1079477619543954,0.07660776140562188,0.05769348996805403,0.03861151920632294
19,JAM2,brain_caudate_basal_ganglia,brain_putamen_basal_ganglia,0.749470028859354,2.275558848552108,0.7238271509608616,0.059536997490397835,0.00012399242392671083,2.529307538715994,0.6474775860094353,0.27314709073815785,0.20156972075501084,0.10365924293011171,0.06693221887074988,0.05392645637875122,0.03248819960930232
19,JAM2,brain_caudate_basal_ganglia,brain_spinal_cord_cervical_c-1,0.36422336449368126,4.021535075850528,0.3203510463387208,0.1271534510216346,9.805599509360086e-05,1.1027657042546295,0.4533837481305329,0.2850896078042544,0.23533125702455485,0.11614228005078224,0.07478466941980591,0.06294669301913136,0.037552621496048016
19,JAM2,brain_cerebellar_hemisphere,brain_cerebellum,0.5992575191330142,2.3774501057977444,0.5518958281541062,0.11225988986250861,0.00021731889897540178,2.0936869196926393,0.8275503625980327,0.2302104350098499,0.1538727828066923,0.07753118094862363,0.06047764565211412,0.02950447105117506,0.02158136792007806
19,JAM2,brain_cerebellar_hemisphere,brain_cortex,0.3572864831351012,4.239884480606514,0.40717284179818264,0.12790726542346503,0.00012706060124566376,0.8935865759601406,0.32393365116227174,0.21178730602670695,0.15695793427459181,0.09099297120190447,0.05619539028461692,0.03872387883451732,0.02452013874639174
19,JAM2,brain_cerebellar_hemisphere,brain_frontal_cortex_ba9,0.3223452163689195,4.505153741892102,0.3740332321586358,0.18589404752879746,0.00013861633192266003,0.658837498227755,0.32369238093568525,0.22970109660198385,0.16729771242547314,0.10183703980095307,0.05693145960752892,0.04044399411556088,0.02507597879031042
19,JAM2,brain_cerebellar_hemisphere,brain_hypothalamus,0.38971823450702886,4.218752414226033,0.5216563894041012,0.08471130095475075,4.721065748058103e-05,0.8130794079049544,0.4191404264626023,0.2616723061982481,0.1925778513001763,0.10151217405522803,0.07467084146142214,0.04461130229161642,0.03024518513893094
19,JAM2,brain_cerebellar_hemisphere,brain_nucleus_accumbens_basal_ganglia,0.3391252050602466,4.398698676441988,0.3562676098856635,0.1413241092461906,0.00010502824392819828,0.9428487313765233,0.45488898864066385,0.28462969648481684,0.17275028886560018,0.08982748752004985,0.07587158610423989,0.040342481922096815,0.03030317932256954
19,JAM2,brain_cerebellar_hemisphere,brain_putamen_basal_ganglia,0.34745310781076444,4.329985138983567,0.30848350661392365,0.08159088826470572,4.891338558742704e-05,1.0509053817054064,0.4045012152506778,0.2554845412521985,0.16702312077759376,0.08560085053210949,0.06645469583699101,0.0394400712340981,0.028076489284401242
19,JAM2,brain_cerebellar_hemisphere,brain_spinal_cord_cervical_c-1,0.3403839486075107,4.139785601219764,0.4218784297296958,0.08907998406321642,7.535578660115818e-05,0.984577017261295,0.472541278226868,0.30412147170489046,0.17738425791750112,0.09526475824838002,0.07762829352454498,0.04186918606712942,0.02976284347370372
19,JAM2,brain_cerebellum,brain_cortex,0.34232560814028884,3.946035064881703,0.3563695409226947,0.07136944702954828,0.00012094867108712712,0.9355350737117047,0.3389920647791949,0.2092246878910972,0.15116996905078384,0.09128984628289684,0.05240491060187528,0.03582832326058088,0.02343865185855156
19,JAM2,brain_cerebellum,brain_frontal_cortex_ba9,0.27781831004217916,4.462327202306762,0.30018910463781656,0.1377317695706706,0.00012106526000097058,0.6110143675380623,0.2985483456764926,0.212390510991046,0.1587748054033662,0.09699320044730202,0.05249183994819025,0.03863610604611428,0.023284819346999462
19,JAM2,brain_cerebellum,brain_hypothalamus,0.3248042592196166,4.248833027250708,0.4286231016790958,0.15478866554843956,9.717622737197957e-05,0.6972720896902637,0.4088055229852401,0.24529232527882877,0.1783782184431466,0.10974991419477823,0.06458462901270871,0.04278753632810522,0.02862415954092624
19,JAM2,brain_cerebellum,brain_nucleus_accumbens_basal_ganglia,0.3115043816236187,4.231990797561923,0.30825644547149655,0.20921605050504902,0.00012819479328690758,0.8805867040565338,0.4809544450705984,0.2424027140144856,0.1793756641015873,0.08971373282468229,0.06864853372215476,0.03922133986234284,0.028088444067828962
19,JAM2,brain_cerebellum,brain_putamen_basal_ganglia,0.308144408812675,4.069632500304244,0.35796368976627163,0.11243666068798372,6.204165857220192e-05,0.8847559239802022,0.40849656880255275,0.22081533480115884,0.16819010939318757,0.08985239976736398,0.0635569355502867,0.03625743366263324,0.025603772306761603
19,JAM2,brain_cerebellum,brain_spinal_cord_cervical_c-1,0.3010258998723446,4.262601083324423,0.41728932319005063,0.10036740987319984,8.578060691779316e-05,0.9685531577058961,0.4722185419159656,0.2920657783382168,0.1834306745147373,0.10115971574629239,0.07046390919752007,0.04014633374925194,0.026816283710110116
19,JAM2,brain_cortex,brain_frontal_cortex_ba9,0.7162939550394374,2.7111684416040385,0.6876556905724275,0.10103079627027864,0.0001513169322941282,1.4084637001409752,0.48468801144336926,0.2667861975660224,0.17508917198323176,0.12323491731176639,0.05674091882426714,0.04318920489023118,0.02465183609025798
19,JAM2,brain_cortex,brain_hypothalamus,0.4691541633285106,4.627078622402018,0.4061968784041937,0.15452262081755314,0.00016261655300704175,0.8520985770855223,0.3341819611282908,0.25228653885290714,0.18757558914872102,0.13380414843968252,0.06824159618844736,0.05781927011877012,0.03182724180648968
19,JAM2,brain_cortex,brain_nucleus_accumbens_basal_ganglia,0.43745613445679493,4.097991987616476,0.3346579985800989,0.1408236207004207,0.00015298939801385253,1.0768260589207412,0.3883334703482818,0.2526530082544992,0.1771671868184909,0.13321011298840324,0.062215981476651486,0.04826002893233588,0.03403183413386574
19,JAM2,brain_cortex,brain_putamen_basal_ganglia,0.44332532993615975,4.048786471316532,0.46273343595101685,0.10752497369119027,0.00014865339128982232,1.0265188736263426,0.40912197669894645,0.24616607231536736,0.18078724630582013,0.1037520317147107,0.06282165521071163,0.0455201005166269,0.02948114730348294
19,JAM2,brain_cortex,brain_spinal_cord_cervical_c-1,0.4485736031051701,3.613442495156071,0.49820142334753365,0.13003599496054533,0.0001181805010760208,1.3510442026919902,0.36681348625803895,0.26909414107022483,0.20783800029522745,0.14271537542148133,0.06323448841925118,0.051393597219534036,0.030803678608200803
19,JAM2,brain_frontal_cortex_ba9,brain_hypothalamus,0.4610237846876227,4.856408166339533,0.39535230284591216,0.17143870705346306,0.0001221425072013593,0.814699926947313,0.3336315652558154,0.27551170833921756,0.2168349489278402,0.1492104293487305,0.075923717868925,0.059726397351703056,0.0323908697491613
19,JAM2,brain_frontal_cortex_ba9,brain_nucleus_accumbens_basal_ganglia,0.37478738349203067,4.700887460041599,0.34079123481927376,0.11220089199411801,0.0001390034047809478,0.7505783320033699,0.3689855623726761,0.2540818030200296,0.20385338345438647,0.1368959308890291,0.06274484798831167,0.05228567336945358,0.033567552890972865
19,JAM2,brain_frontal_cortex_ba9,brain_putamen_basal_ganglia,0.37659055499381816,4.6588985613908935,0.45390073332697367,0.09244840662249286,0.00011372948563208119,0.6836240785190382,0.3787253257461308,0.2736702489831986,0.21099712594613992,0.10662346047250715,0.06205718645695864,0.04671080899398032,0.030915468314157923
19,JAM2,brain_frontal_cortex_ba9,brain_spinal_cord_cervical_c-1,0.41289135798081816,4.197075013766422,0.34318762636751027,0.18030508830786893,0.00013275857745870002,1.1374595002237267,0.38018389992294244,0.2807195650358626,0.22851783936869646,0.14666430912547054,0.06841096859293544,0.052494520184574234,0.03325972101921678
19,JAM2,brain_hypothalamus,brain_nucleus_accumbens_basal_ganglia,0.5633988451305315,3.3736012027554287,0.682827182597669,0.04880874478151578,7.221487514812889e-05,1.3653349437250712,0.5721396099117189,0.29210425266480905,0.23748753774648698,0.12822475195248667,0.08596813065804065,0.06775312908162694,0.04136425872440292
19,JAM2,brain_hypothalamus,brain_putamen_basal_ganglia,0.46468460306956993,4.224112748721766,0.5115328659157015,0.09744126277731366,8.293076704254418e-05,1.0439728088199378,0.4395548885033236,0.277001524607872,0.232536902735435,0.11885722919115049,0.08510637317361378,0.061211051384195136,0.03472555937867046
19,JAM2,brain_hypothalamus,brain_spinal_cord_cervical_c-1,0.44093147572873514,4.197102983001498,0.38448466077484483,0.04691323212865336,6.435294303940886e-05,1.087326407941902,0.4731066486650005,0.31645059893250316,0.24778347964394148,0.14756768446770943,0.09464731829832337,0.06812201756566158,0.04109817915102438
19,JAM2,brain_nucleus_accumbens_basal_ganglia,brain_putamen_basal_ganglia,0.5374138662692519,3.0774553848839146,0.4557211330546978,0.042536322051842,6.311473563514699e-05,1.571911348762586,0.6500133666499084,0.27266820453907015,0.21182512303648507,0.10976782414396014,0.07496099155319028,0.05606222110995264,0.03423720234615308
19,JAM2,brain_nucleus_accumbens_basal_ganglia,brain_spinal_cord_cervical_c-1,0.4469511395111877,3.5336954651626775,0.5175511229348746,0.06266728104958713,4.4752943916561797e-05,1.5451129687659488,0.5823417067109439,0.327039845674474,0.22310436861490096,0.14234529937119295,0.08133228347417266,0.06233911003833981,0.03880545285704592
19,JAM2,brain_putamen_basal_ganglia,brain_spinal_cord_cervical_c-1,0.41827012415024223,3.8314775931786036,0.48216479281080604,0.10795071354977208,7.298332446024855e-05,1.453111335899817,0.502323026650026,0.3124449503962544,0.23819924182859548,0.11828198369913648,0.07705181535748881,0.05997127993214908,0.03482819011882328
19,SH2D2A,brain_amygdala,brain_anterior_cingulate_cortex_ba24,0.7822000583905158,3.0500355001696398,0.7725846588426803,0.05585094421515611,1.82609720149264e-05,1.7040402045077638,0.4976815263372837,0.32326628479142194,0.26016928435093084,0.14489029008985638,0.07422208491505394,0.0439958262956825,0.02076211484093824
19,SH2D2A,brain_amygdala,brain_caudate_basal_ganglia,0.5464482137467962,3.5203797088941426,0.6266383494608615,0.047369558553337736,4.024023619951345e-05,1.2492845473235843,0.440056892623634,0.29714062606067027,0.2126087566148464,0.1423206390787988,0.07869970798146275,0.04233391743870852,0.02367909559135108
19,SH2D2A,brain_amygdala,brain_cerebellar_hemisphere,0.5285546300591747,4.1260737147757895,0.5415076004327204,0.06038558300538456,3.464404763962642e-05,1.0240791801371765,0.3660459098705487,0.2481537138897174,0.18197674736307715,0.1196812280480651,0.07224709561431422,0.04264578290973938,0.017981631157967942
19,SH2D2A,brain_amygdala,brain_cerebellum,0.4826914075954754,3.801098685592801,0.3748696794911206,0.06523516126834898,5.5605921029587166e-05,1.0094233103454093,0.37949596326182367,0.2241242293936776,0.16756665963663553,0.10767010821584681,0.0590252568781507,0.04304791614030964,0.01703365289346414
19,SH2D2A,brain_amygdala,brain_cortex,0.5389476135106273,3.966949989898917,0.5766414510483155,0.052313983373038365,3.707829430010997e-05,1.0888538681074633,0.39748352279921073,0.25756401904305426,0.17940460440054853,0.1203814465243701,0.06824128302780041,0.04026382135230852,0.02307228999157466
19,SH2D2A,brain_amygdala,brain_frontal_cortex_ba9,0.6147221386297508,4.041241068006707,0.694436023743599,0.053199850048575845,3.1067015576800306e-05,1.159692607352889,0.4229152094953729,0.3092858593203453,0.20983302986982943,0.12753673196502616,0.07271561229355218,0.042615609841328,0.02261493496488038
19,SH2D2A,brain_amygdala,brain_hypothalamus,0.6519115496072778,3.356295642164234,0.760477441310651,0.06219849298900605,2.4270192825676436e-05,1.5401567520746204,0.5722778226327868,0.3078931558797679,0.24423155608345773,0.1704382581107507,0.08825347268528919,0.04666038588613578,0.025610557489494024
19,SH2D2A,brain_amygdala,brain_nucleus_accumbens_basal_ganglia,0.5779178560588184,3.775062210331287,0.6147739674437587,0.06851718186598328,3.461088182813524e-05,1.2499098696268558,0.46488851536165515,0.3267139491407896,0.23867673180762047,0.1372072655406933,0.07676937178137935,0.047504067017786984,0.02490015774829124
19,SH2D2A,brain_amygdala,brain_putamen_basal_ganglia,0.49636606604798833,3.4996360697283193,0.5434310786177778,0.07497594138478861,4.173962637226283e-05,1.1802418077135164,0.4035218534332524,0.2699626369263707,0.20430849102228538,0.14516100452383857,0.06783986779883586,0.042096323117848986,0.02269021078925928
19,SH2D2A,brain_amygdala,brain_spinal_cord_cervical_c-1,0.4716906221996394,4.151872697202809,0.4406757982475639,0.31571713409775115,0.00011002041982880132,1.5434235275475245,0.5361634943626467,0.3496274652077008,0.26175835194296027,0.16453553989543984,0.08981608151338007,0.0550189856225012,0.028441565553042104
19,SH2D2A,brain_anterior_cingulate_cortex_ba24,brain_caudate_basal_ganglia,0.5940728856223182,3.585710827950861,0.5910996211733885,0.13140756955432886,4.093111895770811e-05,1.2440690876737606,0.40262902282495217,0.26671778739021423,0.1817686080383033,0.1398340261466174,0.0744913548844936,0.041570149607049724,0.02015665771238046
19,SH2D2A,brain_anterior_cingulate_cortex_ba24,brain_cerebellar_hemisphere,0.5890296122764327,4.114404615306251,0.545602276586804,0.02940436490256528,3.489488346005973e-05,0.9735948972779855,0.32240500685541584,0.2533773807166824,0.14801270649385087,0.1252816809326798,0.0674790149229333,0.04002480467686822,0.016110859995459782
19,SH2D2A,brain_anterior_cingulate_cortex_ba24,brain_cerebellum,0.5478245406203079,3.6311568790270976,0.5469476702794377,0.13941826686478018,8.604081171888012e-05,0.989115026554112,0.3496213132819282,0.20613869293001358,0.13842690860561824,0.0979782836557497,0.06309778966438159,0.03977702372840648,0.01475941008779402
19,SH2D2A,brain_anterior_cingulate_cortex_ba24,brain_cortex,0.700919154764151,3.4868181706232697,0.7316735955052835,0.11017163191997695,3.8670811145456285e-05,1.1858129920267801,0.4120150862269941,0.24827546806772713,0.15825080098615804,0.11374947836757317,0.06745233469719195,0.03912307185597544,0.0194973461109695
19,SH2D2A,brain_anterior_cingulate_cortex_ba24,brain_frontal_cortex_ba9,0.7830999011859623,3.593608163612905,0.8865955192857587,0.05706414058306007,2.0144400028549964e-05,1.240612937377621,0.4034729956207708,0.29437465095019855,0.17761566315756025,0.13588102574326028,0.06687360407716875,0.040249430436440095,0.01985082709271248
19,SH2D2A,brain_anterior_cingulate_cortex_ba24,brain_hypothalamus,0.6455039649416104,3.6891407355980235,0.6543745718349663,0.11572892221023272,3.269968087816046e-05,1.2829685541665266,0.46573354341043965,0.28633976778383574,0.22090930805232833,0.17001698855374855,0.08072479102023694,0.044546838937107244,0.022431123166530738
19,SH2D2A,brain_anterior_cingulate_cortex_ba24,brain_nucleus_accumbens_basal_ganglia,0.6593497300016538,3.527060828711621,0.7309012484779729,0.06842717169218278,1.9531835585418728e-05,1.3301240619067927,0.41458417417643556,0.2984709547106317,0.2064587456363424,0.1354718417722991,0.07432240705371068,0.04494363316055352,0.021210181644351102
19,SH2D2A,brain_anterior_cingulate_cortex_ba24,brain_putamen_basal_ganglia,0.5534195926245802,3.527304366381165,0.4800921916332932,0.15033198259094785,5.663000517921775e-05,1.2019432053372645,0.3750724863616867,0.2615787472815024,0.17905280962619613,0.14080887906050804,0.06505325850276791,0.04142442557603956,0.0197099853225818
19,SH2D2A,brain_anterior_cingulate_cortex_ba24,brain_spinal_cord_cervical_c-1,0.4837035445515722,4.234175846137771,0.396304041620294,0.5293945330496252,0.00012087007181882189,1.3938245540651646,0.4530659595612989,0.3101161792987563,0.2236251334850977,0.15870730772726144,0.08247595974166647,0.052041664276073665,0.024177802128727062
19,SH2D2A,brain_caudate_basal_ganglia,brain_cerebellar_hemisphere,0.5032395072216261,4.036398991189808,0.51095774517184,0.10732655452552264,7.397628490365577e-05,0.8368510121349562,0.3556800734047233,0.2482234820007923,0.1601165001840952,0.12446992228595458,0.07827061578882062,0.03802430728470918,0.01727122532942556
19,SH2D2A,brain_caudate_basal_ganglia,brain_cerebellum,0.5397187352744061,3.4926018439479107,0.4849891519464622,0.09265132688813478,6.036499599868703e-05,1.1560708372823998,0.3586192582266106,0.22298980657148756,0.1628403040177997,0.10202301873499431,0.06595878266318106,0.03784257451981712,0.015971190101749976
19,SH2D2A,brain_caudate_basal_ganglia,brain_cortex,0.546525381935831,3.828425343815892,0.6385643738595315,0.04801217394644387,3.6314350330450994e-05,1.1356417395736875,0.4083115443668811,0.23051491772493318,0.18248560242943745,0.11357029000234735,0.06445014852779288,0.040523737294205484,0.02159265578524664
19,SH2D2A,brain_caudate_basal_ganglia,brain_frontal_cortex_ba9,0.5914158736264843,3.8454668624812824,0.70079283797979,0.09520686116699122,2.8481366602199746e-05,1.1524953792946122,0.4203848221966101,0.21974563221391752,0.17903453184874535,0.1283513740591789,0.07313027095364097,0.04097558908673338,0.021191747667545342
19,SH2D2A,brain_caudate_basal_ganglia,brain_hypothalamus,0.6059125482176042,3.3710122156409867,0.6981132651904474,0.1319935057130351,4.269244589601328e-05,1.3790370531972065,0.4624678652490507,0.3266812352895444,0.22134988926840676,0.16766723743399176,0.09167872241330208,0.043361041484218724,0.023735123943641377
19,SH2D2A,brain_caudate_basal_ganglia,brain_nucleus_accumbens_basal_ganglia,0.7206147039156251,2.6800622098341815,0.7282370864124804,0.11657405710987971,7.225751874728278e-05,1.9865227275983677,0.44720972851567764,0.3048422818804891,0.2296481621369934,0.12102146901382034,0.08563143843510136,0.0418274758237123,0.02255705941285612
19,SH2D2A,brain_caudate_basal_ganglia,brain_putamen_basal_ganglia,0.8446821369191291,2.142187807981516,0.8101676230594291,0.07648468982416085,3.9248459811440016e-05,2.3117916206325466,0.438782728392359,0.2676766330625056,0.20339175416955252,0.1368053866540666,0.07485533117889465,0.038241872237441445,0.0201913148716102
19,SH2D2A,brain_caudate_basal_ganglia,brain_spinal_cord_cervical_c-1,0.4662015915995645,4.128750454226628,0.4139038296960068,0.3217177531706401,0.00019192261595887014,1.7500606446519484,0.49851324425519106,0.311187286086741,0.2255195732988236,0.15580015310922396,0.09596712864412801,0.04975349039654666,0.025612216547060855
19,SH2D2A,brain_cerebellar_hemisphere,brain_cerebellum,0.6666653985769703,3.1131602635075013,0.6262658571498375,0.09120587542188122,0.00011359999717897415,0.9132376940416662,0.4401571445542186,0.22518040741493542,0.13500846405833905,0.09227439388404399,0.06076091543388216,0.036760110330032944,0.013514847016908822
19,SH2D2A,brain_cerebellar_hemisphere,brain_cortex,0.5420450142217682,4.035079786844674,0.604938272611494,0.09173812902071492,4.41576800942562e-05,0.8219571650856123,0.3090991956999621,0.21574527368212326,0.13705574375722157,0.10246735991278441,0.0611900254407163,0.037585836511984674,0.01744365737930304
19,SH2D2A,brain_cerebellar_hemisphere,brain_frontal_cortex_ba9,0.5796229000805884,4.22522799494505,0.6536331982130569,0.07018573140218111,4.349285596312492e-05,0.8278637960999425,0.3207238140225569,0.21802930761501416,0.14669743074472086,0.11061260841834805,0.06329371913797963,0.040200308643943236,0.017212660078588023
19,SH2D2A,brain_cerebellar_hemisphere,brain_hypothalamus,0.5245662382830334,4.2073614327596935,0.5349621835237657,0.1189660629507209,5.583301666719106e-05,0.8433584506339737,0.412469502084888,0.2733724329586104,0.185782119059656,0.13193071292575462,0.07865082203005513,0.041462915854926716,0.01860053880381708
19,SH2D2A,brain_cerebellar_hemisphere,brain_nucleus_accumbens_basal_ganglia,0.4991620285635127,4.089476105693836,0.5071817892945768,0.0743737311976074,3.5052585012925366e-05,0.8352072101846675,0.35442335335540837,0.27337243012761514,0.1654601747556355,0.11902483943377307,0.07391804876232,0.040838755058845586,0.018345785008781017
19,SH2D2A,brain_cerebellar_hemisphere,brain_putamen_basal_ganglia,0.43549662394589533,4.215774709346343,0.38951476312478894,0.11098228968188092,7.162582907131284e-05,0.7510643383489826,0.3335125541934397,0.24457859690473382,0.1380866301166348,0.12094275042016123,0.06794540154082326,0.03771172063434338,0.016628590401700498
19,SH2D2A,brain_cerebellar_hemisphere,brain_spinal_cord_cervical_c-1,0.44658833201495646,4.072938127523682,0.3784033615480474,0.35929412534748983,0.00011028828479154977,1.0885500612823003,0.4459232342613781,0.28021034381570165,0.18914102591554016,0.1413419011677358,0.08635875825317765,0.0477260244227562,0.019623719537228322
19,SH2D2A,brain_cerebellum,brain_cortex,0.5474208746538625,3.5163756510241795,0.6814071132828293,0.06840061620436443,4.7221199377967865e-05,1.0045096909176194,0.3217970322345772,0.19099175490698483,0.15133613476357238,0.09108630097321306,0.0540995272420685,0.036482977038523365,0.016193075131580643
19,SH2D2A,brain_cerebellum,brain_frontal_cortex_ba9,0.5319014169093771,3.7631749364931095,0.5236647292427871,0.10276490029140481,7.516553788031744e-05,0.9094758239729416,0.3006420901490661,0.18549902227095377,0.14795662956465785,0.09014072206087029,0.05959827308535156,0.03966963299248416,0.0156164016152996
19,SH2D2A,brain_cerebellum,brain_hypothalamus,0.5287943169984708,3.6599284964615775,0.5236296371176196,0.12221309256614125,0.00011095452966975103,1.1277822068716659,0.44929414968952636,0.22138076771539922,0.169832366190457,0.11098019496399222,0.07254333039428776,0.040227663658699384,0.016878397859850618
19,SH2D2A,brain_cerebellum,brain_nucleus_accumbens_basal_ganglia,0.554612820212369,3.287861351619907,0.5085318717413202,0.1481403764225377,8.508036673734171e-05,1.3626872442767997,0.3470345074996447,0.23321091980503206,0.17036232673809606,0.09737590307576029,0.06301454659874478,0.04176156339061075,0.01662830614264898
19,SH2D2A,brain_cerebellum,brain_putamen_basal_ganglia,0.47806304126493127,3.6490507761581092,0.4328723241201501,0.06721183436828657,6.290081960937043e-05,1.1717148187542838,0.32420250914079435,0.21388072470744604,0.16257806798747992,0.09844280011053749,0.0558971559735141,0.03766692292091274,0.01539056241207076
19,SH2D2A,brain_cerebellum,brain_spinal_cord_cervical_c-1,0.44571816463503805,3.560417451052639,0.34987296697091375,0.28133458759427976,7.967398978446027e-05,1.1655367357085107,0.4808730660331307,0.23570835756288303,0.18498616994719846,0.1083443319244255,0.07254925745836942,0.04920063020612856,0.01813385358367918
19,SH2D2A,brain_cortex,brain_frontal_cortex_ba9,0.8228129453510882,3.179007359108684,0.8662336457826102,0.07405966849405358,3.9663388728646714e-05,1.1506784874918174,0.5060215067205649,0.24765642776699986,0.16257573657587948,0.1036330230365047,0.06400190739334635,0.03887541529018328,0.02030017024052418
19,SH2D2A,brain_cortex,brain_hypothalamus,0.5480217699005564,4.095021514330289,0.5784072141928946,0.09634344110662162,4.960008275633415e-05,1.1100053732949222,0.43903844374537543,0.2665298455959197,0.18914281004982086,0.1273949714190472,0.07584063577456608,0.0417069199291707,0.02341803391544792
19,SH2D2A,brain_cortex,brain_nucleus_accumbens_basal_ganglia,0.5402187419275791,3.8859555668141668,0.5099038773590365,0.05022174375831749,3.438485334512948e-05,1.1224443497646213,0.3908860391576409,0.26726374053272406,0.19223689943919908,0.10299512807830324,0.06713825217989555,0.04160280850977542,0.02275220474887362
19,SH2D2A,brain_cortex,brain_putamen_basal_ganglia,0.5389374906978601,3.7766293407753375,0.47094622843421724,0.04436115661604874,2.134980884775794e-05,1.251557805804533,0.39026801762309205,0.2461588713258786,0.1855880549283577,0.1097180649087279,0.05453208591517,0.0404074260229497,0.020850065196256977
19,SH2D2A,brain_cortex,brain_spinal_cord_cervical_c-1,0.44521701489682525,3.722141748231767,0.36992697127958796,0.16800259332045725,9.796000380895122e-05,1.1217553998962662,0.49694054504583896,0.2416641359431404,0.21268370160884573,0.12319565341741608,0.07554879756365868,0.04972107922983152,0.025391176967762857
19,SH2D2A,brain_frontal_cortex_ba9,brain_hypothalamus,0.6111009400268934,4.203752841786308,0.6725502991700688,0.061565614515926514,3.4870312067457396e-05,1.2432220424839668,0.43874688688208596,0.28355018484815864,0.20987852434504878,0.15293174589986647,0.07798276474787544,0.04376089740991002,0.0236409463061962
19,SH2D2A,brain_frontal_cortex_ba9,brain_nucleus_accumbens_basal_ganglia,0.5999653371612721,3.898947500666819,0.6151218130558765,0.04124749637626187,1.9970006002319132e-05,1.1175134276820624,0.4156995635949238,0.2611285133115403,0.1883965510064045,0.11571840986923627,0.07483571267780079,0.043826398997070797,0.022351143893690882
19,SH2D2A,brain_frontal_cortex_ba9,brain_putamen_basal_ganglia,0.5707166094507666,3.7545543204191,0.5595297862590071,0.12895158613174867,4.98602664543227e-05,1.2219335145815022,0.41701448980951766,0.2437945466252535,0.17409895823630034,0.11817400352908156,0.06338348495982277,0.04045619080990824,0.02053478222768592
19,SH2D2A,brain_frontal_cortex_ba9,brain_spinal_cord_cervical_c-1,0.4589475376811539,4.128187504149602,0.3345553227105026,0.298171502708077,0.00013523482266981812,1.1206032509808506,0.453087030903058,0.2631054505251415,0.2279488863974332,0.13649268830678082,0.07837465814762824,0.051425044200976336,0.025142686489784537
19,SH2D2A,brain_hypothalamus,brain_nucleus_accumbens_basal_ganglia,0.6520774572635644,3.4431957098233164,0.6454682182635663,0.09905884044979815,3.328499580241667e-05,1.611914899740493,0.5272295864455516,0.3158476007437051,0.23934660251925907,0.15000819511554392,0.09198569634351551,0.04782866065659423,0.024874947932437018
19,SH2D2A,brain_hypothalamus,brain_putamen_basal_ganglia,0.5310003415193988,3.5215955418965463,0.526576018994394,0.08775430109300111,4.333560285595456e-05,1.2894352667568003,0.4594601762183962,0.280527419294149,0.20139953706630193,0.16386729661501362,0.07762417805766858,0.043032687527209915,0.02287710122463476
19,SH2D2A,brain_hypothalamus,brain_spinal_cord_cervical_c-1,0.4862364094738273,4.0249133050020465,0.4491266571664993,0.2172728500509183,0.00015106525803308376,1.4453986373448815,0.5894480304326799,0.339208267120701,0.24295129934581078,0.1826039443664377,0.10024465921872142,0.056431337166681216,0.029430127471575463
19,SH2D2A,brain_nucleus_accumbens_basal_ganglia,brain_putamen_basal_ganglia,0.6262990407905208,2.836088891606353,0.5868468773441596,0.09907715757672715,6.250097308698697e-05,1.974757728238508,0.42386586135997717,0.26984878446212873,0.22319174860326535,0.1266207716766699,0.07170006836767108,0.041602530599935884,0.021562437866921042
19,SH2D2A,brain_nucleus_accumbens_basal_ganglia,brain_spinal_cord_cervical_c-1,0.4552072789079037,4.134247813829739,0.411369329504722,0.3174397587556633,0.0001246446295820428,1.5471565671388612,0.48118428637002103,0.3241583088033474,0.2545093900787083,0.1434438845297057,0.09276790751810939,0.05691161549852326,0.02725322570837656
19,SH2D2A,brain_putamen_basal_ganglia,brain_spinal_cord_cervical_c-1,0.429767061953771,4.165754983352627,0.37825108948019054,0.19595254205789445,0.00012107767563551727,1.6817113270577455,0.4406712769199471,0.2862586114104005,0.23708338743687754,0.14427905188467957,0.08351559106242601,0.049852950103787,0.024363446254846162
